Symbol,Type,Quantity,Price,Value,Fees,Date
XRP,Buy,387.486218,€0.26,€100.00,€0.00,"Feb 21, 2020, 9:00:16 AM"
XRP,Buy,138.038012,€0.19,€25.54,€0.00,"Mar 11, 2020, 5:17:41 PM"
XRP,Sell,525.52423,€0.20,€102.57,€0.00,"Apr 29, 2020, 12:06:08 PM"
LTC,Buy,2.26448381,€44.16,€100.00,€0.00,"Apr 30, 2020, 12:19:14 PM"
LTC,Sell,2.26448381,€41.98,€95.07,€0.00,"May 4, 2020, 3:32:48 PM"
LTC,Buy,2.50243781,€39.96,€100.00,€0.00,"May 10, 2020, 11:51:30 AM"
LTC,Sell,2.50243781,€42.03,€105.16,€0.00,"May 18, 2020, 6:10:49 AM"
BTC,Buy,0.01157867,"€8,636.57",€100.00,€0.00,"May 24, 2020, 10:50:22 AM"
BTC,Payment,0.00003585,"36,266.90 PLN",1.30 PLN,0.00 PLN,"Jun 14, 2020, 2:08:48 AM"
BTC,Payment,0.00156429,"€8,150.69",€12.75,€0.00,"Jun 15, 2020, 4:28:55 AM"
BTC,Payment,0.00654002,"€8,139.12",€53.23,€0.00,"Jun 16, 2020, 3:23:49 AM"
BTC,Sell,0.00343851,"€8,947.13",€30.76,€0.00,"Jul 27, 2020, 7:20:34 PM"
XRP,Buy,370.64858,€0.27,€100.00,€2.49,"Jan 30, 2021, 2:43:09 PM"
XRP,Sell,361.382368,€0.33,€117.85,€2.95,"Jan 30, 2021, 9:19:25 PM"
BTC,Buy,0.00002069,"€48,314.45",€1.00,€0.01,"May 3, 2021, 8:49:07 AM"
XRP,Buy,0.745135,€1.34,€1.00,€0.01,"May 3, 2021, 8:49:36 AM"
LTC,Buy,0.00434787,€230.00,€1.00,€0.01,"May 3, 2021, 8:49:57 AM"
ETH,Buy,0.00038904,"€2,570.39",€1.00,€0.01,"May 3, 2021, 8:50:14 AM"
XLM,Buy,2.1113834,€0.47,€1.00,€0.01,"May 3, 2021, 8:50:37 AM"
ETH,Buy,0.00035759,"€2,796.45",€1.00,€0.01,"May 4, 2021, 9:26:19 AM"
BTC,Buy,0.00002138,"€46,763.94",€1.00,€0.01,"May 4, 2021, 9:30:51 AM"
XRP,Buy,0.806554,€1.24,€1.00,€0.01,"May 4, 2021, 9:36:54 AM"
XLM,Buy,2.2634015,€0.44,€1.00,€0.01,"May 4, 2021, 9:37:24 AM"
LTC,Buy,0.00421386,€237.31,€1.00,€0.02,"May 4, 2021, 9:42:55 AM"
ETH,Buy,0.00036416,"€2,745.98",€1.00,€0.01,"May 5, 2021, 9:27:31 AM"
BTC,Buy,0.00002194,"€45,572.00",€1.00,€0.01,"May 5, 2021, 9:32:20 AM"
XRP,Buy,0.834055,€1.20,€1.00,€0.01,"May 5, 2021, 9:39:26 AM"
XLM,Buy,2.2392192,€0.45,€1.00,€0.01,"May 5, 2021, 9:40:05 AM"
LTC,Buy,0.00364525,€274.33,€1.00,€0.01,"May 5, 2021, 9:46:14 AM"
ETH,Buy,0.00034799,"€2,873.58",€1.00,€0.01,"May 7, 2021, 9:33:31 AM"
BTC,Buy,0.00002152,"€46,448.16",€1.00,€0.01,"May 7, 2021, 9:37:51 AM"
XRP,Buy,0.757571,€1.32,€1.00,€0.01,"May 7, 2021, 9:43:29 AM"
XLM,Buy,1.889709,€0.53,€1.00,€0.01,"May 7, 2021, 9:43:55 AM"
LTC,Buy,0.00331324,€301.82,€1.00,€0.01,"May 7, 2021, 9:48:48 AM"
ETH,Buy,0.00034402,"€2,906.81",€1.00,€0.02,"May 8, 2021, 9:24:11 AM"
BTC,Buy,0.00002091,"€47,824.01",€1.00,€0.02,"May 8, 2021, 9:28:04 AM"
XRP,Buy,0.758437,€1.32,€1.00,€0.01,"May 8, 2021, 9:33:21 AM"
XLM,Buy,1.9345502,€0.52,€1.00,€0.01,"May 8, 2021, 9:33:48 AM"
LTC,Buy,0.00351071,€284.84,€1.00,€0.02,"May 8, 2021, 9:39:01 AM"
ETH,Buy,0.00030622,"€3,265.63",€1.00,€0.02,"May 9, 2021, 9:26:52 AM"
BTC,Buy,0.00002092,"€47,801.15",€1.00,€0.02,"May 9, 2021, 9:30:21 AM"
XRP,Buy,0.804247,€1.24,€1.00,€0.01,"May 9, 2021, 9:35:29 AM"
XLM,Buy,2.0185632,€0.50,€1.00,€0.02,"May 9, 2021, 9:35:55 AM"
LTC,Buy,0.0035016,€285.58,€1.00,€0.02,"May 9, 2021, 9:40:48 AM"
ETH,Buy,0.00029425,"€3,398.47",€1.00,€0.02,"May 10, 2021, 9:33:29 AM"
BTC,Buy,0.00002061,"€48,513.07",€1.00,€0.01,"May 10, 2021, 9:38:51 AM"
XRP,Buy,0.748594,€1.34,€1.00,€0.01,"May 10, 2021, 9:56:27 AM"
XLM,Buy,1.6857712,€0.59,€1.00,€0.01,"May 10, 2021, 9:57:19 AM"
LTC,Buy,0.00304742,€328.15,€1.00,€0.02,"May 10, 2021, 10:05:35 AM"
ETH,Buy,0.0003084,"€3,242.50",€1.00,€0.01,"May 11, 2021, 9:29:58 AM"
BTC,Buy,0.00002178,"€45,913.68",€1.00,€0.02,"May 11, 2021, 9:35:09 AM"
XRP,Buy,0.843572,€1.19,€1.00,€0.01,"May 11, 2021, 9:42:19 AM"
XLM,Buy,1.8828653,€0.53,€1.00,€0.01,"May 11, 2021, 9:42:54 AM"
LTC,Buy,0.0033403,€299.37,€1.00,€0.02,"May 11, 2021, 9:49:13 AM"
ETH,Buy,0.00028014,"€3,569.58",€1.00,€0.01,"May 12, 2021, 9:25:38 AM"
BTC,Buy,0.00002116,"€47,239.22",€1.00,€0.01,"May 12, 2021, 9:29:40 AM"
XRP,Buy,0.812738,€1.23,€1.00,€0.01,"May 12, 2021, 9:35:13 AM"
XLM,Buy,1.7496643,€0.57,€1.00,€0.01,"May 12, 2021, 9:35:40 AM"
LTC,Buy,0.00317222,€315.24,€1.00,€0.02,"May 12, 2021, 9:40:36 AM"
ETH,Buy,0.00031259,"€3,198.98",€1.00,€0.01,"May 13, 2021, 6:22:59 PM"
XLM,Buy,1.9614551,€0.51,€1.00,€0.01,"May 13, 2021, 6:23:10 PM"
LTC,Buy,0.00375969,€265.98,€1.00,€0.02,"May 13, 2021, 6:23:23 PM"
BTC,Buy,0.00002402,"€41,628.51",€1.00,€0.01,"May 13, 2021, 6:23:37 PM"
XRP,Buy,0.904551,€1.11,€1.00,€0.01,"May 13, 2021, 6:23:53 PM"
ETH,Buy,0.00031262,"€3,198.73",€1.00,€0.01,"May 14, 2021, 9:25:04 AM"
BTC,Buy,0.00002421,"€41,305.25",€1.00,€0.03,"May 14, 2021, 9:29:08 AM"
XRP,Buy,0.887855,€1.13,€1.00,€0.01,"May 14, 2021, 9:34:22 AM"
XLM,Buy,1.7758032,€0.56,€1.00,€0.01,"May 14, 2021, 9:34:50 AM"
LTC,Buy,0.00376693,€265.47,€1.00,€0.01,"May 14, 2021, 9:40:13 AM"
ETH,Buy,0.00030817,"€3,244.89",€1.00,€0.01,"May 15, 2021, 9:27:42 AM"
BTC,Buy,0.00002481,"€40,304.05",€1.00,€0.01,"May 15, 2021, 9:31:08 AM"
XRP,Buy,0.888907,€1.12,€1.00,€0.01,"May 15, 2021, 9:35:37 AM"
XLM,Buy,1.8099003,€0.55,€1.00,€0.01,"May 15, 2021, 9:36:00 AM"
LTC,Buy,0.00383743,€260.59,€1.00,€0.01,"May 15, 2021, 9:40:06 AM"
ETH,Buy,0.00031469,"€3,177.67",€1.00,€0.01,"May 16, 2021, 9:23:49 AM"
BTC,Buy,0.00002479,"€40,323.72",€1.00,€0.01,"May 16, 2021, 9:27:17 AM"
XRP,Buy,0.774728,€1.29,€1.00,€0.01,"May 16, 2021, 9:31:46 AM"
XLM,Buy,1.6155616,€0.62,€1.00,€0.01,"May 16, 2021, 9:32:08 AM"
LTC,Buy,0.00387272,€258.22,€1.00,€0.01,"May 16, 2021, 9:36:19 AM"
ETH,Buy,0.00034911,"€2,864.39",€1.00,€0.01,"May 17, 2021, 9:23:36 AM"
BTC,Buy,0.00002708,"€36,921.08",€1.00,€0.01,"May 17, 2021, 9:27:43 AM"
XRP,Buy,0.852599,€1.17,€1.00,€0.01,"May 17, 2021, 9:33:51 AM"
XLM,Buy,1.7989153,€0.56,€1.00,€0.01,"May 17, 2021, 9:34:24 AM"
LTC,Buy,0.00424424,€235.61,€1.00,€0.01,"May 17, 2021, 9:39:33 AM"
ETH,Buy,0.00034904,"€2,864.93",€1.00,€0.01,"May 18, 2021, 9:33:21 AM"
BTC,Buy,0.00002693,"€37,133.31",€1.00,€0.03,"May 18, 2021, 9:38:07 AM"
XRP,Buy,0.801357,€1.25,€1.00,€0.01,"May 18, 2021, 9:44:30 AM"
XLM,Buy,1.8516658,€0.54,€1.00,€0.01,"May 18, 2021, 9:45:03 AM"
LTC,Buy,0.0040098,€249.39,€1.00,€0.01,"May 18, 2021, 9:50:43 AM"
ETH,Buy,0.00041913,"€2,385.87",€1.00,€0.01,"May 19, 2021, 9:26:17 AM"
BTC,Buy,0.00003082,"€32,436.07",€1.00,€0.01,"May 19, 2021, 9:30:49 AM"
XRP,Buy,0.843047,€1.19,€1.00,€0.01,"May 19, 2021, 9:36:56 AM"
XLM,Buy,2.1392566,€0.47,€1.00,€0.01,"May 19, 2021, 9:37:28 AM"
LTC,Buy,0.00452978,€220.76,€1.00,€0.01,"May 19, 2021, 9:43:27 AM"
ETH,Buy,0.0004426,"€2,259.38",€1.00,€0.03,"May 20, 2021, 9:30:54 AM"
BTC,Buy,0.00003005,"€33,273.22",€1.00,€0.01,"May 20, 2021, 9:36:09 AM"
XRP,Buy,0.991813,€1.01,€1.00,€0.01,"May 20, 2021, 9:42:56 AM"
XLM,Buy,2.4418813,€0.41,€1.00,€0.01,"May 20, 2021, 9:43:30 AM"
LTC,Buy,0.00573421,€174.39,€1.00,€0.03,"May 20, 2021, 9:49:22 AM"
ETH,Buy,0.0004498,"€2,223.19",€1.00,€0.01,"May 21, 2021, 9:26:50 AM"
BTC,Buy,0.00003069,"€32,576.47",€1.00,€0.01,"May 21, 2021, 9:31:18 AM"
XRP,Buy,1.08385,€0.92,€1.00,€0.01,"May 21, 2021, 9:37:36 AM"
XLM,Buy,2.5800353,€0.39,€1.00,€0.01,"May 21, 2021, 9:38:11 AM"
LTC,Buy,0.00602275,€166.04,€1.00,€0.01,"May 21, 2021, 9:43:41 AM"
ETH,Buy,0.00054864,"€1,822.66",€1.00,€0.01,"May 22, 2021, 9:25:38 AM"
BTC,Buy,0.00003358,"€29,779.28",€1.00,€0.01,"May 22, 2021, 9:29:21 AM"
XRP,Buy,1.371978,€0.73,€1.00,€0.01,"May 22, 2021, 9:34:54 AM"
XLM,Buy,3.17064,€0.32,€1.00,€0.01,"May 22, 2021, 9:35:23 AM"
LTC,Buy,0.00738708,€135.37,€1.00,€0.01,"May 22, 2021, 9:40:34 AM"
ETH,Buy,0.00055861,"€1,790.13",€1.00,€0.01,"May 23, 2021, 9:29:44 AM"
BTC,Buy,0.00003356,"€29,790.01",€1.00,€0.01,"May 23, 2021, 9:33:23 AM"
XRP,Buy,1.362454,€0.73,€1.00,€0.01,"May 23, 2021, 9:38:17 AM"
XLM,Buy,3.2644026,€0.31,€1.00,€0.01,"May 23, 2021, 9:38:42 AM"
LTC,Buy,0.00756929,€132.11,€1.00,€0.01,"May 23, 2021, 9:43:08 AM"
ETH,Buy,0.00054206,"€1,844.80",€1.00,€0.01,"May 24, 2021, 9:35:40 AM"
BTC,Buy,0.00003321,"€30,111.41",€1.00,€0.03,"May 24, 2021, 9:40:51 AM"
XRP,Buy,1.423714,€0.70,€1.00,€0.01,"May 24, 2021, 9:47:25 AM"
XLM,Buy,2.8403243,€0.35,€1.00,€0.01,"May 24, 2021, 9:48:06 AM"
LTC,Buy,0.00746397,€133.98,€1.00,€0.01,"May 24, 2021, 9:54:34 AM"
ETH,Buy,0.00046303,"€2,159.67",€1.00,€0.01,"May 25, 2021, 9:31:32 AM"
BTC,Buy,0.00003152,"€31,716.83",€1.00,€0.01,"May 25, 2021, 9:36:16 AM"
XRP,Buy,1.210493,€0.83,€1.00,€0.01,"May 25, 2021, 9:42:37 AM"
XLM,Buy,2.7233031,€0.37,€1.00,€0.01,"May 25, 2021, 9:43:15 AM"
LTC,Buy,0.00659312,€151.67,€1.00,€0.03,"May 25, 2021, 9:49:13 AM"
ETH,Buy,0.00042531,"€2,351.23",€1.00,€0.02,"May 26, 2021, 9:31:14 AM"
BTC,Buy,0.00003025,"€33,057.85",€1.00,€0.02,"May 26, 2021, 9:35:15 AM"
XRP,Buy,1.161073,€0.86,€1.00,€0.01,"May 26, 2021, 9:41:12 AM"
XLM,Buy,2.6131153,€0.38,€1.00,€0.01,"May 26, 2021, 9:41:46 AM"
LTC,Buy,0.00607651,€164.57,€1.00,€0.01,"May 26, 2021, 9:47:42 AM"
ETH,Buy,0.00044602,"€2,242.01",€1.00,€0.01,"May 27, 2021, 9:29:38 AM"
BTC,Buy,0.00003178,"€31,465.34",€1.00,€0.01,"May 27, 2021, 9:33:40 AM"
XRP,Buy,1.227991,€0.81,€1.00,€0.01,"May 27, 2021, 9:39:43 AM"
XLM,Buy,2.8488231,€0.35,€1.00,€0.02,"May 27, 2021, 9:40:16 AM"
LTC,Buy,0.00643283,€155.45,€1.00,€0.01,"May 27, 2021, 9:45:34 AM"
ETH,Buy,0.00047575,"€2,101.93",€1.00,€0.01,"May 28, 2021, 9:36:52 AM"
BTC,Buy,0.00003315,"€30,160.41",€1.00,€0.01,"May 28, 2021, 9:42:15 AM"
XRP,Buy,1.365074,€0.73,€1.00,€0.01,"May 28, 2021, 9:49:21 AM"
XLM,Buy,3.1094843,€0.32,€1.00,€0.02,"May 28, 2021, 9:50:00 AM"
LTC,Buy,0.00670794,€149.08,€1.00,€0.01,"May 28, 2021, 9:56:23 AM"
ETH,Buy,0.00048431,"€2,064.79",€1.00,€0.02,"May 29, 2021, 9:32:00 AM"
BTC,Buy,0.00003343,"€29,913.25",€1.00,€0.02,"May 29, 2021, 9:35:42 AM"
XRP,Buy,1.347697,€0.74,€1.00,€0.01,"May 29, 2021, 9:40:48 AM"
XLM,Buy,3.1599686,€0.32,€1.00,€0.01,"May 29, 2021, 9:41:19 AM"
LTC,Buy,0.0067478,€148.20,€1.00,€0.02,"May 29, 2021, 9:46:31 AM"
ETH,Buy,0.0005038,"€1,984.91",€1.00,€0.02,"May 30, 2021, 9:27:24 AM"
BTC,Buy,0.00003399,"€29,420.42",€1.00,€0.02,"May 30, 2021, 9:31:06 AM"
XRP,Buy,1.382176,€0.72,€1.00,€0.01,"May 30, 2021, 9:36:12 AM"
XLM,Buy,3.0699744,€0.33,€1.00,€0.01,"May 30, 2021, 9:36:40 AM"
LTC,Buy,0.00686079,€145.76,€1.00,€0.02,"May 30, 2021, 9:42:01 AM"
ETH,Buy,0.00049836,"€2,006.55",€1.00,€0.01,"May 31, 2021, 9:40:23 AM"
BTC,Buy,0.00003397,"€29,433.75",€1.00,€0.01,"May 31, 2021, 9:45:11 AM"
XRP,Buy,1.215585,€0.82,€1.00,€0.01,"May 31, 2021, 9:51:54 AM"
XLM,Buy,3.1063059,€0.32,€1.00,€0.01,"May 31, 2021, 9:52:35 AM"
LTC,Buy,0.00699507,€142.96,€1.00,€0.02,"May 31, 2021, 9:59:15 AM"
ETH,Buy,0.0004629,"€2,160.27",€1.00,€0.01,"Jun 1, 2021, 9:30:05 AM"
BTC,Buy,0.00003327,"€30,057.11",€1.00,€0.02,"Jun 1, 2021, 9:34:12 AM"
XRP,Buy,1.168968,€0.86,€1.00,€0.01,"Jun 1, 2021, 9:40:07 AM"
XLM,Buy,3.0569709,€0.33,€1.00,€0.01,"Jun 1, 2021, 9:40:42 AM"
LTC,Buy,0.00667229,€149.87,€1.00,€0.01,"Jun 1, 2021, 9:46:33 AM"
ETH,Buy,0.00045719,"€2,187.26",€1.00,€0.01,"Jun 2, 2021, 9:28:10 AM"
BTC,Buy,0.00003276,"€30,524.10",€1.00,€0.01,"Jun 2, 2021, 9:31:59 AM"
XRP,Buy,1.187678,€0.84,€1.00,€0.01,"Jun 2, 2021, 9:36:53 AM"
XLM,Buy,2.8894489,€0.35,€1.00,€0.01,"Jun 2, 2021, 9:37:20 AM"
LTC,Buy,0.00656777,€152.26,€1.00,€0.01,"Jun 2, 2021, 9:41:47 AM"
ETH,Buy,0.00043194,"€2,315.13",€1.00,€0.01,"Jun 3, 2021, 9:21:35 AM"
BTC,Buy,0.00003156,"€31,676.95",€1.00,€0.01,"Jun 3, 2021, 9:24:56 AM"
XRP,Buy,1.179052,€0.85,€1.00,€0.01,"Jun 3, 2021, 9:29:36 AM"
XLM,Buy,2.8750153,€0.35,€1.00,€0.01,"Jun 3, 2021, 9:30:05 AM"
LTC,Buy,0.00637738,€156.80,€1.00,€0.01,"Jun 3, 2021, 9:35:37 AM"
ETH,Buy,0.00046165,"€2,166.11",€1.00,€0.01,"Jun 4, 2021, 9:31:54 AM"
BTC,Buy,0.00003302,"€30,277.43",€1.00,€0.01,"Jun 4, 2021, 9:36:42 AM"
XRP,Buy,1.278088,€0.78,€1.00,€0.01,"Jun 4, 2021, 9:43:41 AM"
XLM,Buy,3.1534848,€0.32,€1.00,€0.01,"Jun 4, 2021, 9:44:20 AM"
LTC,Buy,0.00694765,€143.93,€1.00,€0.01,"Jun 4, 2021, 9:50:50 AM"
ETH,Buy,0.00043257,"€2,311.76",€1.00,€0.03,"Jun 5, 2021, 9:26:55 AM"
BTC,Buy,0.0000321,"€31,152.65",€1.00,€0.03,"Jun 5, 2021, 9:30:38 AM"
XRP,Buy,1.222433,€0.82,€1.00,€0.01,"Jun 5, 2021, 9:35:34 AM"
XLM,Buy,3.021744,€0.33,€1.00,€0.03,"Jun 5, 2021, 9:36:02 AM"
LTC,Buy,0.00658871,€151.77,€1.00,€0.03,"Jun 5, 2021, 9:40:34 AM"
ETH,Buy,0.00045431,"€2,201.14",€1.00,€0.03,"Jun 6, 2021, 9:27:09 AM"
BTC,Buy,0.00003381,"€29,577.05",€1.00,€0.03,"Jun 6, 2021, 9:30:25 AM"
XRP,Buy,1.292064,€0.77,€1.00,€0.01,"Jun 6, 2021, 9:34:54 AM"
XLM,Buy,3.1732394,€0.32,€1.00,€0.03,"Jun 6, 2021, 9:35:17 AM"
LTC,Buy,0.00680243,€147.01,€1.00,€0.03,"Jun 6, 2021, 9:39:29 AM"
ETH,Buy,0.00044013,"€2,272.05",€1.00,€0.01,"Jun 7, 2021, 9:27:41 AM"
BTC,Buy,0.00003361,"€29,749.16",€1.00,€0.01,"Jun 7, 2021, 9:32:21 AM"
XRP,Buy,1.271638,€0.79,€1.00,€0.01,"Jun 7, 2021, 9:38:10 AM"
XLM,Buy,3.1649919,€0.32,€1.00,€0.01,"Jun 7, 2021, 9:38:44 AM"
LTC,Buy,0.00682386,€146.54,€1.00,€0.03,"Jun 7, 2021, 9:44:10 AM"
ETH,Buy,0.00048336,"€2,068.83",€1.00,€0.01,"Jun 8, 2021, 9:26:29 AM"
BTC,Buy,0.0000367,"€27,247.96",€1.00,€0.03,"Jun 8, 2021, 9:30:26 AM"
XRP,Buy,1.410449,€0.71,€1.00,€0.01,"Jun 8, 2021, 9:35:53 AM"
XLM,Buy,3.5764871,€0.28,€1.00,€0.01,"Jun 8, 2021, 9:36:25 AM"
LTC,Buy,0.00767695,€130.26,€1.00,€0.01,"Jun 8, 2021, 9:41:54 AM"
DOGE,Buy,3.71674852,€0.27,€1.00,€0.01,"Jun 8, 2021, 2:45:03 PM"
DOGE,Buy,3.72278208,€0.27,€1.00,€0.03,"Jun 9, 2021, 9:22:15 AM"
ETH,Buy,0.00048342,"€2,068.56",€1.00,€0.01,"Jun 9, 2021, 9:26:37 AM"
BTC,Buy,0.00003557,"€28,111.21",€1.00,€0.01,"Jun 9, 2021, 9:31:06 AM"
XRP,Buy,1.395885,€0.72,€1.00,€0.01,"Jun 9, 2021, 9:37:35 AM"
XLM,Buy,3.5254722,€0.28,€1.00,€0.01,"Jun 9, 2021, 9:38:10 AM"
LTC,Buy,0.00755522,€132.36,€1.00,€0.01,"Jun 9, 2021, 9:43:34 AM"
DOGE,Buy,3.62272446,€0.28,€1.00,€0.01,"Jun 10, 2021, 9:17:20 AM"
ETH,Buy,0.00047694,"€2,096.70",€1.00,€0.03,"Jun 10, 2021, 9:20:55 AM"
BTC,Buy,0.00003294,"€30,358.23",€1.00,€0.03,"Jun 10, 2021, 9:24:17 AM"
XRP,Buy,1.366776,€0.73,€1.00,€0.01,"Jun 10, 2021, 9:28:50 AM"
XLM,Buy,3.435743,€0.29,€1.00,€0.03,"Jun 10, 2021, 9:29:14 AM"
LTC,Buy,0.00721642,€138.57,€1.00,€0.01,"Jun 10, 2021, 9:33:14 AM"
DOGE,Buy,3.78516964,€0.26,€1.00,€0.03,"Jun 11, 2021, 9:25:44 AM"
ETH,Buy,0.00049939,"€2,002.43",€1.00,€0.01,"Jun 11, 2021, 9:29:03 AM"
BTC,Buy,0.00003277,"€30,513.85",€1.00,€0.01,"Jun 11, 2021, 9:32:14 AM"
XRP,Buy,1.401817,€0.71,€1.00,€0.01,"Jun 11, 2021, 9:36:40 AM"
XLM,Buy,3.6103362,€0.28,€1.00,€0.01,"Jun 11, 2021, 9:37:04 AM"
LTC,Buy,0.00709803,€140.88,€1.00,€0.01,"Jun 11, 2021, 9:41:18 AM"
DOGE,Buy,3.9162176,€0.26,€1.00,€0.01,"Jun 12, 2021, 9:21:42 AM"
ETH,Buy,0.00052211,"€1,915.29",€1.00,€0.01,"Jun 12, 2021, 9:24:38 AM"
BTC,Buy,0.0000342,"€29,233.70",€1.00,€0.01,"Jun 12, 2021, 9:27:24 AM"
XRP,Buy,1.475291,€0.68,€1.00,€0.01,"Jun 12, 2021, 9:31:01 AM"
XLM,Buy,3.8755277,€0.26,€1.00,€0.01,"Jun 12, 2021, 9:31:20 AM"
LTC,Buy,0.00768264,€130.16,€1.00,€0.01,"Jun 12, 2021, 9:34:36 AM"
DOGE,Buy,3.89732983,€0.26,€1.00,€0.01,"Jun 13, 2021, 9:21:34 AM"
ETH,Buy,0.00051786,"€1,931.01",€1.00,€0.01,"Jun 13, 2021, 9:24:25 AM"
BTC,Buy,0.00003421,"€29,223.36",€1.00,€0.01,"Jun 13, 2021, 9:27:07 AM"
XRP,Buy,1.465503,€0.68,€1.00,€0.01,"Jun 13, 2021, 9:30:40 AM"
XLM,Buy,3.8337271,€0.26,€1.00,€0.01,"Jun 13, 2021, 9:31:00 AM"
LTC,Buy,0.00760339,€131.52,€1.00,€0.01,"Jun 13, 2021, 9:34:21 AM"
DOGE,Buy,3.72504075,€0.27,€1.00,€0.01,"Jun 14, 2021, 9:22:17 AM"
ETH,Buy,0.00048403,"€2,065.99",€1.00,€0.03,"Jun 14, 2021, 9:25:23 AM"
BTC,Buy,0.0000305,"€32,785.70",€1.00,€0.01,"Jun 14, 2021, 9:28:31 AM"
XRP,Buy,1.377589,€0.73,€1.00,€0.01,"Jun 14, 2021, 9:33:08 AM"
XLM,Buy,3.5760454,€0.28,€1.00,€0.03,"Jun 14, 2021, 9:33:35 AM"
LTC,Buy,0.00714782,€139.90,€1.00,€0.01,"Jun 14, 2021, 9:38:07 AM"
DOGE,Buy,3.71081603,€0.27,€1.00,€0.01,"Jun 15, 2021, 9:19:02 AM"
ETH,Buy,0.00046509,"€2,150.09",€1.00,€0.01,"Jun 15, 2021, 9:23:00 AM"
BTC,Buy,0.00003012,"€33,199.76",€1.00,€0.01,"Jun 15, 2021, 9:26:36 AM"
XRP,Buy,1.356587,€0.74,€1.00,€0.01,"Jun 15, 2021, 9:31:13 AM"
XLM,Buy,3.4974657,€0.29,€1.00,€0.01,"Jun 15, 2021, 9:31:38 AM"
LTC,Buy,0.00678257,€147.44,€1.00,€0.01,"Jun 15, 2021, 9:35:57 AM"
DOGE,Buy,3.79853539,€0.26,€1.00,€0.01,"Jun 16, 2021, 9:15:08 AM"
ETH,Buy,0.00047679,"€2,097.36",€1.00,€0.03,"Jun 16, 2021, 9:18:08 AM"
BTC,Buy,0.00003004,"€33,280.27",€1.00,€0.01,"Jun 16, 2021, 9:20:50 AM"
XRP,Buy,1.392558,€0.72,€1.00,€0.01,"Jun 16, 2021, 9:24:24 AM"
XLM,Buy,3.5869973,€0.28,€1.00,€0.01,"Jun 16, 2021, 9:24:45 AM"
LTC,Buy,0.00692697,€144.36,€1.00,€0.01,"Jun 16, 2021, 9:27:51 AM"
DOGE,Buy,3.82050587,€0.26,€1.00,€0.03,"Jun 17, 2021, 9:19:45 AM"
ETH,Buy,0.0004874,"€2,051.70",€1.00,€0.03,"Jun 17, 2021, 9:22:43 AM"
BTC,Buy,0.0000304,"€32,894.74",€1.00,€0.03,"Jun 17, 2021, 9:25:26 AM"
XRP,Buy,1.387011,€0.72,€1.00,€0.01,"Jun 17, 2021, 9:29:00 AM"
XLM,Buy,3.6212148,€0.28,€1.00,€0.01,"Jun 17, 2021, 9:29:19 AM"
LTC,Buy,0.00690579,€144.81,€1.00,€0.01,"Jun 17, 2021, 9:32:48 AM"
DOGE,Buy,3.93011268,€0.25,€1.00,€0.03,"Jun 18, 2021, 9:19:40 AM"
ETH,Buy,0.00050791,"€1,968.83",€1.00,€0.01,"Jun 18, 2021, 9:23:04 AM"
BTC,Buy,0.00003156,"€31,685.68",€1.00,€0.03,"Jun 18, 2021, 9:26:16 AM"
XRP,Buy,1.415022,€0.71,€1.00,€0.01,"Jun 18, 2021, 9:30:26 AM"
XLM,Buy,3.7931483,€0.26,€1.00,€0.01,"Jun 18, 2021, 9:30:51 AM"
LTC,Buy,0.00717146,€139.44,€1.00,€0.03,"Jun 18, 2021, 9:34:52 AM"
DOGE,Buy,4.07388315,€0.25,€1.00,€0.03,"Jun 19, 2021, 9:20:01 AM"
ETH,Buy,0.00053378,"€1,873.43",€1.00,€0.03,"Jun 19, 2021, 9:22:41 AM"
BTC,Buy,0.00003335,"€29,985.01",€1.00,€0.03,"Jun 19, 2021, 9:25:05 AM"
XRP,Buy,1.494704,€0.67,€1.00,€0.01,"Jun 19, 2021, 9:28:10 AM"
XLM,Buy,3.9780592,€0.25,€1.00,€0.03,"Jun 19, 2021, 9:28:28 AM"
LTC,Buy,0.00751126,€133.13,€1.00,€0.03,"Jun 19, 2021, 9:31:29 AM"
DOGE,Buy,4.19111172,€0.24,€1.00,€0.03,"Jun 20, 2021, 9:12:20 AM"
ETH,Buy,0.00053926,"€1,854.39",€1.00,€0.03,"Jun 20, 2021, 9:14:54 AM"
BTC,Buy,0.00003337,"€29,967.04",€1.00,€0.03,"Jun 20, 2021, 9:17:13 AM"
XRP,Buy,1.569133,€0.64,€1.00,€0.01,"Jun 20, 2021, 9:20:18 AM"
XLM,Buy,4.0822507,€0.24,€1.00,€0.03,"Jun 20, 2021, 9:20:34 AM"
LTC,Buy,0.0077434,€129.14,€1.00,€0.03,"Jun 20, 2021, 9:23:29 AM"
DOGE,Buy,4.61782375,€0.22,€1.00,€0.03,"Jun 21, 2021, 9:24:42 AM"
ETH,Buy,0.00059289,"€1,686.65",€1.00,€0.03,"Jun 21, 2021, 9:28:50 AM"
BTC,Buy,0.00003623,"€27,597.17",€1.00,€0.01,"Jun 21, 2021, 9:33:03 AM"
XRP,Buy,1.694431,€0.59,€1.00,€0.01,"Jun 21, 2021, 9:38:22 AM"
XLM,Buy,4.3699353,€0.23,€1.00,€0.03,"Jun 21, 2021, 9:38:53 AM"
LTC,Buy,0.00856045,€116.82,€1.00,€0.01,"Jun 21, 2021, 9:43:37 AM"
DOGE,Buy,5.89284235,€0.17,€1.00,€0.03,"Jun 22, 2021, 9:12:54 AM"
ETH,Buy,0.00061032,"€1,638.48",€1.00,€0.01,"Jun 22, 2021, 9:15:31 AM"
BTC,Buy,0.00003647,"€27,419.05",€1.00,€0.01,"Jun 22, 2021, 9:18:03 AM"
XRP,Buy,1.935045,€0.52,€1.00,€0.01,"Jun 22, 2021, 9:21:48 AM"
XLM,Buy,4.7967171,€0.21,€1.00,€0.01,"Jun 22, 2021, 9:22:09 AM"
LTC,Buy,0.00924619,€108.15,€1.00,€0.01,"Jun 22, 2021, 9:25:36 AM"
DOGE,Buy,5.53953617,€0.18,€1.00,€0.01,"Jun 23, 2021, 9:21:07 AM"
ETH,Buy,0.00059531,"€1,679.77",€1.00,€0.01,"Jun 23, 2021, 9:24:20 AM"
BTC,Buy,0.00003507,"€28,511.72",€1.00,€0.01,"Jun 23, 2021, 9:27:21 AM"
XRP,Buy,1.829484,€0.55,€1.00,€0.01,"Jun 23, 2021, 9:31:54 AM"
XLM,Buy,4.484788,€0.22,€1.00,€0.01,"Jun 23, 2021, 9:32:21 AM"
LTC,Buy,0.00916967,€109.06,€1.00,€0.01,"Jun 23, 2021, 9:36:49 AM"
DOGE,Buy,5.1099034,€0.20,€1.00,€0.03,"Jun 24, 2021, 9:17:55 AM"
ETH,Buy,0.00061753,"€1,619.35",€1.00,€0.01,"Jun 24, 2021, 9:21:58 AM"
BTC,Buy,0.00003608,"€27,713.11",€1.00,€0.01,"Jun 24, 2021, 9:25:50 AM"
XRP,Buy,1.849604,€0.54,€1.00,€0.01,"Jun 24, 2021, 9:31:05 AM"
XLM,Buy,4.5413473,€0.22,€1.00,€0.01,"Jun 24, 2021, 9:31:32 AM"
LTC,Buy,0.00909982,€109.89,€1.00,€0.01,"Jun 24, 2021, 9:36:15 AM"
DOGE,Buy,4.54373168,€0.22,€1.00,€0.01,"Jun 25, 2021, 9:19:46 AM"
ETH,Buy,0.00061434,"€1,627.74",€1.00,€0.01,"Jun 25, 2021, 9:23:13 AM"
BTC,Buy,0.0000349,"€28,649.74",€1.00,€0.01,"Jun 25, 2021, 9:26:31 AM"
XRP,Buy,1.83857,€0.54,€1.00,€0.01,"Jun 25, 2021, 9:31:08 AM"
XLM,Buy,4.599961,€0.22,€1.00,€0.01,"Jun 25, 2021, 9:31:34 AM"
LTC,Buy,0.00908032,€110.13,€1.00,€0.01,"Jun 25, 2021, 9:35:57 AM"
DOGE,Buy,4.9823,€0.20,€1.00,€0.02,"Jun 26, 2021, 9:19:46 AM"
ETH,Buy,0.00067389,"€1,483.92",€1.00,€0.02,"Jun 26, 2021, 9:23:27 AM"
BTC,Buy,0.00003824,"€26,150.63",€1.00,€0.02,"Jun 26, 2021, 9:26:45 AM"
XRP,Buy,1.993018,€0.50,€1.00,€0.01,"Jun 26, 2021, 9:31:08 AM"
XLM,Buy,5.0099386,€0.20,€1.00,€0.02,"Jun 26, 2021, 9:31:31 AM"
LTC,Buy,0.00970736,€103.01,€1.00,€0.02,"Jun 26, 2021, 9:35:19 AM"
DOGE,Buy,4.85516389,€0.21,€1.00,€0.02,"Jun 27, 2021, 9:19:32 AM"
ETH,Buy,0.00064125,"€1,559.45",€1.00,€0.02,"Jun 27, 2021, 9:22:38 AM"
BTC,Buy,0.00003591,"€27,847.40",€1.00,€0.02,"Jun 27, 2021, 9:25:35 AM"
XRP,Buy,1.921716,€0.52,€1.00,€0.01,"Jun 27, 2021, 9:29:54 AM"
XLM,Buy,4.697087,€0.21,€1.00,€0.02,"Jun 27, 2021, 9:30:22 AM"
LTC,Buy,0.00924147,€108.21,€1.00,€0.02,"Jun 27, 2021, 9:35:03 AM"
DOGE,Buy,4.62049212,€0.22,€1.00,€0.01,"Jun 28, 2021, 9:18:13 AM"
ETH,Buy,0.00059074,"€1,692.79",€1.00,€0.02,"Jun 28, 2021, 9:22:40 AM"
BTC,Buy,0.00003426,"€29,186.00",€1.00,€0.01,"Jun 28, 2021, 9:26:55 AM"
XRP,Buy,1.849441,€0.54,€1.00,€0.01,"Jun 28, 2021, 9:32:51 AM"
XLM,Buy,4.5015944,€0.22,€1.00,€0.01,"Jun 28, 2021, 9:33:25 AM"
LTC,Buy,0.00896694,€111.52,€1.00,€0.01,"Jun 28, 2021, 9:38:52 AM"
DOGE,Buy,4.61374192,€0.22,€1.00,€0.01,"Jun 29, 2021, 9:20:39 AM"
ETH,Buy,0.00055001,"€1,818.12",€1.00,€0.01,"Jun 29, 2021, 9:24:56 AM"
BTC,Buy,0.00003375,"€29,626.82",€1.00,€0.01,"Jun 29, 2021, 9:28:58 AM"
XRP,Buy,1.77475,€0.56,€1.00,€0.01,"Jun 29, 2021, 9:34:16 AM"
XLM,Buy,4.3507638,€0.23,€1.00,€0.01,"Jun 29, 2021, 9:34:43 AM"
LTC,Buy,0.0084541,€118.29,€1.00,€0.01,"Jun 29, 2021, 9:39:13 AM"
DOGE,Buy,4.71950823,€0.21,€1.00,€0.02,"Jun 30, 2021, 9:22:12 AM"
ETH,Buy,0.00055401,"€1,805.01",€1.00,€0.01,"Jun 30, 2021, 9:25:28 AM"
BTC,Buy,0.0000339,"€29,490.61",€1.00,€0.01,"Jun 30, 2021, 9:28:50 AM"
XRP,Buy,1.736786,€0.58,€1.00,€0.01,"Jun 30, 2021, 9:33:46 AM"
XLM,Buy,4.334937,€0.23,€1.00,€0.01,"Jun 30, 2021, 9:34:14 AM"
LTC,Buy,0.00831528,€120.26,€1.00,€0.01,"Jun 30, 2021, 9:39:03 AM"
DOGE,Buy,4.90508278,€0.20,€1.00,€0.01,"Jul 1, 2021, 9:19:06 AM"
ETH,Buy,0.00054801,"€1,824.76",€1.00,€0.01,"Jul 1, 2021, 9:23:17 AM"
BTC,Buy,0.00003537,"€28,265.36",€1.00,€0.01,"Jul 1, 2021, 9:27:19 AM"
XRP,Buy,1.788424,€0.56,€1.00,€0.01,"Jul 1, 2021, 9:32:55 AM"
XLM,Buy,4.4633849,€0.22,€1.00,€0.01,"Jul 1, 2021, 9:33:27 AM"
LTC,Buy,0.00864331,€115.70,€1.00,€0.01,"Jul 1, 2021, 9:38:38 AM"
DOGE,Buy,4.90617695,€0.20,€1.00,€0.02,"Jul 2, 2021, 9:15:52 AM"
ETH,Buy,0.00057702,"€1,733.03",€1.00,€0.01,"Jul 2, 2021, 9:19:02 AM"
BTC,Buy,0.00003573,"€27,985.26",€1.00,€0.01,"Jul 2, 2021, 9:22:12 AM"
XRP,Buy,1.824982,€0.55,€1.00,€0.01,"Jul 2, 2021, 9:26:39 AM"
XLM,Buy,4.5463198,€0.22,€1.00,€0.01,"Jul 2, 2021, 9:27:05 AM"
LTC,Buy,0.00888929,€112.49,€1.00,€0.01,"Jul 2, 2021, 9:31:45 AM"
DOGE,Buy,4.86813383,€0.21,€1.00,€0.02,"Jul 3, 2021, 9:13:55 AM"
ETH,Buy,0.00055274,"€1,809.17",€1.00,€0.02,"Jul 3, 2021, 9:16:31 AM"
BTC,Buy,0.00003509,"€28,498.15",€1.00,€0.02,"Jul 3, 2021, 9:18:58 AM"
XRP,Buy,1.798709,€0.56,€1.00,€0.01,"Jul 3, 2021, 9:22:27 AM"
XLM,Buy,4.498853,€0.22,€1.00,€0.02,"Jul 3, 2021, 9:22:46 AM"
LTC,Buy,0.00866568,€115.40,€1.00,€0.02,"Jul 3, 2021, 9:26:11 AM"
DOGE,Buy,4.74707455,€0.21,€1.00,€0.02,"Jul 4, 2021, 9:21:26 AM"
ETH,Buy,0.00050977,"€1,961.67",€1.00,€0.02,"Jul 4, 2021, 9:25:05 AM"
BTC,Buy,0.00003339,"€29,949.09",€1.00,€0.02,"Jul 4, 2021, 9:28:34 AM"
XRP,Buy,1.695374,€0.59,€1.00,€0.01,"Jul 4, 2021, 9:33:10 AM"
XLM,Buy,4.3726595,€0.23,€1.00,€0.01,"Jul 4, 2021, 9:33:36 AM"
LTC,Buy,0.00823615,€121.42,€1.00,€0.02,"Jul 4, 2021, 9:37:52 AM"
DOGE,Buy,4.89391985,€0.20,€1.00,€0.02,"Jul 5, 2021, 9:19:06 AM"
ETH,Buy,0.00052216,"€1,915.09",€1.00,€0.01,"Jul 5, 2021, 9:22:27 AM"
BTC,Buy,0.00003473,"€28,792.72",€1.00,€0.01,"Jul 5, 2021, 9:25:34 AM"
XRP,Buy,1.756433,€0.57,€1.00,€0.01,"Jul 5, 2021, 9:29:42 AM"
XLM,Buy,4.548693,€0.22,€1.00,€0.02,"Jul 5, 2021, 9:30:07 AM"
LTC,Buy,0.00844843,€118.37,€1.00,€0.01,"Jul 5, 2021, 9:34:29 AM"
DOGE,Buy,4.95748672,€0.20,€1.00,€0.01,"Jul 6, 2021, 9:18:14 AM"
ETH,Buy,0.00050994,"€1,961.01",€1.00,€0.01,"Jul 6, 2021, 9:22:09 AM"
BTC,Buy,0.00003415,"€29,278.32",€1.00,€0.01,"Jul 6, 2021, 9:25:40 AM"
XRP,Buy,1.755771,€0.57,€1.00,€0.01,"Jul 6, 2021, 9:30:10 AM"
XLM,Buy,4.4557273,€0.22,€1.00,€0.02,"Jul 6, 2021, 9:30:36 AM"
LTC,Buy,0.00835738,€119.65,€1.00,€0.01,"Jul 6, 2021, 9:35:01 AM"
DOGE,Buy,5.01008396,€0.20,€1.00,€0.02,"Jul 7, 2021, 9:17:01 AM"
ETH,Buy,0.00049412,"€2,023.77",€1.00,€0.01,"Jul 7, 2021, 9:20:36 AM"
BTC,Buy,0.00003396,"€29,439.21",€1.00,€0.01,"Jul 7, 2021, 9:24:02 AM"
XRP,Buy,1.757509,€0.57,€1.00,€0.01,"Jul 7, 2021, 9:28:51 AM"
XLM,Buy,4.4748757,€0.22,€1.00,€0.01,"Jul 7, 2021, 9:29:19 AM"
LTC,Buy,0.00830662,€120.39,€1.00,€0.01,"Jul 7, 2021, 9:34:03 AM"
DOGE,Buy,5.40191605,€0.19,€1.00,€0.02,"Jul 8, 2021, 9:17:29 AM"
ETH,Buy,0.00053241,"€1,878.24",€1.00,€0.01,"Jul 8, 2021, 9:21:16 AM"
BTC,Buy,0.0000356,"€28,083.02",€1.00,€0.01,"Jul 8, 2021, 9:25:14 AM"
XRP,Buy,1.867108,€0.54,€1.00,€0.01,"Jul 8, 2021, 9:30:47 AM"
XLM,Buy,4.8042309,€0.21,€1.00,€0.01,"Jul 8, 2021, 9:31:19 AM"
LTC,Buy,0.0088896,€112.49,€1.00,€0.01,"Jul 8, 2021, 9:36:15 AM"
DOGE,Buy,5.63336983,€0.18,€1.00,€0.01,"Jul 9, 2021, 9:20:24 AM"
ETH,Buy,0.00055827,"€1,791.24",€1.00,€0.01,"Jul 9, 2021, 9:24:58 AM"
BTC,Buy,0.00003592,"€27,832.24",€1.00,€0.01,"Jul 9, 2021, 9:29:24 AM"
XRP,Buy,1.915751,€0.52,€1.00,€0.01,"Jul 9, 2021, 9:35:13 AM"
XLM,Buy,4.9671413,€0.20,€1.00,€0.01,"Jul 9, 2021, 9:35:45 AM"
LTC,Buy,0.00902506,€110.80,€1.00,€0.01,"Jul 9, 2021, 9:40:57 AM"
DOGE,Buy,5.4583,€0.18,€1.00,€0.02,"Jul 10, 2021, 9:15:07 AM"
ETH,Buy,0.00056084,"€1,783.04",€1.00,€0.02,"Jul 10, 2021, 9:18:50 AM"
BTC,Buy,0.00003523,"€28,384.90",€1.00,€0.02,"Jul 10, 2021, 9:22:44 AM"
XRP,Buy,1.89816,€0.53,€1.00,€0.01,"Jul 10, 2021, 9:27:32 AM"
XLM,Buy,4.8966013,€0.20,€1.00,€0.02,"Jul 10, 2021, 9:28:01 AM"
LTC,Buy,0.00890122,€112.34,€1.00,€0.02,"Jul 10, 2021, 9:32:36 AM"
DOGE,Buy,5.6211,€0.18,€1.00,€0.02,"Jul 11, 2021, 9:16:28 AM"
ETH,Buy,0.00056718,"€1,763.11",€1.00,€0.02,"Jul 11, 2021, 9:19:35 AM"
BTC,Buy,0.00003546,"€28,200.79",€1.00,€0.02,"Jul 11, 2021, 9:22:36 AM"
XRP,Buy,1.913551,€0.52,€1.00,€0.01,"Jul 11, 2021, 9:26:27 AM"
XLM,Buy,4.9113623,€0.20,€1.00,€0.02,"Jul 11, 2021, 9:26:47 AM"
LTC,Buy,0.00889922,€112.37,€1.00,€0.02,"Jul 11, 2021, 9:30:18 AM"
DOGE,Buy,5.44274899,€0.18,€1.00,€0.01,"Jul 12, 2021, 9:22:22 AM"
ETH,Buy,0.00055017,"€1,817.62",€1.00,€0.02,"Jul 12, 2021, 9:26:15 AM"
BTC,Buy,0.00003442,"€29,052.62",€1.00,€0.01,"Jul 12, 2021, 9:29:51 AM"
XRP,Buy,1.81317,€0.55,€1.00,€0.01,"Jul 12, 2021, 9:35:14 AM"
XLM,Buy,4.7092263,€0.21,€1.00,€0.01,"Jul 12, 2021, 9:35:49 AM"
LTC,Buy,0.00858064,€116.54,€1.00,€0.02,"Jul 12, 2021, 9:41:13 AM"
DOGE,Buy,5.74889944,€0.17,€1.00,€0.01,"Jul 13, 2021, 9:23:57 AM"
ETH,Buy,0.00058621,"€1,705.84",€1.00,€0.01,"Jul 13, 2021, 9:28:25 AM"
BTC,Buy,0.0000357,"€28,006.32",€1.00,€0.01,"Jul 13, 2021, 9:32:53 AM"
XRP,Buy,1.85631,€0.54,€1.00,€0.01,"Jul 13, 2021, 9:38:17 AM"
XLM,Buy,4.9168264,€0.20,€1.00,€0.02,"Jul 13, 2021, 9:38:48 AM"
LTC,Buy,0.0088934,€112.44,€1.00,€0.01,"Jul 13, 2021, 9:43:35 AM"
DOGE,Buy,6.16282886,€0.16,€1.00,€0.01,"Jul 14, 2021, 9:23:50 AM"
ETH,Buy,0.00062355,"€1,603.72",€1.00,€0.01,"Jul 14, 2021, 9:28:02 AM"
BTC,Buy,0.00003695,"€27,057.01",€1.00,€0.01,"Jul 14, 2021, 9:32:06 AM"
XRP,Buy,1.965152,€0.51,€1.00,€0.01,"Jul 14, 2021, 9:37:52 AM"
XLM,Buy,5.2576345,€0.19,€1.00,€0.01,"Jul 14, 2021, 9:38:27 AM"
LTC,Buy,0.00937589,€106.66,€1.00,€0.01,"Jul 14, 2021, 9:44:08 AM"
DOGE,Buy,6.13639257,€0.16,€1.00,€0.01,"Jul 15, 2021, 9:23:15 AM"
ETH,Buy,0.00060569,"€1,650.99",€1.00,€0.01,"Jul 15, 2021, 9:26:55 AM"
BTC,Buy,0.00003637,"€27,492.39",€1.00,€0.01,"Jul 15, 2021, 9:30:47 AM"
XRP,Buy,1.940101,€0.52,€1.00,€0.01,"Jul 15, 2021, 9:35:47 AM"
XLM,Buy,5.0209309,€0.20,€1.00,€0.01,"Jul 15, 2021, 9:36:14 AM"
LTC,Buy,0.00922648,€108.38,€1.00,€0.01,"Jul 15, 2021, 9:41:13 AM"
DOGE,Buy,6.5472403,€0.15,€1.00,€0.01,"Jul 16, 2021, 2:36:56 PM"
ETH,Buy,0.0006322,"€1,581.76",€1.00,€0.01,"Jul 16, 2021, 2:42:39 PM"
BTC,Buy,0.00003767,"€26,543.86",€1.00,€0.01,"Jul 16, 2021, 2:48:45 PM"
XRP,Buy,1.981539,€0.50,€1.00,€0.01,"Jul 16, 2021, 2:56:45 PM"
XLM,Buy,4.9653917,€0.20,€1.00,€0.02,"Jul 16, 2021, 2:57:30 PM"
LTC,Buy,0.00954535,€104.76,€1.00,€0.02,"Jul 16, 2021, 3:04:55 PM"
DOGE,Buy,6.76755999,€0.15,€1.00,€0.02,"Jul 17, 2021, 9:23:26 AM"
ETH,Buy,0.0006274,"€1,593.88",€1.00,€0.02,"Jul 17, 2021, 9:27:23 AM"
BTC,Buy,0.00003745,"€26,702.27",€1.00,€0.02,"Jul 17, 2021, 9:31:21 AM"
XRP,Buy,2.02358,€0.49,€1.00,€0.01,"Jul 17, 2021, 9:36:34 AM"
XLM,Buy,5.0594207,€0.20,€1.00,€0.02,"Jul 17, 2021, 9:37:03 AM"
LTC,Buy,0.00977069,€102.35,€1.00,€0.02,"Jul 17, 2021, 9:41:48 AM"
DOGE,Buy,6.2909,€0.16,€1.00,€0.02,"Jul 18, 2021, 9:15:48 AM"
ETH,Buy,0.00060152,"€1,662.46",€1.00,€0.02,"Jul 18, 2021, 9:18:57 AM"
BTC,Buy,0.00003701,"€27,019.72",€1.00,€0.02,"Jul 18, 2021, 9:21:54 AM"
XRP,Buy,2.009841,€0.50,€1.00,€0.01,"Jul 18, 2021, 9:25:59 AM"
XLM,Buy,5.0105064,€0.20,€1.00,€0.02,"Jul 18, 2021, 9:26:20 AM"
LTC,Buy,0.00968712,€103.23,€1.00,€0.02,"Jul 18, 2021, 9:30:28 AM"
DOGE,Buy,6.5378208,€0.15,€1.00,€0.02,"Jul 19, 2021, 9:24:20 AM"
ETH,Buy,0.00061739,"€1,619.72",€1.00,€0.02,"Jul 19, 2021, 9:28:22 AM"
BTC,Buy,0.00003711,"€26,943.57",€1.00,€0.01,"Jul 19, 2021, 9:32:22 AM"
XRP,Buy,2.018107,€0.50,€1.00,€0.01,"Jul 19, 2021, 9:37:48 AM"
XLM,Buy,5.168452,€0.19,€1.00,€0.02,"Jul 19, 2021, 9:38:25 AM"
LTC,Buy,0.00984593,€101.56,€1.00,€0.01,"Jul 19, 2021, 9:43:55 AM"
DOGE,Buy,7.0848701,€0.14,€1.00,€0.01,"Jul 20, 2021, 9:24:05 AM"
ETH,Buy,0.00066805,"€1,496.89",€1.00,€0.01,"Jul 20, 2021, 9:28:35 AM"
BTC,Buy,0.00003954,"€25,285.09",€1.00,€0.01,"Jul 20, 2021, 9:32:50 AM"
XRP,Buy,2.218547,€0.45,€1.00,€0.01,"Jul 20, 2021, 9:38:12 AM"
XLM,Buy,5.74453,€0.17,€1.00,€0.01,"Jul 20, 2021, 9:38:43 AM"
LTC,Buy,0.01102605,€90.69,€1.00,€0.01,"Jul 20, 2021, 9:43:32 AM"
DOGE,Buy,6.53822237,€0.15,€1.00,€0.01,"Jul 21, 2021, 9:22:22 AM"
ETH,Buy,0.00062707,"€1,594.71",€1.00,€0.01,"Jul 21, 2021, 9:26:59 AM"
BTC,Buy,0.0000381,"€26,245.62",€1.00,€0.01,"Jul 21, 2021, 9:31:41 AM"
XRP,Buy,2.151683,€0.46,€1.00,€0.01,"Jul 21, 2021, 9:37:42 AM"
XLM,Buy,5.3936845,€0.19,€1.00,€0.02,"Jul 21, 2021, 9:38:22 AM"
LTC,Buy,0.01050687,€95.18,€1.00,€0.01,"Jul 21, 2021, 9:43:30 AM"
DOGE,Buy,6.06000571,€0.17,€1.00,€0.01,"Jul 22, 2021, 9:22:11 AM"
ETH,Buy,0.00058587,"€1,706.84",€1.00,€0.01,"Jul 22, 2021, 9:25:40 AM"
BTC,Buy,0.00003653,"€27,374.76",€1.00,€0.02,"Jul 22, 2021, 9:28:48 AM"
XRP,Buy,2.018936,€0.50,€1.00,€0.01,"Jul 22, 2021, 9:33:30 AM"
XLM,Buy,4.6927123,€0.21,€1.00,€0.02,"Jul 22, 2021, 9:33:56 AM"
LTC,Buy,0.00993673,€100.64,€1.00,€0.01,"Jul 22, 2021, 9:38:13 AM"
DOGE,Buy,6.08960739,€0.16,€1.00,€0.01,"Jul 23, 2021, 9:24:44 AM"
ETH,Buy,0.00057045,"€1,752.99",€1.00,€0.01,"Jul 23, 2021, 9:28:54 AM"
BTC,Buy,0.00003625,"€27,582.40",€1.00,€0.01,"Jul 23, 2021, 9:33:14 AM"
XRP,Buy,1.966514,€0.51,€1.00,€0.01,"Jul 23, 2021, 9:39:05 AM"
XLM,Buy,4.4616112,€0.22,€1.00,€0.01,"Jul 23, 2021, 9:39:38 AM"
LTC,Buy,0.00980877,€101.95,€1.00,€0.01,"Jul 23, 2021, 9:44:49 AM"
DOGE,Buy,6.05715756,€0.17,€1.00,€0.02,"Jul 24, 2021, 9:19:10 AM"
ETH,Buy,0.00055034,"€1,817.06",€1.00,€0.02,"Jul 24, 2021, 9:22:14 AM"
BTC,Buy,0.00003474,"€28,785.26",€1.00,€0.02,"Jul 24, 2021, 9:25:02 AM"
XRP,Buy,1.926296,€0.52,€1.00,€0.01,"Jul 24, 2021, 9:28:51 AM"
XLM,Buy,4.3922946,€0.23,€1.00,€0.01,"Jul 24, 2021, 9:29:12 AM"
LTC,Buy,0.00929713,€107.56,€1.00,€0.02,"Jul 24, 2021, 9:32:59 AM"
DOGE,Buy,5.91402714,€0.17,€1.00,€0.02,"Jul 25, 2021, 9:18:45 AM"
ETH,Buy,0.00053913,"€1,854.84",€1.00,€0.02,"Jul 25, 2021, 9:21:57 AM"
BTC,Buy,0.00003383,"€29,559.56",€1.00,€0.02,"Jul 25, 2021, 9:24:53 AM"
XRP,Buy,1.932712,€0.52,€1.00,€0.01,"Jul 25, 2021, 9:28:59 AM"
XLM,Buy,4.4608621,€0.22,€1.00,€0.02,"Jul 25, 2021, 9:29:20 AM"
LTC,Buy,0.00927964,€107.76,€1.00,€0.02,"Jul 25, 2021, 9:33:06 AM"
DOGE,Buy,5.22668672,€0.19,€1.00,€0.01,"Jul 26, 2021, 9:22:36 AM"
ETH,Buy,0.0004989,"€2,004.40",€1.00,€0.01,"Jul 26, 2021, 9:26:46 AM"
BTC,Buy,0.00003047,"€32,810.55",€1.00,€0.01,"Jul 26, 2021, 9:30:52 AM"
XRP,Buy,1.773612,€0.56,€1.00,€0.01,"Jul 26, 2021, 9:36:17 AM"
XLM,Buy,4.2282242,€0.24,€1.00,€0.01,"Jul 26, 2021, 9:36:50 AM"
LTC,Buy,0.00867991,€115.21,€1.00,€0.01,"Jul 26, 2021, 9:41:47 AM"
DOGE,Buy,5.86671662,€0.17,€1.00,€0.02,"Jul 27, 2021, 9:15:08 AM"
ETH,Buy,0.00053367,"€1,873.82",€1.00,€0.02,"Jul 27, 2021, 9:18:39 AM"
BTC,Buy,0.00003163,"€31,612.56",€1.00,€0.01,"Jul 27, 2021, 9:21:57 AM"
XRP,Buy,1.879703,€0.53,€1.00,€0.01,"Jul 27, 2021, 9:26:10 AM"
XLM,Buy,4.5660837,€0.22,€1.00,€0.01,"Jul 27, 2021, 9:26:33 AM"
LTC,Buy,0.0091367,€109.45,€1.00,€0.01,"Jul 27, 2021, 9:30:33 AM"
DOGE,Buy,5.75351347,€0.17,€1.00,€0.02,"Jul 28, 2021, 9:26:00 AM"
ETH,Buy,0.000518,"€1,930.48",€1.00,€0.01,"Jul 28, 2021, 9:30:14 AM"
BTC,Buy,0.00002975,"€33,613.33",€1.00,€0.01,"Jul 28, 2021, 9:34:26 AM"
XRP,Buy,1.646441,€0.61,€1.00,€0.01,"Jul 28, 2021, 9:40:04 AM"
XLM,Buy,4.2649103,€0.23,€1.00,€0.01,"Jul 28, 2021, 9:40:33 AM"
LTC,Buy,0.00861875,€116.03,€1.00,€0.01,"Jul 28, 2021, 9:45:25 AM"
XRP,Sell,80.128684,€1.05,€84.00,€2.10,"Aug 16, 2021, 7:52:36 PM"
XRP,Sell,1.904421,€1.05,€2.00,€0.05,"Aug 16, 2021, 7:53:17 PM"
ETH,Sell,0.03145379,"€2,734.17",€86.00,€2.15,"Aug 16, 2021, 7:53:30 PM"
DOGE,Sell,178.87562988,€0.29,€51.00,€1.27,"Aug 16, 2021, 7:55:35 PM"
DOGE,Buy,3.96108327,€0.25,€1.00,€0.02,"Aug 18, 2021, 11:07:01 AM"
ETH,Buy,0.00038492,"€2,597.93",€1.00,€0.01,"Aug 18, 2021, 11:07:01 AM"
BTC,Buy,0.0000259,"€38,604.08",€1.00,€0.01,"Aug 18, 2021, 11:07:02 AM"
XRP,Buy,1.054232,€0.95,€1.00,€0.01,"Aug 18, 2021, 11:07:02 AM"
XLM,Buy,3.4151636,€0.29,€1.00,€0.01,"Aug 18, 2021, 11:07:02 AM"
LTC,Buy,0.00691308,€144.65,€1.00,€0.01,"Aug 18, 2021, 11:07:02 AM"
DOGE,Buy,3.87296985,€0.26,€1.00,€0.01,"Aug 19, 2021, 9:23:32 AM"
ETH,Buy,0.00038899,"€2,570.76",€1.00,€0.02,"Aug 19, 2021, 9:27:16 AM"
BTC,Buy,0.0000263,"€38,022.81",€1.00,€0.02,"Aug 19, 2021, 9:30:52 AM"
XRP,Buy,1.042936,€0.96,€1.00,€0.01,"Aug 19, 2021, 9:35:35 AM"
XLM,Buy,3.4694127,€0.29,€1.00,€0.02,"Aug 19, 2021, 9:36:00 AM"
LTC,Buy,0.00705901,€141.66,€1.00,€0.01,"Aug 19, 2021, 9:40:27 AM"
BTC,Sell,0.00214985,"€40,002.86",€86.00,€2.58,"Aug 19, 2021, 9:08:09 PM"
DOGE,Buy,3.63672769,€0.27,€1.00,€0.01,"Aug 20, 2021, 9:17:20 AM"
ETH,Buy,0.00036103,"€2,769.82",€1.00,€0.01,"Aug 20, 2021, 9:21:06 AM"
BTC,Buy,0.00002478,"€40,355.13",€1.00,€0.03,"Aug 20, 2021, 9:24:50 AM"
XRP,Buy,0.930865,€1.07,€1.00,€0.01,"Aug 20, 2021, 9:29:56 AM"
XLM,Buy,3.1122718,€0.32,€1.00,€0.01,"Aug 20, 2021, 9:30:25 AM"
LTC,Buy,0.00665093,€150.35,€1.00,€0.01,"Aug 20, 2021, 9:35:18 AM"
DOGE,Buy,3.58128685,€0.28,€1.00,€0.03,"Aug 21, 2021, 9:23:38 AM"
ETH,Buy,0.00035556,"€2,812.46",€1.00,€0.03,"Aug 21, 2021, 9:27:34 AM"
BTC,Buy,0.00002387,"€41,893.59",€1.00,€0.03,"Aug 21, 2021, 9:31:05 AM"
XRP,Buy,0.924832,€1.08,€1.00,€0.01,"Aug 21, 2021, 9:35:55 AM"
XLM,Buy,3.0813285,€0.32,€1.00,€0.01,"Aug 21, 2021, 9:36:22 AM"
LTC,Buy,0.00641265,€155.94,€1.00,€0.03,"Aug 21, 2021, 9:40:55 AM"
LTC,Sell,0.53745008,€160.01,€86.00,€2.58,"Aug 22, 2021, 6:23:53 AM"
DOGE,Buy,3.6646,€0.27,€1.00,€0.03,"Aug 22, 2021, 9:15:58 AM"
ETH,Buy,0.00035789,"€2,794.15",€1.00,€0.03,"Aug 22, 2021, 9:19:46 AM"
BTC,Buy,0.00002371,"€42,176.30",€1.00,€0.03,"Aug 22, 2021, 9:23:10 AM"
XRP,Buy,0.932035,€1.07,€1.00,€0.01,"Aug 22, 2021, 9:27:36 AM"
XLM,Buy,3.0711661,€0.33,€1.00,€0.01,"Aug 22, 2021, 9:27:58 AM"
LTC,Buy,0.00618308,€161.73,€1.00,€0.03,"Aug 22, 2021, 9:32:13 AM"
DOGE,Buy,3.65795638,€0.27,€1.00,€0.03,"Aug 23, 2021, 9:17:48 AM"
ETH,Buy,0.00035123,"€2,847.13",€1.00,€0.01,"Aug 23, 2021, 9:22:54 AM"
BTC,Buy,0.00002335,"€42,808.24",€1.00,€0.01,"Aug 23, 2021, 9:27:16 AM"
XRP,Buy,0.943063,€1.06,€1.00,€0.01,"Aug 23, 2021, 9:33:19 AM"
XLM,Buy,3.0945907,€0.32,€1.00,€0.01,"Aug 23, 2021, 9:33:53 AM"
LTC,Buy,0.00624921,€160.02,€1.00,€0.01,"Aug 23, 2021, 9:39:28 AM"
XLM,Sell,262.7592774,€0.33,€86.00,€2.58,"Aug 23, 2021, 1:50:37 PM"
DOGE,Buy,3.69811567,€0.27,€1.00,€0.01,"Aug 24, 2021, 9:16:56 AM"
ETH,Buy,0.00034945,"€2,861.64",€1.00,€0.03,"Aug 24, 2021, 9:21:24 AM"
BTC,Buy,0.00002355,"€42,448.43",€1.00,€0.01,"Aug 24, 2021, 9:25:36 AM"
XRP,Buy,0.931067,€1.07,€1.00,€0.01,"Aug 24, 2021, 9:31:41 AM"
XLM,Buy,3.0943802,€0.32,€1.00,€0.01,"Aug 24, 2021, 9:32:12 AM"
LTC,Buy,0.00624273,€160.19,€1.00,€0.01,"Aug 24, 2021, 9:37:14 AM"
DOGE,Buy,3.97359917,€0.25,€1.00,€0.03,"Aug 25, 2021, 9:19:47 AM"
ETH,Buy,0.00036597,"€2,732.41",€1.00,€0.01,"Aug 25, 2021, 9:25:01 AM"
BTC,Buy,0.00002424,"€41,254.13",€1.00,€0.03,"Aug 25, 2021, 9:30:33 AM"
XRP,Buy,1.011561,€0.99,€1.00,€0.01,"Aug 25, 2021, 9:37:55 AM"
XLM,Buy,3.2922888,€0.30,€1.00,€0.01,"Aug 25, 2021, 9:38:35 AM"
LTC,Buy,0.00667764,€149.75,€1.00,€0.01,"Aug 25, 2021, 9:45:23 AM"
LINK,Buy,4.69833487,€21.28,€100.00,€2.49,"Aug 26, 2021, 9:09:37 AM"
DOGE,Buy,4.30779141,€0.23,€1.00,€0.02,"Aug 26, 2021, 9:18:40 AM"
ETH,Buy,0.00038268,"€2,613.14",€1.00,€0.01,"Aug 26, 2021, 9:23:21 AM"
BTC,Buy,0.00002506,"€39,897.40",€1.00,€0.01,"Aug 26, 2021, 9:27:50 AM"
XRP,Buy,1.044945,€0.96,€1.00,€0.01,"Aug 26, 2021, 9:34:16 AM"
XLM,Buy,3.4461488,€0.29,€1.00,€0.01,"Aug 26, 2021, 9:34:47 AM"
LTC,Buy,0.0069343,€144.21,€1.00,€0.01,"Aug 26, 2021, 9:40:39 AM"
DOGE,Buy,4.3066447,€0.23,€1.00,€0.02,"Aug 27, 2021, 9:26:21 AM"
ETH,Buy,0.0003766,"€2,655.28",€1.00,€0.01,"Aug 27, 2021, 9:31:16 AM"
BTC,Buy,0.00002484,"€40,254.25",€1.00,€0.01,"Aug 27, 2021, 9:36:00 AM"
XRP,Buy,1.065517,€0.94,€1.00,€0.01,"Aug 27, 2021, 9:42:21 AM"
XLM,Buy,3.4767207,€0.29,€1.00,€0.01,"Aug 27, 2021, 9:42:58 AM"
LTC,Buy,0.00694815,€143.92,€1.00,€0.01,"Aug 27, 2021, 9:48:57 AM"
DOGE,Buy,4.08417041,€0.24,€1.00,€0.02,"Aug 28, 2021, 9:16:18 AM"
ETH,Buy,0.00036356,"€2,750.58",€1.00,€0.02,"Aug 28, 2021, 9:19:14 AM"
BTC,Buy,0.00002411,"€41,476.57",€1.00,€0.02,"Aug 28, 2021, 9:22:07 AM"
XRP,Buy,1.012931,€0.99,€1.00,€0.01,"Aug 28, 2021, 9:26:04 AM"
XLM,Buy,3.356362,€0.30,€1.00,€0.01,"Aug 28, 2021, 9:26:26 AM"
LTC,Buy,0.00673106,€148.57,€1.00,€0.02,"Aug 28, 2021, 9:30:21 AM"
XRP,Sell,50.888509,€0.98,€49.72,€1.24,"Aug 28, 2021, 2:17:08 PM"
ETH,Sell,0.013353,"€2,740.24",€36.59,€0.91,"Aug 28, 2021, 2:17:22 PM"
BTC,Sell,0.00074154,"€41,367.03",€30.67,€0.77,"Aug 28, 2021, 2:17:33 PM"
SOL,Buy,1.429898,€80.43,€115.00,€2.87,"Aug 28, 2021, 2:18:32 PM"
SOL,Buy,0.012429,€80.45,€1.00,€0.01,"Aug 28, 2021, 2:18:48 PM"
DOGE,Buy,4.17824237,€0.24,€1.00,€0.02,"Aug 29, 2021, 9:18:44 AM"
ETH,Buy,0.00036727,"€2,722.79",€1.00,€0.02,"Aug 29, 2021, 9:21:40 AM"
BTC,Buy,0.00002428,"€41,186.16",€1.00,€0.02,"Aug 29, 2021, 9:24:26 AM"
XRP,Buy,1.028942,€0.97,€1.00,€0.01,"Aug 29, 2021, 9:28:18 AM"
XLM,Buy,3.3988214,€0.29,€1.00,€0.02,"Aug 29, 2021, 9:28:37 AM"
LTC,Buy,0.00657423,€152.11,€1.00,€0.02,"Aug 29, 2021, 9:32:23 AM"
SOL,Buy,0.012468,€80.20,€1.00,€0.01,"Aug 29, 2021, 9:37:06 AM"
DOGE,Buy,4.17737851,€0.24,€1.00,€0.02,"Aug 30, 2021, 9:26:34 AM"
ETH,Buy,0.00037003,"€2,702.44",€1.00,€0.01,"Aug 30, 2021, 9:30:37 AM"
BTC,Buy,0.00002454,"€40,741.50",€1.00,€0.01,"Aug 30, 2021, 9:34:14 AM"
XRP,Buy,1.040051,€0.96,€1.00,€0.01,"Aug 30, 2021, 9:39:23 AM"
XLM,Buy,3.4709727,€0.29,€1.00,€0.01,"Aug 30, 2021, 9:39:52 AM"
LTC,Buy,0.00683279,€146.35,€1.00,€0.01,"Aug 30, 2021, 9:44:33 AM"
SOL,Buy,0.011856,€84.34,€1.00,€0.01,"Aug 30, 2021, 9:51:18 AM"
SOL,Sell,1.40627,€100.05,€140.69,€3.52,"Aug 31, 2021, 7:21:19 AM"
DOGE,Buy,4.33122961,€0.23,€1.00,€0.02,"Aug 31, 2021, 9:22:02 AM"
ETH,Buy,0.00035795,"€2,793.65",€1.00,€0.01,"Aug 31, 2021, 9:26:49 AM"
BTC,Buy,0.00002489,"€40,162.26",€1.00,€0.01,"Aug 31, 2021, 9:31:12 AM"
XRP,Buy,1.044086,€0.96,€1.00,€0.01,"Aug 31, 2021, 9:37:42 AM"
XLM,Buy,3.5169039,€0.28,€1.00,€0.01,"Aug 31, 2021, 9:38:16 AM"
LTC,Buy,0.00684761,€146.04,€1.00,€0.01,"Aug 31, 2021, 9:44:23 AM"
SOL,Buy,0.009828,€101.75,€1.00,€0.01,"Aug 31, 2021, 9:52:40 AM"
DOGE,Buy,4.21105983,€0.24,€1.00,€0.01,"Sep 1, 2021, 9:27:14 AM"
ETH,Buy,0.00033527,"€2,982.65",€1.00,€0.01,"Sep 1, 2021, 9:32:34 AM"
BTC,Buy,0.00002494,"€40,086.59",€1.00,€0.01,"Sep 1, 2021, 9:37:55 AM"
XRP,Buy,0.9926,€1.01,€1.00,€0.01,"Sep 1, 2021, 9:45:46 AM"
XLM,Buy,3.4356059,€0.29,€1.00,€0.01,"Sep 1, 2021, 9:46:27 AM"
LTC,Buy,0.00683029,€146.41,€1.00,€0.01,"Sep 1, 2021, 9:54:12 AM"
SOL,Buy,0.010795,€92.63,€1.00,€0.01,"Sep 1, 2021, 10:05:08 AM"
DOGE,Buy,3.91166812,€0.26,€1.00,€0.02,"Sep 2, 2021, 9:21:04 AM"
ETH,Buy,0.00031512,"€3,173.30",€1.00,€0.01,"Sep 2, 2021, 9:25:06 AM"
BTC,Buy,0.00002351,"€42,517.19",€1.00,€0.01,"Sep 2, 2021, 9:28:50 AM"
XRP,Buy,0.937677,€1.07,€1.00,€0.01,"Sep 2, 2021, 9:34:04 AM"
XLM,Buy,3.2646941,€0.31,€1.00,€0.01,"Sep 2, 2021, 9:34:34 AM"
LTC,Buy,0.00645055,€155.03,€1.00,€0.01,"Sep 2, 2021, 9:40:03 AM"
SOL,Buy,0.010279,€97.28,€1.00,€0.01,"Sep 2, 2021, 9:47:41 AM"
DOGE,Buy,4.05514646,€0.25,€1.00,€0.02,"Sep 3, 2021, 9:20:58 AM"
ETH,Buy,0.00031333,"€3,191.51",€1.00,€0.01,"Sep 3, 2021, 9:26:17 AM"
BTC,Buy,0.00002405,"€41,567.08",€1.00,€0.01,"Sep 3, 2021, 9:31:42 AM"
XRP,Buy,0.936047,€1.07,€1.00,€0.01,"Sep 3, 2021, 9:38:29 AM"
XLM,Buy,3.2938445,€0.30,€1.00,€0.01,"Sep 3, 2021, 9:39:03 AM"
LTC,Buy,0.00640438,€156.14,€1.00,€0.01,"Sep 3, 2021, 9:44:52 AM"
SOL,Buy,0.008172,€122.36,€1.00,€0.01,"Sep 3, 2021, 9:52:36 AM"
DOGE,Buy,4.0015,€0.25,€1.00,€0.03,"Sep 4, 2021, 9:19:29 AM"
ETH,Buy,0.0003027,"€3,303.60",€1.00,€0.02,"Sep 4, 2021, 9:23:56 AM"
BTC,Buy,0.00002359,"€42,390.84",€1.00,€0.02,"Sep 4, 2021, 9:28:11 AM"
XRP,Buy,0.923821,€1.08,€1.00,€0.01,"Sep 4, 2021, 9:33:52 AM"
XLM,Buy,3.17854,€0.31,€1.00,€0.02,"Sep 4, 2021, 9:34:28 AM"
LTC,Buy,0.00556989,€179.54,€1.00,€0.02,"Sep 4, 2021, 9:40:01 AM"
SOL,Buy,0.008092,€123.57,€1.00,€0.01,"Sep 4, 2021, 9:47:26 AM"
DOGE,Buy,3.9563,€0.25,€1.00,€0.02,"Sep 5, 2021, 9:25:43 AM"
ETH,Buy,0.00030583,"€3,269.79",€1.00,€0.02,"Sep 5, 2021, 9:29:43 AM"
BTC,Buy,0.00002376,"€42,087.54",€1.00,€0.02,"Sep 5, 2021, 9:33:37 AM"
XRP,Buy,0.947314,€1.06,€1.00,€0.01,"Sep 5, 2021, 9:38:48 AM"
XLM,Buy,3.1553342,€0.32,€1.00,€0.02,"Sep 5, 2021, 9:39:15 AM"
LTC,Buy,0.00550205,€181.75,€1.00,€0.02,"Sep 5, 2021, 9:44:17 AM"
SOL,Buy,0.008533,€117.19,€1.00,€0.01,"Sep 5, 2021, 9:51:08 AM"
DOGE,Buy,3.78933778,€0.26,€1.00,€0.02,"Sep 6, 2021, 9:30:33 AM"
ETH,Buy,0.00030101,"€3,322.12",€1.00,€0.01,"Sep 6, 2021, 9:36:18 AM"
BTC,Buy,0.00002285,"€43,753.72",€1.00,€0.01,"Sep 6, 2021, 9:41:35 AM"
XRP,Buy,0.896275,€1.12,€1.00,€0.01,"Sep 6, 2021, 9:49:25 AM"
XLM,Buy,2.9985103,€0.33,€1.00,€0.01,"Sep 6, 2021, 9:50:10 AM"
LTC,Buy,0.00517893,€193.09,€1.00,€0.02,"Sep 6, 2021, 9:57:29 AM"
SOL,Buy,0.008129,€123.01,€1.00,€0.01,"Sep 6, 2021, 10:08:43 AM"
LINK,Sell,4.5808765,€30.00,€137.43,€3.48,"Sep 6, 2021, 4:07:27 PM"
DOGE,Buy,3.96951202,€0.25,€1.00,€0.01,"Sep 7, 2021, 9:26:28 AM"
ETH,Buy,0.00030422,"€3,287.02",€1.00,€0.01,"Sep 7, 2021, 9:32:25 AM"
BTC,Buy,0.00002267,"€44,111.16",€1.00,€0.03,"Sep 7, 2021, 9:38:09 AM"
XRP,Buy,0.877302,€1.14,€1.00,€0.01,"Sep 7, 2021, 9:45:47 AM"
XLM,Buy,2.9272521,€0.34,€1.00,€0.01,"Sep 7, 2021, 9:46:28 AM"
LTC,Buy,0.00546334,€183.04,€1.00,€0.01,"Sep 7, 2021, 9:53:35 AM"
SOL,Buy,0.006343,€157.65,€1.00,€0.01,"Sep 7, 2021, 10:03:47 AM"
DOGE,Buy,4.81260703,€0.21,€1.00,€0.03,"Sep 8, 2021, 9:18:49 AM"
ETH,Buy,0.00035508,"€2,816.22",€1.00,€0.01,"Sep 8, 2021, 9:23:08 AM"
BTC,Buy,0.00002611,"€38,289.24",€1.00,€0.01,"Sep 8, 2021, 9:27:28 AM"
XRP,Buy,1.113288,€0.90,€1.00,€0.01,"Sep 8, 2021, 9:33:52 AM"
XLM,Buy,3.7538977,€0.27,€1.00,€0.01,"Sep 8, 2021, 9:34:27 AM"
LTC,Buy,0.00681191,€146.80,€1.00,€0.01,"Sep 8, 2021, 9:40:43 AM"
SOL,Buy,0.007672,€130.33,€1.00,€0.01,"Sep 8, 2021, 9:49:33 AM"
DOGE,Buy,4.6356413,€0.22,€1.00,€0.01,"Sep 9, 2021, 9:18:33 AM"
ETH,Buy,0.00033926,"€2,947.57",€1.00,€0.01,"Sep 9, 2021, 9:22:31 AM"
BTC,Buy,0.00002557,"€39,094.57",€1.00,€0.01,"Sep 9, 2021, 9:26:20 AM"
XRP,Buy,1.067488,€0.94,€1.00,€0.01,"Sep 9, 2021, 9:31:51 AM"
XLM,Buy,3.5281751,€0.28,€1.00,€0.01,"Sep 9, 2021, 9:32:18 AM"
LTC,Buy,0.00647665,€154.40,€1.00,€0.01,"Sep 9, 2021, 9:37:15 AM"
SOL,Buy,0.0057,€175.44,€1.00,€0.01,"Sep 9, 2021, 9:45:04 AM"
DOGE,Buy,4.70561385,€0.21,€1.00,€0.01,"Sep 10, 2021, 9:24:37 AM"
ETH,Buy,0.00034565,"€2,893.05",€1.00,€0.01,"Sep 10, 2021, 9:28:50 AM"
BTC,Buy,0.00002563,"€39,004.60",€1.00,€0.01,"Sep 10, 2021, 9:32:49 AM"
XRP,Buy,1.076165,€0.93,€1.00,€0.01,"Sep 10, 2021, 9:38:27 AM"
XLM,Buy,3.5435402,€0.28,€1.00,€0.01,"Sep 10, 2021, 9:38:57 AM"
LTC,Buy,0.00656021,€152.43,€1.00,€0.01,"Sep 10, 2021, 9:44:07 AM"
SOL,Buy,0.006473,€154.49,€1.00,€0.01,"Sep 10, 2021, 9:51:56 AM"
DOGE,Buy,4.93676597,€0.20,€1.00,€0.03,"Sep 11, 2021, 9:20:01 AM"
ETH,Buy,0.00036463,"€2,742.51",€1.00,€0.03,"Sep 11, 2021, 9:24:04 AM"
BTC,Buy,0.00002621,"€38,153.38",€1.00,€0.03,"Sep 11, 2021, 9:28:09 AM"
XRP,Buy,1.108463,€0.90,€1.00,€0.01,"Sep 11, 2021, 9:33:59 AM"
XLM,Buy,3.7051337,€0.27,€1.00,€0.01,"Sep 11, 2021, 9:34:32 AM"
LTC,Buy,0.00676287,€147.87,€1.00,€0.03,"Sep 11, 2021, 9:40:06 AM"
SOL,Buy,0.006667,€149.98,€1.00,€0.01,"Sep 11, 2021, 9:47:17 AM"
DOGE,Buy,4.89589381,€0.20,€1.00,€0.03,"Sep 12, 2021, 9:17:00 AM"
ETH,Buy,0.00035645,"€2,805.44",€1.00,€0.03,"Sep 12, 2021, 9:21:01 AM"
BTC,Buy,0.00002615,"€38,240.92",€1.00,€0.03,"Sep 12, 2021, 9:25:03 AM"
XRP,Buy,1.095787,€0.91,€1.00,€0.01,"Sep 12, 2021, 9:30:44 AM"
XLM,Buy,3.6589891,€0.27,€1.00,€0.03,"Sep 12, 2021, 9:31:14 AM"
LTC,Buy,0.00665339,€150.30,€1.00,€0.03,"Sep 12, 2021, 9:36:34 AM"
SOL,Buy,0.006653,€150.29,€1.00,€0.01,"Sep 12, 2021, 9:43:14 AM"
DOGE,Buy,4.99356809,€0.20,€1.00,€0.01,"Sep 13, 2021, 9:29:11 AM"
ETH,Buy,0.0003673,"€2,722.57",€1.00,€0.03,"Sep 13, 2021, 9:35:07 AM"
BTC,Buy,0.00002643,"€37,835.79",€1.00,€0.03,"Sep 13, 2021, 9:41:12 AM"
XRP,Buy,1.125951,€0.89,€1.00,€0.01,"Sep 13, 2021, 9:49:32 AM"
XLM,Buy,3.7501472,€0.27,€1.00,€0.01,"Sep 13, 2021, 9:50:19 AM"
LTC,Buy,0.00678497,€147.38,€1.00,€0.01,"Sep 13, 2021, 9:57:50 AM"
SOL,Buy,0.007764,€128.78,€1.00,€0.01,"Sep 13, 2021, 10:08:38 AM"
DOGE,Buy,5.00021207,€0.20,€1.00,€0.01,"Sep 14, 2021, 9:22:29 AM"
ETH,Buy,0.00035603,"€2,808.73",€1.00,€0.01,"Sep 14, 2021, 9:27:38 AM"
BTC,Buy,0.00002583,"€38,702.99",€1.00,€0.01,"Sep 14, 2021, 9:32:53 AM"
XRP,Buy,1.094729,€0.91,€1.00,€0.01,"Sep 14, 2021, 9:39:46 AM"
XLM,Buy,3.6824919,€0.27,€1.00,€0.01,"Sep 14, 2021, 9:40:23 AM"
LTC,Buy,0.00660661,€151.36,€1.00,€0.01,"Sep 14, 2021, 9:46:26 AM"
SOL,Buy,0.007144,€139.96,€1.00,€0.01,"Sep 14, 2021, 9:55:09 AM"
DOGE,Buy,4.90343802,€0.20,€1.00,€0.03,"Sep 15, 2021, 9:29:52 AM"
ETH,Buy,0.00034761,"€2,876.77",€1.00,€0.01,"Sep 15, 2021, 9:35:21 AM"
BTC,Buy,0.00002504,"€39,931.32",€1.00,€0.01,"Sep 15, 2021, 9:40:34 AM"
XRP,Buy,1.081541,€0.92,€1.00,€0.01,"Sep 15, 2021, 9:47:34 AM"
XLM,Buy,3.5303828,€0.28,€1.00,€0.01,"Sep 15, 2021, 9:48:09 AM"
LTC,Buy,0.00647675,€154.40,€1.00,€0.01,"Sep 15, 2021, 9:54:43 AM"
SOL,Buy,0.007303,€136.92,€1.00,€0.01,"Sep 15, 2021, 10:04:31 AM"
DOGE,Buy,4.78349078,€0.21,€1.00,€0.03,"Sep 16, 2021, 9:25:52 AM"
ETH,Buy,0.00032446,"€3,081.97",€1.00,€0.01,"Sep 16, 2021, 9:30:57 AM"
BTC,Buy,0.00002434,"€41,079.57",€1.00,€0.01,"Sep 16, 2021, 9:35:34 AM"
XRP,Buy,1.048736,€0.95,€1.00,€0.01,"Sep 16, 2021, 9:42:08 AM"
XLM,Buy,3.4637879,€0.29,€1.00,€0.01,"Sep 16, 2021, 9:42:46 AM"
LTC,Buy,0.00615243,€162.54,€1.00,€0.01,"Sep 16, 2021, 9:49:20 AM"
SOL,Buy,0.007334,€136.35,€1.00,€0.01,"Sep 16, 2021, 9:58:19 AM"
DOGE,Buy,4.64371674,€0.22,€1.00,€0.03,"Sep 17, 2021, 9:28:49 AM"
ETH,Buy,0.00033221,"€3,010.09",€1.00,€0.01,"Sep 17, 2021, 9:35:28 AM"
BTC,Buy,0.00002459,"€40,655.70",€1.00,€0.01,"Sep 17, 2021, 9:41:51 AM"
XRP,Buy,1.077358,€0.93,€1.00,€0.01,"Sep 17, 2021, 9:50:03 AM"
XLM,Buy,3.560241,€0.28,€1.00,€0.03,"Sep 17, 2021, 9:50:52 AM"
LTC,Buy,0.00635721,€157.30,€1.00,€0.01,"Sep 17, 2021, 9:58:37 AM"
SOL,Buy,0.008138,€122.87,€1.00,€0.01,"Sep 17, 2021, 10:08:57 AM"
DOGE,Buy,4.78154423,€0.21,€1.00,€0.01,"Sep 18, 2021, 9:21:11 AM"
ETH,Buy,0.00033393,"€2,994.61",€1.00,€0.01,"Sep 18, 2021, 9:25:44 AM"
BTC,Buy,0.00002409,"€41,504.97",€1.00,€0.01,"Sep 18, 2021, 9:30:08 AM"
XRP,Buy,1.077133,€0.93,€1.00,€0.01,"Sep 18, 2021, 9:35:57 AM"
XLM,Buy,3.5942561,€0.28,€1.00,€0.01,"Sep 18, 2021, 9:36:32 AM"
LTC,Buy,0.00636922,€157.00,€1.00,€0.01,"Sep 18, 2021, 9:42:08 AM"
SOL,Buy,0.007412,€134.91,€1.00,€0.01,"Sep 18, 2021, 9:49:52 AM"
DOGE,Buy,4.87697643,€0.21,€1.00,€0.01,"Sep 19, 2021, 9:19:12 AM"
ETH,Buy,0.00034054,"€2,936.47",€1.00,€0.01,"Sep 19, 2021, 9:23:03 AM"
BTC,Buy,0.00002436,"€41,045.68",€1.00,€0.01,"Sep 19, 2021, 9:26:44 AM"
XRP,Buy,1.086083,€0.92,€1.00,€0.01,"Sep 19, 2021, 9:32:12 AM"
XLM,Buy,3.6321118,€0.28,€1.00,€0.01,"Sep 19, 2021, 9:32:40 AM"
LTC,Buy,0.00648569,€154.19,€1.00,€0.01,"Sep 19, 2021, 9:37:48 AM"
SOL,Buy,0.007294,€137.09,€1.00,€0.01,"Sep 19, 2021, 9:44:34 AM"
DOGE,Buy,5.31879053,€0.19,€1.00,€0.03,"Sep 20, 2021, 9:26:27 AM"
ETH,Buy,0.00036954,"€2,706.01",€1.00,€0.01,"Sep 20, 2021, 9:32:16 AM"
BTC,Buy,0.00002609,"€38,315.50",€1.00,€0.01,"Sep 20, 2021, 9:38:25 AM"
XRP,Buy,1.214809,€0.82,€1.00,€0.01,"Sep 20, 2021, 9:47:26 AM"
XLM,Buy,4.0124726,€0.25,€1.00,€0.01,"Sep 20, 2021, 9:48:12 AM"
LTC,Buy,0.0071537,€139.79,€1.00,€0.01,"Sep 20, 2021, 9:56:04 AM"
SOL,Buy,0.008377,€119.37,€1.00,€0.01,"Sep 20, 2021, 10:06:57 AM"
DOGE,Buy,5.63929245,€0.18,€1.00,€0.03,"Sep 21, 2021, 9:21:08 AM"
ETH,Buy,0.00038518,"€2,596.17",€1.00,€0.01,"Sep 21, 2021, 9:25:56 AM"
BTC,Buy,0.0000273,"€36,628.69",€1.00,€0.01,"Sep 21, 2021, 9:30:52 AM"
XRP,Buy,1.245655,€0.80,€1.00,€0.01,"Sep 21, 2021, 9:37:36 AM"
XLM,Buy,4.1616483,€0.24,€1.00,€0.01,"Sep 21, 2021, 9:38:12 AM"
LTC,Buy,0.00732772,€136.47,€1.00,€0.01,"Sep 21, 2021, 9:44:36 AM"
SOL,Buy,0.008253,€121.16,€1.00,€0.01,"Sep 21, 2021, 9:53:25 AM"
DOGE,Buy,5.60536238,€0.18,€1.00,€0.03,"Sep 22, 2021, 9:27:08 AM"
ETH,Buy,0.0003999,"€2,500.61",€1.00,€0.01,"Sep 22, 2021, 9:32:16 AM"
BTC,Buy,0.00002764,"€36,172.12",€1.00,€0.01,"Sep 22, 2021, 9:37:23 AM"
XRP,Buy,1.23879,€0.81,€1.00,€0.01,"Sep 22, 2021, 9:44:17 AM"
XLM,Buy,4.2083178,€0.24,€1.00,€0.01,"Sep 22, 2021, 9:44:54 AM"
LTC,Buy,0.00756815,€132.13,€1.00,€0.01,"Sep 22, 2021, 9:51:25 AM"
SOL,Buy,0.008797,€113.67,€1.00,€0.01,"Sep 22, 2021, 10:00:37 AM"
DOGE,Buy,5.22727867,€0.19,€1.00,€0.01,"Sep 23, 2021, 9:25:10 AM"
ETH,Buy,0.00037376,"€2,675.47",€1.00,€0.01,"Sep 23, 2021, 9:30:47 AM"
BTC,Buy,0.0000265,"€37,730.15",€1.00,€0.01,"Sep 23, 2021, 9:35:47 AM"
XRP,Buy,1.168636,€0.86,€1.00,€0.01,"Sep 23, 2021, 9:42:38 AM"
XLM,Buy,3.8767456,€0.26,€1.00,€0.01,"Sep 23, 2021, 9:43:12 AM"
LTC,Buy,0.00724778,€137.97,€1.00,€0.01,"Sep 23, 2021, 9:49:35 AM"
SOL,Buy,0.007698,€129.90,€1.00,€0.01,"Sep 23, 2021, 9:58:06 AM"
DOGE,Buy,5.31465346,€0.19,€1.00,€0.01,"Sep 24, 2021, 9:25:50 AM"
ETH,Buy,0.00037985,"€2,632.62",€1.00,€0.03,"Sep 24, 2021, 9:31:46 AM"
BTC,Buy,0.00002621,"€38,153.38",€1.00,€0.03,"Sep 24, 2021, 9:37:38 AM"
XRP,Buy,1.185477,€0.84,€1.00,€0.01,"Sep 24, 2021, 9:46:02 AM"
XLM,Buy,3.9104321,€0.26,€1.00,€0.03,"Sep 24, 2021, 9:46:48 AM"
LTC,Buy,0.00726064,€137.73,€1.00,€0.01,"Sep 24, 2021, 9:54:58 AM"
SOL,Buy,0.008077,€123.79,€1.00,€0.01,"Sep 24, 2021, 10:05:37 AM"
DOGE,Buy,5.5949,€0.18,€1.00,€0.03,"Sep 25, 2021, 9:23:45 AM"
ETH,Buy,0.0004017,"€2,489.42",€1.00,€0.03,"Sep 25, 2021, 9:27:10 AM"
BTC,Buy,0.00002768,"€36,127.17",€1.00,€0.03,"Sep 25, 2021, 9:30:51 AM"
XRP,Buy,1.241788,€0.81,€1.00,€0.01,"Sep 25, 2021, 9:36:21 AM"
XLM,Buy,4.2100804,€0.24,€1.00,€0.03,"Sep 25, 2021, 9:36:57 AM"
LTC,Buy,0.00764447,€130.81,€1.00,€0.03,"Sep 25, 2021, 9:42:33 AM"
SOL,Buy,0.008314,€120.27,€1.00,€0.01,"Sep 25, 2021, 9:50:26 AM"
DOGE,Buy,5.7375121,€0.17,€1.00,€0.02,"Sep 26, 2021, 9:16:34 AM"
ETH,Buy,0.00041373,"€2,417.04",€1.00,€0.02,"Sep 26, 2021, 9:19:41 AM"
BTC,Buy,0.0000279,"€35,842.29",€1.00,€0.02,"Sep 26, 2021, 9:22:42 AM"
XRP,Buy,1.270876,€0.79,€1.00,€0.01,"Sep 26, 2021, 9:26:51 AM"
XLM,Buy,4.3732594,€0.23,€1.00,€0.02,"Sep 26, 2021, 9:27:13 AM"
LTC,Buy,0.00793127,€126.08,€1.00,€0.02,"Sep 26, 2021, 9:30:58 AM"
SOL,Buy,0.009124,€109.60,€1.00,€0.01,"Sep 26, 2021, 9:35:50 AM"
DOGE,Buy,5.67803673,€0.18,€1.00,€0.02,"Sep 27, 2021, 9:19:19 AM"
ETH,Buy,0.00037834,"€2,643.10",€1.00,€0.01,"Sep 27, 2021, 9:23:47 AM"
BTC,Buy,0.00002673,"€37,405.55",€1.00,€0.01,"Sep 27, 2021, 9:28:17 AM"
XRP,Buy,1.21231,€0.82,€1.00,€0.01,"Sep 27, 2021, 9:35:02 AM"
XLM,Buy,4.2016877,€0.24,€1.00,€0.01,"Sep 27, 2021, 9:35:43 AM"
LTC,Buy,0.00765349,€130.66,€1.00,€0.01,"Sep 27, 2021, 9:41:53 AM"
SOL,Buy,0.0084,€119.05,€1.00,€0.01,"Sep 27, 2021, 9:49:59 AM"
DOGE,Buy,5.84891735,€0.17,€1.00,€0.01,"Sep 28, 2021, 9:22:36 AM"
ETH,Buy,0.00040397,"€2,475.41",€1.00,€0.01,"Sep 28, 2021, 9:27:54 AM"
BTC,Buy,0.00002788,"€35,863.89",€1.00,€0.01,"Sep 28, 2021, 9:33:12 AM"
XRP,Buy,1.260152,€0.79,€1.00,€0.01,"Sep 28, 2021, 9:40:27 AM"
XLM,Buy,4.4305555,€0.23,€1.00,€0.01,"Sep 28, 2021, 9:41:06 AM"
LTC,Buy,0.00806698,€123.96,€1.00,€0.02,"Sep 28, 2021, 9:47:45 AM"
SOL,Buy,0.008781,€113.87,€1.00,€0.01,"Sep 28, 2021, 9:57:25 AM"
DOGE,Buy,5.81087638,€0.17,€1.00,€0.02,"Sep 29, 2021, 9:22:35 AM"
ETH,Buy,0.00039839,"€2,510.09",€1.00,€0.01,"Sep 29, 2021, 9:27:43 AM"
BTC,Buy,0.00002748,"€36,387.32",€1.00,€0.01,"Sep 29, 2021, 9:32:48 AM"
XRP,Buy,1.258736,€0.79,€1.00,€0.01,"Sep 29, 2021, 9:39:28 AM"
XLM,Buy,4.3340348,€0.23,€1.00,€0.01,"Sep 29, 2021, 9:40:02 AM"
LTC,Buy,0.00799427,€125.09,€1.00,€0.01,"Sep 29, 2021, 9:45:28 AM"
SOL,Buy,0.008354,€119.70,€1.00,€0.01,"Sep 29, 2021, 9:52:49 AM"
DOGE,Buy,5.75740906,€0.17,€1.00,€0.02,"Sep 30, 2021, 9:25:46 AM"
ETH,Buy,0.0003852,"€2,596.05",€1.00,€0.02,"Sep 30, 2021, 9:30:28 AM"
BTC,Buy,0.00002673,"€37,405.55",€1.00,€0.01,"Sep 30, 2021, 9:35:30 AM"
XRP,Buy,1.227824,€0.81,€1.00,€0.01,"Sep 30, 2021, 9:42:26 AM"
XLM,Buy,4.2027224,€0.24,€1.00,€0.01,"Sep 30, 2021, 9:43:07 AM"
LTC,Buy,0.00767614,€130.27,€1.00,€0.02,"Sep 30, 2021, 9:49:33 AM"
SOL,Buy,0.008455,€118.27,€1.00,€0.01,"Sep 30, 2021, 9:58:19 AM"
DOGE,Buy,5.66709041,€0.18,€1.00,€0.01,"Oct 1, 2021, 9:24:50 AM"
ETH,Buy,0.00037612,"€2,658.70",€1.00,€0.01,"Oct 1, 2021, 9:30:52 AM"
BTC,Buy,0.00002586,"€38,662.14",€1.00,€0.01,"Oct 1, 2021, 9:36:44 AM"
XRP,Buy,1.190847,€0.84,€1.00,€0.01,"Oct 1, 2021, 9:44:11 AM"
XLM,Buy,4.1058616,€0.24,€1.00,€0.01,"Oct 1, 2021, 9:44:57 AM"
LTC,Buy,0.00730896,€136.82,€1.00,€0.01,"Oct 1, 2021, 9:51:55 AM"
SOL,Buy,0.008105,€123.37,€1.00,€0.01,"Oct 1, 2021, 10:02:22 AM"
DOGE,Sell,272.01957689,€0.24,€65.77,€1.64,"Oct 29, 2021, 2:14:53 PM"
LTC,Sell,0.35672988,€163.49,€58.32,€1.46,"Oct 29, 2021, 2:15:06 PM"
XLM,Sell,193.9427555,€0.30,€57.78,€1.44,"Oct 29, 2021, 2:15:19 PM"
SOL,Sell,0.275184,€168.51,€46.37,€1.16,"Oct 29, 2021, 2:15:33 PM"
BTC,Sell,0.00084616,"€52,226.50",€44.19,€1.10,"Oct 29, 2021, 2:15:46 PM"
ETH,Sell,0.01180459,"€3,690.85",€43.56,€1.09,"Oct 29, 2021, 2:15:57 PM"
XRP,Sell,36.644899,€0.97,€35.42,€0.89,"Oct 31, 2021, 8:07:08 AM"
DOGE,Buy,17.58722692,€0.06,€1.00,€0.01,"Jun 16, 2022, 9:14:54 AM"
ETH,Buy,0.00088464,"€1,130.39",€1.00,€0.01,"Jun 16, 2022, 9:18:45 AM"
BTC,Buy,0.00004766,"€20,981.21",€1.00,€0.01,"Jun 16, 2022, 9:22:10 AM"
XRP,Buy,3.171385,€0.32,€1.00,€0.01,"Jun 16, 2022, 9:26:55 AM"
XLM,Buy,9.069116,€0.11,€1.00,€0.01,"Jun 16, 2022, 9:27:21 AM"
LTC,Buy,0.02178466,€45.90,€1.00,€0.01,"Jun 16, 2022, 9:31:28 AM"
SOL,Buy,0.03188,€31.37,€1.00,€0.01,"Jun 16, 2022, 9:37:37 AM"
DOGE,Buy,18.48189049,€0.05,€1.00,€0.01,"Jun 17, 2022, 9:15:38 AM"
ETH,Buy,0.0009508,"€1,051.74",€1.00,€0.01,"Jun 17, 2022, 9:19:47 AM"
BTC,Buy,0.00004982,"€20,071.05",€1.00,€0.01,"Jun 17, 2022, 9:23:43 AM"
XRP,Buy,3.111174,€0.32,€1.00,€0.02,"Jun 17, 2022, 9:29:21 AM"
XLM,Buy,9.0397811,€0.11,€1.00,€0.02,"Jun 17, 2022, 9:29:54 AM"
LTC,Buy,0.0221216,€45.20,€1.00,€0.02,"Jun 17, 2022, 9:35:04 AM"
SOL,Buy,0.033167,€30.15,€1.00,€0.01,"Jun 17, 2022, 9:42:19 AM"
DOGE,Buy,19.59419262,€0.05,€1.00,€0.02,"Jun 18, 2022, 9:17:09 AM"
ETH,Buy,0.00104158,€960.08,€1.00,€0.02,"Jun 18, 2022, 9:20:44 AM"
BTC,Buy,0.00005438,"€18,389.11",€1.00,€0.02,"Jun 18, 2022, 9:24:15 AM"
XRP,Buy,3.416993,€0.29,€1.00,€0.02,"Jun 18, 2022, 9:29:23 AM"
XLM,Buy,10.0039941,€0.10,€1.00,€0.02,"Jun 18, 2022, 9:29:53 AM"
LTC,Buy,0.02361339,€42.35,€1.00,€0.02,"Jun 18, 2022, 9:34:27 AM"
SOL,Buy,0.036903,€27.10,€1.00,€0.01,"Jun 18, 2022, 9:41:08 AM"
DOGE,Buy,18.3133072,€0.05,€1.00,€0.02,"Jun 19, 2022, 9:21:19 AM"
ETH,Buy,0.00108761,€919.45,€1.00,€0.02,"Jun 19, 2022, 9:24:49 AM"
BTC,Buy,0.00005681,"€17,602.53",€1.00,€0.02,"Jun 19, 2022, 9:28:15 AM"
XRP,Buy,3.432501,€0.29,€1.00,€0.02,"Jun 19, 2022, 9:33:24 AM"
XLM,Buy,9.5621001,€0.10,€1.00,€0.02,"Jun 19, 2022, 9:33:55 AM"
LTC,Buy,0.02224509,€44.95,€1.00,€0.02,"Jun 19, 2022, 9:38:22 AM"
SOL,Buy,0.03586,€27.89,€1.00,€0.01,"Jun 19, 2022, 9:45:20 AM"
DOGE,Buy,18.18607549,€0.05,€1.00,€0.02,"Jun 20, 2022, 9:18:50 AM"
ETH,Buy,0.00098258,"€1,017.73",€1.00,€0.01,"Jun 20, 2022, 9:23:31 AM"
BTC,Buy,0.0000527,"€18,974.18",€1.00,€0.01,"Jun 20, 2022, 9:27:57 AM"
XRP,Buy,3.318409,€0.30,€1.00,€0.01,"Jun 20, 2022, 9:34:11 AM"
XLM,Buy,9.4150501,€0.11,€1.00,€0.02,"Jun 20, 2022, 9:34:45 AM"
LTC,Buy,0.02025402,€49.37,€1.00,€0.01,"Jun 20, 2022, 9:40:26 AM"
SOL,Buy,0.032859,€30.43,€1.00,€0.01,"Jun 20, 2022, 9:48:49 AM"
DOGE,Buy,17.06400098,€0.06,€1.00,€0.02,"Jun 21, 2022, 9:35:49 AM"
ETH,Buy,0.00091383,"€1,094.29",€1.00,€0.01,"Jun 21, 2022, 9:46:35 AM"
BTC,Buy,0.00005006,"€19,975.59",€1.00,€0.01,"Jun 21, 2022, 9:56:32 AM"
XLM,Buy,9.1546545,€0.11,€1.00,€0.01,"Jun 21, 2022, 10:06:38 AM"
LTC,Buy,0.01971612,€50.72,€1.00,€0.01,"Jun 21, 2022, 10:15:23 AM"
SOL,Buy,0.028016,€35.69,€1.00,€0.01,"Jun 21, 2022, 10:34:44 AM"
XRP,Buy,3.206934,€0.31,€1.00,€0.01,"Jun 21, 2022, 11:05:40 AM"
DOGE,Buy,16.86404175,€0.06,€1.00,€0.01,"Jun 22, 2022, 9:21:58 AM"
ETH,Buy,0.00096976,"€1,031.18",€1.00,€0.01,"Jun 22, 2022, 9:25:42 AM"
BTC,Buy,0.0000519,"€19,267.08",€1.00,€0.01,"Jun 22, 2022, 9:29:05 AM"
XRP,Buy,3.26448,€0.31,€1.00,€0.01,"Jun 22, 2022, 9:34:23 AM"
XLM,Buy,9.3931377,€0.11,€1.00,€0.01,"Jun 22, 2022, 9:34:54 AM"
LTC,Buy,0.02047813,€48.83,€1.00,€0.01,"Jun 22, 2022, 9:39:50 AM"
SOL,Buy,0.030854,€32.41,€1.00,€0.01,"Jun 22, 2022, 9:47:22 AM"
DOGE,Buy,16.41405506,€0.06,€1.00,€0.01,"Jun 23, 2022, 9:22:19 AM"
ETH,Buy,0.00095895,"€1,042.80",€1.00,€0.01,"Jun 23, 2022, 9:26:28 AM"
BTC,Buy,0.00005127,"€19,503.44",€1.00,€0.01,"Jun 23, 2022, 9:30:19 AM"
XRP,Buy,3.220191,€0.31,€1.00,€0.01,"Jun 23, 2022, 9:36:01 AM"
XLM,Buy,9.0273675,€0.11,€1.00,€0.01,"Jun 23, 2022, 9:36:33 AM"
LTC,Buy,0.01897582,€52.70,€1.00,€0.01,"Jun 23, 2022, 9:41:53 AM"
SOL,Buy,0.029151,€34.30,€1.00,€0.01,"Jun 23, 2022, 9:50:01 AM"
DOGE,Buy,16.26225126,€0.06,€1.00,€0.02,"Jun 24, 2022, 9:18:09 AM"
ETH,Buy,0.0009247,"€1,081.43",€1.00,€0.01,"Jun 24, 2022, 9:22:14 AM"
BTC,Buy,0.00005053,"€19,789.36",€1.00,€0.01,"Jun 24, 2022, 9:26:31 AM"
XRP,Buy,2.825875,€0.35,€1.00,€0.01,"Jun 24, 2022, 9:32:19 AM"
XLM,Buy,8.4335642,€0.12,€1.00,€0.01,"Jun 24, 2022, 9:32:52 AM"
LTC,Buy,0.01877594,€53.26,€1.00,€0.01,"Jun 24, 2022, 9:37:48 AM"
SOL,Buy,0.027399,€36.50,€1.00,€0.01,"Jun 24, 2022, 9:45:26 AM"
DOGE,Buy,15.42612756,€0.06,€1.00,€0.02,"Jun 25, 2022, 9:22:47 AM"
ETH,Buy,0.00085166,"€1,174.17",€1.00,€0.01,"Jun 25, 2022, 9:26:20 AM"
BTC,Buy,0.000049,"€20,408.16",€1.00,€0.02,"Jun 25, 2022, 9:29:50 AM"
XRP,Buy,2.833865,€0.35,€1.00,€0.01,"Jun 25, 2022, 9:34:59 AM"
XLM,Buy,8.1463503,€0.12,€1.00,€0.02,"Jun 25, 2022, 9:35:26 AM"
LTC,Buy,0.01852486,€53.98,€1.00,€0.01,"Jun 25, 2022, 9:40:08 AM"
SOL,Buy,0.025075,€39.88,€1.00,€0.01,"Jun 25, 2022, 9:47:40 AM"
DOGE,Buy,15.33698162,€0.07,€1.00,€0.02,"Jun 26, 2022, 9:19:11 AM"
ETH,Buy,0.00084881,"€1,178.12",€1.00,€0.01,"Jun 26, 2022, 9:23:07 AM"
BTC,Buy,0.00004913,"€20,354.16",€1.00,€0.02,"Jun 26, 2022, 9:26:56 AM"
XRP,Buy,2.847575,€0.35,€1.00,€0.01,"Jun 26, 2022, 9:32:42 AM"
XLM,Buy,8.2823615,€0.12,€1.00,€0.02,"Jun 26, 2022, 9:33:14 AM"
LTC,Buy,0.01778223,€56.24,€1.00,€0.01,"Jun 26, 2022, 9:38:25 AM"
SOL,Buy,0.025486,€39.24,€1.00,€0.01,"Jun 26, 2022, 9:45:43 AM"
DOGE,Buy,13.6616686,€0.07,€1.00,€0.02,"Jun 27, 2022, 9:16:53 AM"
ETH,Buy,0.00086182,"€1,160.32",€1.00,€0.01,"Jun 27, 2022, 9:21:10 AM"
BTC,Buy,0.0000494,"€20,239.64",€1.00,€0.01,"Jun 27, 2022, 9:25:20 AM"
XRP,Buy,2.893765,€0.35,€1.00,€0.01,"Jun 27, 2022, 9:31:16 AM"
XLM,Buy,8.5922453,€0.12,€1.00,€0.02,"Jun 27, 2022, 9:31:47 AM"
LTC,Buy,0.01807598,€55.32,€1.00,€0.01,"Jun 27, 2022, 9:37:10 AM"
SOL,Buy,0.02607,€38.36,€1.00,€0.01,"Jun 27, 2022, 9:45:16 AM"
DOGE,Buy,14.64775964,€0.07,€1.00,€0.02,"Jun 28, 2022, 9:21:59 AM"
ETH,Buy,0.00087439,"€1,143.65",€1.00,€0.01,"Jun 28, 2022, 9:26:12 AM"
BTC,Buy,0.00005067,"€19,735.23",€1.00,€0.01,"Jun 28, 2022, 9:30:17 AM"
XRP,Buy,3.021354,€0.33,€1.00,€0.01,"Jun 28, 2022, 9:36:30 AM"
XLM,Buy,8.9484412,€0.11,€1.00,€0.01,"Jun 28, 2022, 9:37:03 AM"
LTC,Buy,0.0189674,€52.72,€1.00,€0.01,"Jun 28, 2022, 9:42:04 AM"
SOL,Buy,0.027508,€36.35,€1.00,€0.01,"Jun 28, 2022, 9:49:13 AM"
DOGE,Buy,16.12787599,€0.06,€1.00,€0.02,"Jun 29, 2022, 9:17:30 AM"
ETH,Buy,0.00093338,"€1,071.37",€1.00,€0.01,"Jun 29, 2022, 9:21:43 AM"
BTC,Buy,0.00005234,"€19,105.85",€1.00,€0.02,"Jun 29, 2022, 9:25:38 AM"
XRP,Buy,3.185258,€0.31,€1.00,€0.01,"Jun 29, 2022, 9:31:37 AM"
XLM,Buy,9.3248602,€0.11,€1.00,€0.02,"Jun 29, 2022, 9:32:09 AM"
LTC,Buy,0.02013587,€49.66,€1.00,€0.02,"Jun 29, 2022, 9:37:15 AM"
SOL,Buy,0.029843,€33.51,€1.00,€0.01,"Jun 29, 2022, 9:44:36 AM"
DOGE,Buy,15.99439872,€0.06,€1.00,€0.02,"Jun 30, 2022, 9:22:08 AM"
ETH,Buy,0.00098527,"€1,014.95",€1.00,€0.02,"Jun 30, 2022, 9:26:26 AM"
BTC,Buy,0.00005371,"€18,618.05",€1.00,€0.01,"Jun 30, 2022, 9:30:27 AM"
XRP,Buy,3.278942,€0.30,€1.00,€0.01,"Jun 30, 2022, 9:36:11 AM"
XLM,Buy,9.8844979,€0.10,€1.00,€0.02,"Jun 30, 2022, 9:36:45 AM"
LTC,Buy,0.02025511,€49.37,€1.00,€0.01,"Jun 30, 2022, 9:42:06 AM"
SOL,Buy,0.03296,€30.34,€1.00,€0.01,"Jun 30, 2022, 9:50:21 AM"
DOGE,Buy,15.94753302,€0.06,€1.00,€0.02,"Jul 1, 2022, 9:22:07 AM"
ETH,Buy,0.00097871,"€1,021.75",€1.00,€0.01,"Jul 1, 2022, 9:26:45 AM"
BTC,Buy,0.00005349,"€18,692.92",€1.00,€0.01,"Jul 1, 2022, 9:30:55 AM"
XRP,Buy,3.2631,€0.31,€1.00,€0.01,"Jul 1, 2022, 9:36:58 AM"
XLM,Buy,9.3727636,€0.11,€1.00,€0.01,"Jul 1, 2022, 9:37:32 AM"
LTC,Buy,0.02028628,€49.29,€1.00,€0.01,"Jul 1, 2022, 9:42:54 AM"
SOL,Buy,0.031447,€31.80,€1.00,€0.01,"Jul 1, 2022, 9:51:23 AM"
DOGE,Buy,15.54075204,€0.06,€1.00,€0.02,"Jul 2, 2022, 9:19:07 AM"
ETH,Buy,0.00099109,"€1,008.99",€1.00,€0.02,"Jul 2, 2022, 9:23:15 AM"
BTC,Buy,0.00005407,"€18,494.54",€1.00,€0.02,"Jul 2, 2022, 9:27:12 AM"
XRP,Buy,3.324459,€0.30,€1.00,€0.01,"Jul 2, 2022, 9:32:17 AM"
XLM,Buy,9.6858585,€0.10,€1.00,€0.02,"Jul 2, 2022, 9:32:47 AM"
LTC,Buy,0.02040701,€49.00,€1.00,€0.02,"Jul 2, 2022, 9:37:21 AM"
SOL,Buy,0.031869,€31.38,€1.00,€0.01,"Jul 2, 2022, 9:44:21 AM"
DOGE,Buy,15.72364358,€0.06,€1.00,€0.02,"Jul 3, 2022, 9:15:04 AM"
ETH,Buy,0.00098025,"€1,020.15",€1.00,€0.02,"Jul 3, 2022, 9:19:06 AM"
BTC,Buy,0.00005434,"€18,402.65",€1.00,€0.02,"Jul 3, 2022, 9:22:51 AM"
XRP,Buy,3.333503,€0.30,€1.00,€0.01,"Jul 3, 2022, 9:27:59 AM"
XLM,Buy,9.6945237,€0.10,€1.00,€0.02,"Jul 3, 2022, 9:28:28 AM"
LTC,Buy,0.02082387,€48.02,€1.00,€0.02,"Jul 3, 2022, 9:32:54 AM"
SOL,Buy,0.031639,€31.61,€1.00,€0.02,"Jul 3, 2022, 9:39:09 AM"
DOGE,Buy,15.77449652,€0.06,€1.00,€0.02,"Jul 4, 2022, 9:23:00 AM"
ETH,Buy,0.00099347,"€1,006.56",€1.00,€0.01,"Jul 4, 2022, 9:27:47 AM"
BTC,Buy,0.00005459,"€18,316.02",€1.00,€0.01,"Jul 4, 2022, 9:32:16 AM"
XRP,Buy,3.288804,€0.30,€1.00,€0.01,"Jul 4, 2022, 9:38:24 AM"
XLM,Buy,9.7374761,€0.10,€1.00,€0.02,"Jul 4, 2022, 9:39:00 AM"
LTC,Buy,0.02088894,€47.87,€1.00,€0.02,"Jul 4, 2022, 9:44:42 AM"
SOL,Buy,0.031791,€31.46,€1.00,€0.01,"Jul 4, 2022, 9:53:30 AM"
DOGE,Buy,15.12350992,€0.07,€1.00,€0.02,"Jul 5, 2022, 9:21:34 AM"
ETH,Buy,0.00089854,"€1,112.92",€1.00,€0.02,"Jul 5, 2022, 9:25:57 AM"
BTC,Buy,0.00005125,"€19,508.77",€1.00,€0.01,"Jul 5, 2022, 9:30:25 AM"
XRP,Buy,3.16286,€0.32,€1.00,€0.01,"Jul 5, 2022, 9:36:12 AM"
XLM,Buy,9.4158527,€0.11,€1.00,€0.01,"Jul 5, 2022, 9:36:43 AM"
LTC,Buy,0.01998008,€50.05,€1.00,€0.01,"Jul 5, 2022, 9:42:12 AM"
SOL,Buy,0.028925,€34.57,€1.00,€0.01,"Jul 5, 2022, 9:50:16 AM"
DOGE,Buy,15.13904685,€0.07,€1.00,€0.02,"Jul 6, 2022, 9:15:44 AM"
ETH,Buy,0.00090097,"€1,109.91",€1.00,€0.01,"Jul 6, 2022, 9:20:00 AM"
BTC,Buy,0.00005086,"€19,661.35",€1.00,€0.01,"Jul 6, 2022, 9:24:02 AM"
XRP,Buy,3.188686,€0.31,€1.00,€0.01,"Jul 6, 2022, 9:29:24 AM"
XLM,Buy,9.4791577,€0.11,€1.00,€0.02,"Jul 6, 2022, 9:29:54 AM"
LTC,Buy,0.02044243,€48.92,€1.00,€0.02,"Jul 6, 2022, 9:34:40 AM"
SOL,Buy,0.028369,€35.25,€1.00,€0.01,"Jul 6, 2022, 9:42:26 AM"
DOGE,Buy,14.92649255,€0.07,€1.00,€0.02,"Jul 7, 2022, 9:16:27 AM"
ETH,Buy,0.00087157,"€1,147.35",€1.00,€0.01,"Jul 7, 2022, 9:20:38 AM"
BTC,Buy,0.00005003,"€19,984.81",€1.00,€0.01,"Jul 7, 2022, 9:24:42 AM"
XRP,Buy,3.073293,€0.33,€1.00,€0.01,"Jul 7, 2022, 9:30:37 AM"
XLM,Buy,9.2715133,€0.11,€1.00,€0.02,"Jul 7, 2022, 9:31:10 AM"
LTC,Buy,0.02033346,€49.18,€1.00,€0.01,"Jul 7, 2022, 9:36:33 AM"
SOL,Buy,0.027682,€36.12,€1.00,€0.01,"Jul 7, 2022, 9:44:41 AM"
DOGE,Buy,14.33980417,€0.07,€1.00,€0.02,"Jul 8, 2022, 9:22:23 AM"
ETH,Buy,0.00081579,"€1,225.80",€1.00,€0.01,"Jul 8, 2022, 9:26:40 AM"
BTC,Buy,0.00004634,"€21,579.63",€1.00,€0.02,"Jul 8, 2022, 9:30:42 AM"
XRP,Buy,2.846967,€0.35,€1.00,€0.01,"Jul 8, 2022, 9:36:25 AM"
XLM,Buy,8.6403867,€0.12,€1.00,€0.01,"Jul 8, 2022, 9:36:58 AM"
LTC,Buy,0.01900447,€52.62,€1.00,€0.01,"Jul 8, 2022, 9:42:18 AM"
SOL,Buy,0.026934,€37.13,€1.00,€0.01,"Jul 8, 2022, 9:50:04 AM"
DOGE,Buy,14.53278572,€0.07,€1.00,€0.02,"Jul 9, 2022, 9:15:46 AM"
ETH,Buy,0.00082939,"€1,205.70",€1.00,€0.01,"Jul 9, 2022, 9:19:50 AM"
BTC,Buy,0.00004686,"€21,340.16",€1.00,€0.02,"Jul 9, 2022, 9:23:45 AM"
XRP,Buy,2.949595,€0.34,€1.00,€0.02,"Jul 9, 2022, 9:29:23 AM"
XLM,Buy,8.9403995,€0.11,€1.00,€0.02,"Jul 9, 2022, 9:29:54 AM"
LTC,Buy,0.01938298,€51.59,€1.00,€0.02,"Jul 9, 2022, 9:35:12 AM"
SOL,Buy,0.026393,€37.89,€1.00,€0.01,"Jul 9, 2022, 9:44:09 AM"
DOGE,Buy,14.8741134,€0.07,€1.00,€0.02,"Jul 10, 2022, 9:18:30 AM"
ETH,Buy,0.0008554,"€1,169.03",€1.00,€0.01,"Jul 10, 2022, 9:22:56 AM"
BTC,Buy,0.00004774,"€20,946.80",€1.00,€0.02,"Jul 10, 2022, 9:27:14 AM"
XRP,Buy,2.988194,€0.33,€1.00,€0.01,"Jul 10, 2022, 9:33:26 AM"
XLM,Buy,9.0873849,€0.11,€1.00,€0.02,"Jul 10, 2022, 9:34:06 AM"
LTC,Buy,0.01864902,€53.62,€1.00,€0.02,"Jul 10, 2022, 9:39:43 AM"
SOL,Buy,0.027229,€36.73,€1.00,€0.01,"Jul 10, 2022, 9:47:19 AM"
DOGE,Buy,15.52472706,€0.06,€1.00,€0.02,"Jul 11, 2022, 9:22:20 AM"
ETH,Buy,0.00088564,"€1,129.12",€1.00,€0.01,"Jul 11, 2022, 9:27:08 AM"
BTC,Buy,0.0000495,"€20,201.53",€1.00,€0.01,"Jul 11, 2022, 9:31:48 AM"
XRP,Buy,3.103025,€0.32,€1.00,€0.01,"Jul 11, 2022, 9:38:12 AM"
XLM,Buy,9.5892978,€0.10,€1.00,€0.02,"Jul 11, 2022, 9:38:48 AM"
LTC,Buy,0.0198517,€50.37,€1.00,€0.01,"Jul 11, 2022, 9:44:46 AM"
SOL,Buy,0.028743,€34.79,€1.00,€0.01,"Jul 11, 2022, 9:54:12 AM"
DOGE,Buy,16.23987756,€0.06,€1.00,€0.02,"Jul 12, 2022, 9:19:00 AM"
ETH,Buy,0.00093875,"€1,065.25",€1.00,€0.02,"Jul 12, 2022, 9:24:17 AM"
BTC,Buy,0.00005093,"€19,633.41",€1.00,€0.01,"Jul 12, 2022, 9:29:09 AM"
XRP,Buy,3.233349,€0.31,€1.00,€0.01,"Jul 12, 2022, 9:36:21 AM"
XLM,Buy,9.8118382,€0.10,€1.00,€0.02,"Jul 12, 2022, 9:36:59 AM"
LTC,Buy,0.02071453,€48.28,€1.00,€0.01,"Jul 12, 2022, 9:43:16 AM"
SOL,Buy,0.029854,€33.50,€1.00,€0.01,"Jul 12, 2022, 9:52:32 AM"
DOGE,Buy,16.42339698,€0.06,€1.00,€0.01,"Jul 13, 2022, 9:24:01 AM"
ETH,Buy,0.00094563,"€1,057.49",€1.00,€0.01,"Jul 13, 2022, 9:29:25 AM"
BTC,Buy,0.00005125,"€19,510.06",€1.00,€0.01,"Jul 13, 2022, 9:34:31 AM"
XRP,Buy,3.134983,€0.32,€1.00,€0.01,"Jul 13, 2022, 9:41:50 AM"
XLM,Buy,9.6733713,€0.10,€1.00,€0.01,"Jul 13, 2022, 9:42:35 AM"
LTC,Buy,0.02048129,€48.83,€1.00,€0.01,"Jul 13, 2022, 9:49:11 AM"
SOL,Buy,0.029732,€33.63,€1.00,€0.01,"Jul 13, 2022, 9:58:56 AM"
DOGE,Buy,16.51117243,€0.06,€1.00,€0.02,"Jul 14, 2022, 9:21:27 AM"
ETH,Buy,0.00091283,"€1,095.49",€1.00,€0.01,"Jul 14, 2022, 9:26:44 AM"
BTC,Buy,0.00005006,"€19,973.64",€1.00,€0.01,"Jul 14, 2022, 9:31:36 AM"
XRP,Buy,3.125791,€0.32,€1.00,€0.01,"Jul 14, 2022, 9:38:49 AM"
XLM,Buy,9.682884,€0.10,€1.00,€0.01,"Jul 14, 2022, 9:39:28 AM"
LTC,Buy,0.020485,€48.82,€1.00,€0.01,"Jul 14, 2022, 9:46:01 AM"
SOL,Buy,0.029241,€34.20,€1.00,€0.01,"Jul 14, 2022, 9:55:57 AM"
DOGE,Buy,15.95630941,€0.06,€1.00,€0.02,"Jul 15, 2022, 9:25:42 AM"
ETH,Buy,0.00082342,"€1,214.43",€1.00,€0.01,"Jul 15, 2022, 9:30:59 AM"
BTC,Buy,0.00004808,"€20,798.67",€1.00,€0.02,"Jul 15, 2022, 9:36:21 AM"
XRP,Buy,2.951779,€0.34,€1.00,€0.01,"Jul 15, 2022, 9:43:46 AM"
XLM,Buy,9.3325124,€0.11,€1.00,€0.01,"Jul 15, 2022, 9:44:27 AM"
LTC,Buy,0.01957601,€51.08,€1.00,€0.01,"Jul 15, 2022, 9:51:01 AM"
SOL,Buy,0.026712,€37.44,€1.00,€0.01,"Jul 15, 2022, 10:00:43 AM"
DOGE,Buy,16.20380166,€0.06,€1.00,€0.02,"Jul 16, 2022, 9:17:53 AM"
ETH,Buy,0.00083638,"€1,195.62",€1.00,€0.01,"Jul 16, 2022, 9:22:49 AM"
BTC,Buy,0.00004887,"€20,460.40",€1.00,€0.01,"Jul 16, 2022, 9:27:36 AM"
XRP,Buy,3.007691,€0.33,€1.00,€0.01,"Jul 16, 2022, 9:34:19 AM"
XLM,Buy,9.4820555,€0.11,€1.00,€0.02,"Jul 16, 2022, 9:35:01 AM"
LTC,Buy,0.01953096,€51.20,€1.00,€0.02,"Jul 16, 2022, 9:41:22 AM"
SOL,Buy,0.027638,€36.18,€1.00,€0.01,"Jul 16, 2022, 9:50:38 AM"
DOGE,Buy,15.40483665,€0.06,€1.00,€0.02,"Jul 17, 2022, 9:18:16 AM"
ETH,Buy,0.00073604,"€1,358.61",€1.00,€0.01,"Jul 17, 2022, 9:23:11 AM"
BTC,Buy,0.00004673,"€21,398.89",€1.00,€0.01,"Jul 17, 2022, 9:27:35 AM"
XRP,Buy,2.811891,€0.36,€1.00,€0.01,"Jul 17, 2022, 9:34:11 AM"
XLM,Buy,9.0446033,€0.11,€1.00,€0.02,"Jul 17, 2022, 9:34:49 AM"
LTC,Buy,0.0179768,€55.63,€1.00,€0.02,"Jul 17, 2022, 9:41:02 AM"
SOL,Buy,0.024777,€40.36,€1.00,€0.01,"Jul 17, 2022, 9:50:14 AM"
DOGE,Buy,15.31994532,€0.07,€1.00,€0.01,"Jul 18, 2022, 9:20:54 AM"
ETH,Buy,0.00069549,"€1,437.82",€1.00,€0.01,"Jul 18, 2022, 9:26:34 AM"
BTC,Buy,0.00004552,"€21,965.95",€1.00,€0.01,"Jul 18, 2022, 9:32:17 AM"
XRP,Buy,2.800422,€0.36,€1.00,€0.01,"Jul 18, 2022, 9:40:26 AM"
XLM,Buy,9.0141306,€0.11,€1.00,€0.02,"Jul 18, 2022, 9:41:10 AM"
LTC,Buy,0.01742298,€57.40,€1.00,€0.01,"Jul 18, 2022, 9:48:58 AM"
SOL,Buy,0.024034,€41.61,€1.00,€0.01,"Jul 18, 2022, 10:00:10 AM"
DOGE,Buy,15.34171595,€0.07,€1.00,€0.02,"Jul 19, 2022, 9:23:27 AM"
ETH,Buy,0.00067045,"€1,491.51",€1.00,€0.01,"Jul 19, 2022, 9:28:51 AM"
BTC,Buy,0.00004694,"€21,303.24",€1.00,€0.01,"Jul 19, 2022, 9:34:18 AM"
XRP,Buy,2.876714,€0.35,€1.00,€0.01,"Jul 19, 2022, 9:42:07 AM"
XLM,Buy,8.9682692,€0.11,€1.00,€0.01,"Jul 19, 2022, 9:42:50 AM"
LTC,Buy,0.01798196,€55.61,€1.00,€0.01,"Jul 19, 2022, 9:49:21 AM"
SOL,Buy,0.023523,€42.51,€1.00,€0.01,"Jul 19, 2022, 9:59:28 AM"
DOGE,Buy,13.55615916,€0.07,€1.00,€0.01,"Jul 20, 2022, 9:21:53 AM"
ETH,Buy,0.00065688,"€1,522.33",€1.00,€0.01,"Jul 20, 2022, 9:27:35 AM"
BTC,Buy,0.00004333,"€23,076.99",€1.00,€0.01,"Jul 20, 2022, 9:33:12 AM"
XRP,Buy,2.706997,€0.37,€1.00,€0.01,"Jul 20, 2022, 9:41:18 AM"
XLM,Buy,8.5406511,€0.12,€1.00,€0.02,"Jul 20, 2022, 9:42:04 AM"
LTC,Buy,0.01748829,€57.18,€1.00,€0.01,"Jul 20, 2022, 9:49:08 AM"
SOL,Buy,0.022951,€43.57,€1.00,€0.01,"Jul 20, 2022, 9:59:26 AM"
DOGE,Buy,14.74088644,€0.07,€1.00,€0.01,"Jul 21, 2022, 9:22:10 AM"
ETH,Buy,0.00068251,"€1,465.17",€1.00,€0.01,"Jul 21, 2022, 9:27:45 AM"
BTC,Buy,0.00004436,"€22,539.58",€1.00,€0.01,"Jul 21, 2022, 9:32:40 AM"
XRP,Buy,2.851294,€0.35,€1.00,€0.01,"Jul 21, 2022, 9:39:51 AM"
XLM,Buy,9.0708138,€0.11,€1.00,€0.01,"Jul 21, 2022, 9:40:31 AM"
LTC,Buy,0.01800539,€55.54,€1.00,€0.01,"Jul 21, 2022, 9:47:18 AM"
SOL,Buy,0.024803,€40.32,€1.00,€0.01,"Jul 21, 2022, 9:56:52 AM"
DOGE,Buy,14.5370373,€0.07,€1.00,€0.01,"Jul 22, 2022, 9:18:51 AM"
ETH,Buy,0.00063672,"€1,570.53",€1.00,€0.01,"Jul 22, 2022, 9:23:52 AM"
BTC,Buy,0.00004367,"€22,895.35",€1.00,€0.01,"Jul 22, 2022, 9:28:24 AM"
XRP,Buy,2.77997,€0.36,€1.00,€0.01,"Jul 22, 2022, 9:35:10 AM"
XLM,Buy,8.834475,€0.11,€1.00,€0.01,"Jul 22, 2022, 9:35:47 AM"
LTC,Buy,0.0174691,€57.24,€1.00,€0.02,"Jul 22, 2022, 9:41:56 AM"
SOL,Buy,0.023686,€42.22,€1.00,€0.01,"Jul 22, 2022, 9:51:15 AM"
DOGE,Buy,14.81028497,€0.07,€1.00,€0.02,"Jul 23, 2022, 9:16:46 AM"
ETH,Buy,0.00064615,"€1,547.62",€1.00,€0.01,"Jul 23, 2022, 9:21:03 AM"
BTC,Buy,0.0000448,"€22,321.43",€1.00,€0.02,"Jul 23, 2022, 9:25:07 AM"
XRP,Buy,2.819106,€0.35,€1.00,€0.02,"Jul 23, 2022, 9:30:57 AM"
XLM,Buy,9.008837,€0.11,€1.00,€0.02,"Jul 23, 2022, 9:31:30 AM"
LTC,Buy,0.01794264,€55.73,€1.00,€0.02,"Jul 23, 2022, 9:36:41 AM"
SOL,Buy,0.024579,€40.68,€1.00,€0.01,"Jul 23, 2022, 9:44:32 AM"
DOGE,Buy,14.80484854,€0.07,€1.00,€0.02,"Jul 24, 2022, 9:18:08 AM"
ETH,Buy,0.00063247,"€1,581.10",€1.00,€0.02,"Jul 24, 2022, 9:22:21 AM"
BTC,Buy,0.0000447,"€22,366.42",€1.00,€0.01,"Jul 24, 2022, 9:26:13 AM"
XRP,Buy,2.813263,€0.36,€1.00,€0.01,"Jul 24, 2022, 9:32:17 AM"
XLM,Buy,8.9441358,€0.11,€1.00,€0.02,"Jul 24, 2022, 9:32:49 AM"
LTC,Buy,0.01756047,€56.95,€1.00,€0.02,"Jul 24, 2022, 9:38:18 AM"
SOL,Buy,0.024944,€40.09,€1.00,€0.01,"Jul 24, 2022, 9:45:59 AM"
DOGE,Buy,15.6841103,€0.06,€1.00,€0.02,"Jul 25, 2022, 9:23:09 AM"
ETH,Buy,0.00066921,"€1,494.30",€1.00,€0.02,"Jul 25, 2022, 9:28:21 AM"
BTC,Buy,0.00004644,"€21,529.45",€1.00,€0.01,"Jul 25, 2022, 9:33:26 AM"
XRP,Buy,2.950005,€0.34,€1.00,€0.01,"Jul 25, 2022, 9:40:30 AM"
XLM,Buy,9.1826695,€0.11,€1.00,€0.01,"Jul 25, 2022, 9:41:09 AM"
LTC,Buy,0.01807433,€55.33,€1.00,€0.02,"Jul 25, 2022, 9:47:29 AM"
SOL,Buy,0.026414,€37.86,€1.00,€0.01,"Jul 25, 2022, 9:57:15 AM"
DOGE,Buy,16.52082901,€0.06,€1.00,€0.02,"Jul 26, 2022, 9:19:30 AM"
ETH,Buy,0.00071815,"€1,392.47",€1.00,€0.02,"Jul 26, 2022, 9:24:22 AM"
BTC,Buy,0.00004836,"€20,677.82",€1.00,€0.01,"Jul 26, 2022, 9:28:41 AM"
XRP,Buy,3.079813,€0.32,€1.00,€0.01,"Jul 26, 2022, 9:35:23 AM"
XLM,Buy,9.7557293,€0.10,€1.00,€0.02,"Jul 26, 2022, 9:35:56 AM"
LTC,Buy,0.01914507,€52.23,€1.00,€0.01,"Jul 26, 2022, 9:42:10 AM"
SOL,Buy,0.028591,€34.98,€1.00,€0.01,"Jul 26, 2022, 9:51:33 AM"
DOGE,Buy,16.06968622,€0.06,€1.00,€0.02,"Jul 27, 2022, 9:23:52 AM"
ETH,Buy,0.00069432,"€1,440.26",€1.00,€0.02,"Jul 27, 2022, 9:28:46 AM"
BTC,Buy,0.00004736,"€21,113.97",€1.00,€0.01,"Jul 27, 2022, 9:33:16 AM"
XRP,Buy,3.012587,€0.33,€1.00,€0.01,"Jul 27, 2022, 9:39:42 AM"
XLM,Buy,9.5422749,€0.10,€1.00,€0.02,"Jul 27, 2022, 9:40:14 AM"
LTC,Buy,0.0187382,€53.37,€1.00,€0.01,"Jul 27, 2022, 9:46:10 AM"
SOL,Buy,0.02754,€36.31,€1.00,€0.01,"Jul 27, 2022, 9:54:46 AM"
DOGE,Buy,15.25112775,€0.07,€1.00,€0.02,"Jul 28, 2022, 9:23:34 AM"
ETH,Buy,0.00062366,"€1,603.44",€1.00,€0.02,"Jul 28, 2022, 9:28:30 AM"
BTC,Buy,0.00004442,"€22,512.38",€1.00,€0.02,"Jul 28, 2022, 9:32:56 AM"
XRP,Buy,2.862885,€0.35,€1.00,€0.01,"Jul 28, 2022, 9:39:39 AM"
XLM,Buy,9.1241672,€0.11,€1.00,€0.01,"Jul 28, 2022, 9:40:13 AM"
LTC,Buy,0.01712239,€58.40,€1.00,€0.01,"Jul 28, 2022, 9:46:12 AM"
SOL,Buy,0.025889,€38.63,€1.00,€0.01,"Jul 28, 2022, 9:55:05 AM"
DOGE,Buy,14.37242604,€0.07,€1.00,€0.02,"Jul 29, 2022, 9:26:02 AM"
ETH,Buy,0.00059645,"€1,676.58",€1.00,€0.01,"Jul 29, 2022, 9:31:24 AM"
BTC,Buy,0.00004275,"€23,387.44",€1.00,€0.01,"Jul 29, 2022, 9:36:22 AM"
XRP,Buy,2.741764,€0.36,€1.00,€0.01,"Jul 29, 2022, 9:43:41 AM"
XLM,Buy,8.7057925,€0.11,€1.00,€0.01,"Jul 29, 2022, 9:44:22 AM"
DOGE,Buy,14.61325818,€0.07,€1.00,€0.02,"Jul 30, 2022, 9:22:23 AM"
ETH,Buy,0.00059479,"€1,681.27",€1.00,€0.02,"Jul 30, 2022, 9:27:05 AM"
BTC,Buy,0.00004269,"€23,424.69",€1.00,€0.02,"Jul 30, 2022, 9:31:19 AM"
XRP,Buy,2.754265,€0.36,€1.00,€0.01,"Jul 30, 2022, 9:37:37 AM"
XLM,Buy,8.6373494,€0.12,€1.00,€0.02,"Jul 30, 2022, 9:38:12 AM"
LTC,Buy,0.01662252,€60.16,€1.00,€0.02,"Jul 30, 2022, 9:43:54 AM"
SOL,Buy,0.024091,€41.51,€1.00,€0.01,"Jul 30, 2022, 9:52:39 AM"
DOGE,Buy,14.33128684,€0.07,€1.00,€0.02,"Jul 31, 2022, 9:18:13 AM"
ETH,Buy,0.00059799,"€1,672.27",€1.00,€0.02,"Jul 31, 2022, 9:22:59 AM"
BTC,Buy,0.00004288,"€23,320.90",€1.00,€0.02,"Jul 31, 2022, 9:27:23 AM"
XRP,Buy,2.614754,€0.38,€1.00,€0.01,"Jul 31, 2022, 9:33:43 AM"
XLM,Buy,8.5091274,€0.12,€1.00,€0.02,"Jul 31, 2022, 9:34:19 AM"
LTC,Buy,0.01662559,€60.15,€1.00,€0.02,"Jul 31, 2022, 9:40:05 AM"
SOL,Buy,0.023197,€43.11,€1.00,€0.01,"Jul 31, 2022, 9:49:04 AM"
DOGE,Buy,14.86020071,€0.07,€1.00,€0.02,"Aug 1, 2022, 9:30:12 AM"
ETH,Buy,0.00060832,"€1,643.85",€1.00,€0.01,"Aug 1, 2022, 9:36:32 AM"
BTC,Buy,0.00004399,"€22,729.03",€1.00,€0.01,"Aug 1, 2022, 9:42:30 AM"
XRP,Buy,2.681026,€0.37,€1.00,€0.01,"Aug 1, 2022, 9:51:05 AM"
XLM,Buy,8.5698268,€0.12,€1.00,€0.02,"Aug 1, 2022, 9:51:51 AM"
LTC,Buy,0.01700368,€58.81,€1.00,€0.01,"Aug 1, 2022, 9:59:28 AM"
SOL,Buy,0.023802,€42.01,€1.00,€0.01,"Aug 1, 2022, 10:10:54 AM"
DOGE,Buy,15.42849579,€0.06,€1.00,€0.02,"Aug 2, 2022, 9:20:29 AM"
ETH,Buy,0.00064874,"€1,541.44",€1.00,€0.01,"Aug 2, 2022, 9:25:15 AM"
BTC,Buy,0.00004489,"€22,275.49",€1.00,€0.01,"Aug 2, 2022, 9:29:52 AM"
XRP,Buy,2.765554,€0.36,€1.00,€0.01,"Aug 2, 2022, 9:36:54 AM"
XLM,Buy,8.923664,€0.11,€1.00,€0.01,"Aug 2, 2022, 9:37:29 AM"
LTC,Buy,0.01782756,€56.09,€1.00,€0.02,"Aug 2, 2022, 9:43:17 AM"
SOL,Buy,0.025204,€39.68,€1.00,€0.01,"Aug 2, 2022, 9:52:35 AM"
DOGE,Buy,15.12025253,€0.07,€1.00,€0.02,"Aug 3, 2022, 9:22:55 AM"
ETH,Buy,0.00062277,"€1,605.71",€1.00,€0.01,"Aug 3, 2022, 9:27:52 AM"
BTC,Buy,0.00004417,"€22,639.80",€1.00,€0.02,"Aug 3, 2022, 9:32:22 AM"
XRP,Buy,2.747348,€0.36,€1.00,€0.01,"Aug 3, 2022, 9:39:05 AM"
XLM,Buy,8.81345,€0.11,€1.00,€0.02,"Aug 3, 2022, 9:39:39 AM"
LTC,Buy,0.01744586,€57.32,€1.00,€0.01,"Aug 3, 2022, 9:45:55 AM"
SOL,Buy,0.026579,€37.62,€1.00,€0.01,"Aug 3, 2022, 9:55:02 AM"
DOGE,Buy,15.21555522,€0.07,€1.00,€0.01,"Aug 4, 2022, 9:20:40 AM"
ETH,Buy,0.00062273,"€1,605.83",€1.00,€0.01,"Aug 4, 2022, 9:25:49 AM"
BTC,Buy,0.00004419,"€22,629.10",€1.00,€0.01,"Aug 4, 2022, 9:30:34 AM"
XRP,Buy,2.728291,€0.37,€1.00,€0.01,"Aug 4, 2022, 9:38:13 AM"
XLM,Buy,8.7851473,€0.11,€1.00,€0.01,"Aug 4, 2022, 9:38:52 AM"
LTC,Buy,0.01725798,€57.94,€1.00,€0.01,"Aug 4, 2022, 9:45:34 AM"
SOL,Buy,0.025916,€38.59,€1.00,€0.01,"Aug 4, 2022, 9:55:21 AM"
DOGE,Buy,14.81645455,€0.07,€1.00,€0.01,"Aug 5, 2022, 9:21:02 AM"
ETH,Buy,0.00061427,"€1,627.95",€1.00,€0.02,"Aug 5, 2022, 9:26:26 AM"
BTC,Buy,0.00004405,"€22,699.16",€1.00,€0.01,"Aug 5, 2022, 9:31:37 AM"
XRP,Buy,2.725874,€0.37,€1.00,€0.01,"Aug 5, 2022, 9:39:10 AM"
XLM,Buy,8.7483713,€0.11,€1.00,€0.02,"Aug 5, 2022, 9:39:52 AM"
LTC,Buy,0.016562,€60.38,€1.00,€0.01,"Aug 5, 2022, 9:46:23 AM"
SOL,Buy,0.025498,€39.22,€1.00,€0.01,"Aug 5, 2022, 9:56:36 AM"
DOGE,Buy,14.5350791,€0.07,€1.00,€0.02,"Aug 6, 2022, 9:19:55 AM"
ETH,Buy,0.00058936,"€1,696.73",€1.00,€0.01,"Aug 6, 2022, 9:24:56 AM"
BTC,Buy,0.00004379,"€22,836.24",€1.00,€0.01,"Aug 6, 2022, 9:29:33 AM"
XRP,Buy,2.706471,€0.37,€1.00,€0.01,"Aug 6, 2022, 9:36:14 AM"
XLM,Buy,8.4558767,€0.12,€1.00,€0.02,"Aug 6, 2022, 9:36:49 AM"
LTC,Buy,0.01642651,€60.88,€1.00,€0.02,"Aug 6, 2022, 9:43:03 AM"
SOL,Buy,0.025111,€39.82,€1.00,€0.01,"Aug 6, 2022, 9:52:41 AM"
DOGE,Buy,14.7926238,€0.07,€1.00,€0.02,"Aug 7, 2022, 9:19:35 AM"
ETH,Buy,0.00060242,"€1,659.96",€1.00,€0.01,"Aug 7, 2022, 9:24:29 AM"
BTC,Buy,0.00004412,"€22,661.78",€1.00,€0.01,"Aug 7, 2022, 9:29:02 AM"
XRP,Buy,2.7264,€0.37,€1.00,€0.02,"Aug 7, 2022, 9:35:32 AM"
XLM,Buy,8.2460418,€0.12,€1.00,€0.02,"Aug 7, 2022, 9:36:08 AM"
LTC,Buy,0.01671043,€59.84,€1.00,€0.02,"Aug 7, 2022, 9:42:00 AM"
SOL,Buy,0.02531,€39.51,€1.00,€0.01,"Aug 7, 2022, 9:50:39 AM"
DOGE,Buy,14.39023802,€0.07,€1.00,€0.02,"Aug 8, 2022, 9:30:55 AM"
ETH,Buy,0.00058805,"€1,700.53",€1.00,€0.01,"Aug 8, 2022, 9:36:51 AM"
BTC,Buy,0.00004283,"€23,343.76",€1.00,€0.01,"Aug 8, 2022, 9:42:31 AM"
XRP,Buy,2.70065,€0.37,€1.00,€0.01,"Aug 8, 2022, 9:50:28 AM"
XLM,Buy,8.0357304,€0.12,€1.00,€0.02,"Aug 8, 2022, 9:51:13 AM"
LTC,Buy,0.01640324,€60.96,€1.00,€0.01,"Aug 8, 2022, 9:58:21 AM"
SOL,Buy,0.023925,€41.80,€1.00,€0.01,"Aug 8, 2022, 10:09:51 AM"
DOGE,Buy,13.95172941,€0.07,€1.00,€0.01,"Aug 9, 2022, 9:23:51 AM"
ETH,Buy,0.00057293,"€1,745.39",€1.00,€0.01,"Aug 9, 2022, 9:29:04 AM"
BTC,Buy,0.00004274,"€23,394.62",€1.00,€0.01,"Aug 9, 2022, 9:34:01 AM"
XRP,Buy,2.700933,€0.37,€1.00,€0.01,"Aug 9, 2022, 9:40:55 AM"
XLM,Buy,7.9937951,€0.13,€1.00,€0.01,"Aug 9, 2022, 9:41:34 AM"
LTC,Buy,0.01632317,€61.26,€1.00,€0.01,"Aug 9, 2022, 9:47:57 AM"
SOL,Buy,0.023998,€41.67,€1.00,€0.01,"Aug 9, 2022, 9:57:48 AM"
DOGE,Buy,14.97667525,€0.07,€1.00,€0.02,"Aug 10, 2022, 9:20:14 AM"
ETH,Buy,0.00060559,"€1,651.28",€1.00,€0.02,"Aug 10, 2022, 9:25:10 AM"
BTC,Buy,0.00004441,"€22,513.90",€1.00,€0.01,"Aug 10, 2022, 9:29:59 AM"
XRP,Buy,2.803934,€0.36,€1.00,€0.01,"Aug 10, 2022, 9:36:49 AM"
XLM,Buy,8.4245217,€0.12,€1.00,€0.01,"Aug 10, 2022, 9:37:26 AM"
LTC,Buy,0.01735482,€57.62,€1.00,€0.01,"Aug 10, 2022, 9:43:28 AM"
SOL,Buy,0.025677,€38.94,€1.00,€0.01,"Aug 10, 2022, 9:52:56 AM"
DOGE,Buy,14.30316537,€0.07,€1.00,€0.01,"Aug 11, 2022, 9:23:39 AM"
ETH,Buy,0.00054421,"€1,837.50",€1.00,€0.01,"Aug 11, 2022, 9:28:36 AM"
BTC,Buy,0.00004181,"€23,917.72",€1.00,€0.02,"Aug 11, 2022, 9:33:26 AM"
XRP,Buy,2.699848,€0.37,€1.00,€0.01,"Aug 11, 2022, 9:40:19 AM"
XLM,Buy,8.1566968,€0.12,€1.00,€0.02,"Aug 11, 2022, 9:40:56 AM"
LTC,Buy,0.01664948,€60.06,€1.00,€0.01,"Aug 11, 2022, 9:47:22 AM"
SOL,Buy,0.023192,€43.12,€1.00,€0.01,"Aug 11, 2022, 9:56:46 AM"
DOGE,Buy,14.5251696,€0.07,€1.00,€0.02,"Aug 12, 2022, 9:19:34 AM"
ETH,Buy,0.00054464,"€1,836.07",€1.00,€0.01,"Aug 12, 2022, 9:24:53 AM"
BTC,Buy,0.00004292,"€23,296.77",€1.00,€0.01,"Aug 12, 2022, 9:29:50 AM"
XRP,Buy,2.735599,€0.37,€1.00,€0.01,"Aug 12, 2022, 9:36:35 AM"
XLM,Buy,8.1829536,€0.12,€1.00,€0.01,"Aug 12, 2022, 9:37:15 AM"
LTC,Buy,0.0164706,€60.71,€1.00,€0.01,"Aug 12, 2022, 9:43:54 AM"
SOL,Buy,0.023813,€41.99,€1.00,€0.01,"Aug 12, 2022, 9:53:28 AM"
DOGE,Buy,13.84634625,€0.07,€1.00,€0.02,"Aug 13, 2022, 9:25:55 AM"
ETH,Buy,0.00051002,"€1,960.71",€1.00,€0.01,"Aug 13, 2022, 9:31:19 AM"
BTC,Buy,0.00004149,"€24,102.19",€1.00,€0.01,"Aug 13, 2022, 9:36:24 AM"
XRP,Buy,2.670683,€0.37,€1.00,€0.01,"Aug 13, 2022, 9:43:31 AM"
XLM,Buy,7.9896381,€0.13,€1.00,€0.01,"Aug 13, 2022, 9:44:12 AM"
LTC,Buy,0.01598257,€62.57,€1.00,€0.01,"Aug 13, 2022, 9:50:48 AM"
SOL,Buy,0.021674,€46.14,€1.00,€0.01,"Aug 13, 2022, 10:00:46 AM"
DOGE,Buy,13.15592383,€0.08,€1.00,€0.02,"Aug 14, 2022, 9:21:22 AM"
ETH,Buy,0.00051057,"€1,958.58",€1.00,€0.01,"Aug 14, 2022, 9:26:45 AM"
BTC,Buy,0.00004104,"€24,360.60",€1.00,€0.01,"Aug 14, 2022, 9:31:51 AM"
XRP,Buy,2.637598,€0.38,€1.00,€0.01,"Aug 14, 2022, 9:38:49 AM"
XLM,Buy,7.9324137,€0.13,€1.00,€0.01,"Aug 14, 2022, 9:39:28 AM"
LTC,Buy,0.01561095,€64.06,€1.00,€0.01,"Aug 14, 2022, 9:46:06 AM"
SOL,Buy,0.021405,€46.72,€1.00,€0.01,"Aug 14, 2022, 9:55:45 AM"
SAND,Buy,0.75820027,€1.32,€1.00,€0.01,"Aug 14, 2022, 3:35:45 PM"
DOGE,Buy,13.31206878,€0.08,€1.00,€0.01,"Aug 15, 2022, 9:27:58 AM"
ETH,Buy,0.00053454,"€1,870.76",€1.00,€0.01,"Aug 15, 2022, 9:34:06 AM"
BTC,Buy,0.00004263,"€23,457.66",€1.00,€0.01,"Aug 15, 2022, 9:40:10 AM"
SAND,Buy,0.77567532,€1.29,€1.00,€0.01,"Aug 15, 2022, 9:46:38 AM"
XRP,Buy,2.761819,€0.36,€1.00,€0.01,"Aug 15, 2022, 9:48:28 AM"
XLM,Buy,8.2421065,€0.12,€1.00,€0.01,"Aug 15, 2022, 9:49:12 AM"
LTC,Buy,0.0166187,€60.17,€1.00,€0.01,"Aug 15, 2022, 9:56:44 AM"
SOL,Buy,0.023293,€42.93,€1.00,€0.01,"Aug 15, 2022, 10:08:36 AM"
DOGE,Buy,12.45509568,€0.08,€1.00,€0.01,"Aug 16, 2022, 9:20:55 AM"
ETH,Buy,0.00053898,"€1,855.33",€1.00,€0.01,"Aug 16, 2022, 9:25:43 AM"
BTC,Buy,0.00004218,"€23,702.99",€1.00,€0.01,"Aug 16, 2022, 9:30:09 AM"
SAND,Buy,0.78062088,€1.28,€1.00,€0.01,"Aug 16, 2022, 9:35:16 AM"
XRP,Buy,2.72007,€0.37,€1.00,€0.01,"Aug 16, 2022, 9:36:36 AM"
XLM,Buy,8.2640705,€0.12,€1.00,€0.01,"Aug 16, 2022, 9:37:11 AM"
LTC,Buy,0.01667472,€59.97,€1.00,€0.01,"Aug 16, 2022, 9:42:58 AM"
SOL,Buy,0.023462,€42.62,€1.00,€0.01,"Aug 16, 2022, 9:51:32 AM"
DOGE,Buy,11.76552276,€0.08,€1.00,€0.02,"Aug 17, 2022, 9:21:44 AM"
ETH,Buy,0.00052821,"€1,893.16",€1.00,€0.01,"Aug 17, 2022, 9:26:35 AM"
BTC,Buy,0.00004239,"€23,588.91",€1.00,€0.01,"Aug 17, 2022, 9:30:57 AM"
SAND,Buy,0.79260634,€1.26,€1.00,€0.01,"Aug 17, 2022, 9:36:08 AM"
XRP,Buy,2.667391,€0.37,€1.00,€0.01,"Aug 17, 2022, 9:37:35 AM"
XLM,Buy,8.1038727,€0.12,€1.00,€0.01,"Aug 17, 2022, 9:38:12 AM"
LTC,Buy,0.01623286,€61.60,€1.00,€0.01,"Aug 17, 2022, 9:43:46 AM"
SOL,Buy,0.023496,€42.56,€1.00,€0.01,"Aug 17, 2022, 9:52:22 AM"
DOGE,Buy,12.49453612,€0.08,€1.00,€0.01,"Aug 18, 2022, 9:17:49 AM"
ETH,Buy,0.00055053,"€1,816.40",€1.00,€0.01,"Aug 18, 2022, 9:22:30 AM"
BTC,Buy,0.00004331,"€23,088.40",€1.00,€0.01,"Aug 18, 2022, 9:27:00 AM"
SAND,Buy,0.8302212,€1.20,€1.00,€0.01,"Aug 18, 2022, 9:31:39 AM"
XRP,Buy,2.713507,€0.37,€1.00,€0.01,"Aug 18, 2022, 9:33:03 AM"
XLM,Buy,8.4209278,€0.12,€1.00,€0.01,"Aug 18, 2022, 9:33:36 AM"
LTC,Buy,0.01664065,€60.09,€1.00,€0.01,"Aug 18, 2022, 9:39:10 AM"
SOL,Buy,0.02477,€40.37,€1.00,€0.01,"Aug 18, 2022, 9:47:17 AM"
DOGE,Buy,14.31758874,€0.07,€1.00,€0.01,"Aug 19, 2022, 9:21:51 AM"
ETH,Buy,0.00057874,"€1,727.87",€1.00,€0.01,"Aug 19, 2022, 9:26:28 AM"
BTC,Buy,0.00004024,"€24,850.89",€1.00,€0.01,"Aug 19, 2022, 9:30:52 AM"
SAND,Buy,0.94323935,€1.06,€1.00,€0.01,"Aug 19, 2022, 9:35:51 AM"
XRP,Buy,2.913435,€0.34,€1.00,€0.01,"Aug 19, 2022, 9:37:12 AM"
XLM,Buy,9.1261815,€0.11,€1.00,€0.01,"Aug 19, 2022, 9:37:46 AM"
LTC,Buy,0.01795915,€55.68,€1.00,€0.01,"Aug 19, 2022, 9:43:35 AM"
SOL,Buy,0.027501,€36.36,€1.00,€0.01,"Aug 19, 2022, 9:52:31 AM"
DOGE,Buy,14.16667455,€0.07,€1.00,€0.02,"Aug 20, 2022, 9:18:33 AM"
ETH,Buy,0.00060768,"€1,645.60",€1.00,€0.01,"Aug 20, 2022, 9:23:12 AM"
BTC,Buy,0.00004702,"€21,267.55",€1.00,€0.01,"Aug 20, 2022, 9:27:35 AM"
SAND,Buy,0.93043646,€1.07,€1.00,€0.01,"Aug 20, 2022, 9:32:24 AM"
XRP,Buy,2.930883,€0.34,€1.00,€0.01,"Aug 20, 2022, 9:33:46 AM"
XLM,Buy,9.0793928,€0.11,€1.00,€0.01,"Aug 20, 2022, 9:34:19 AM"
LTC,Buy,0.01802074,€55.49,€1.00,€0.01,"Aug 20, 2022, 9:39:49 AM"
SOL,Buy,0.027031,€36.99,€1.00,€0.01,"Aug 20, 2022, 9:48:00 AM"
DOGE,Buy,14.74681012,€0.07,€1.00,€0.02,"Aug 21, 2022, 9:21:22 AM"
ETH,Buy,0.00063773,"€1,568.06",€1.00,€0.01,"Aug 21, 2022, 9:26:04 AM"
BTC,Buy,0.00004732,"€21,132.71",€1.00,€0.01,"Aug 21, 2022, 9:30:18 AM"
SAND,Buy,0.9621552,€1.04,€1.00,€0.01,"Aug 21, 2022, 9:34:57 AM"
XRP,Buy,2.930908,€0.34,€1.00,€0.01,"Aug 21, 2022, 9:36:12 AM"
XLM,Buy,9.1460465,€0.11,€1.00,€0.01,"Aug 21, 2022, 9:36:44 AM"
LTC,Buy,0.0185215,€53.99,€1.00,€0.02,"Aug 21, 2022, 9:41:59 AM"
SOL,Buy,0.028388,€35.23,€1.00,€0.01,"Aug 21, 2022, 9:49:48 AM"
DOGE,Buy,14.89990734,€0.07,€1.00,€0.01,"Aug 22, 2022, 9:24:18 AM"
ETH,Buy,0.00063583,"€1,572.74",€1.00,€0.01,"Aug 22, 2022, 9:29:43 AM"
BTC,Buy,0.00004713,"€21,213.86",€1.00,€0.01,"Aug 22, 2022, 9:34:53 AM"
SAND,Buy,0.9611646,€1.04,€1.00,€0.01,"Aug 22, 2022, 9:40:27 AM"
XRP,Buy,2.962799,€0.34,€1.00,€0.02,"Aug 22, 2022, 9:41:55 AM"
XLM,Buy,9.2491541,€0.11,€1.00,€0.01,"Aug 22, 2022, 9:42:34 AM"
LTC,Buy,0.01872547,€53.40,€1.00,€0.01,"Aug 22, 2022, 9:49:21 AM"
SOL,Buy,0.028679,€34.87,€1.00,€0.01,"Aug 22, 2022, 9:59:23 AM"
DOGE,Buy,14.60156137,€0.07,€1.00,€0.01,"Aug 23, 2022, 9:26:06 AM"
ETH,Buy,0.00062404,"€1,602.46",€1.00,€0.01,"Aug 23, 2022, 9:31:15 AM"
BTC,Buy,0.00004687,"€21,335.61",€1.00,€0.01,"Aug 23, 2022, 9:36:10 AM"
SAND,Buy,0.95527081,€1.05,€1.00,€0.01,"Aug 23, 2022, 9:41:38 AM"
XRP,Buy,2.954387,€0.34,€1.00,€0.01,"Aug 23, 2022, 9:43:09 AM"
XLM,Buy,9.1227144,€0.11,€1.00,€0.02,"Aug 23, 2022, 9:43:41 AM"
DOGE,Buy,14.67874877,€0.07,€1.00,€0.01,"Aug 24, 2022, 9:25:45 AM"
ETH,Buy,0.00060801,"€1,644.70",€1.00,€0.01,"Aug 24, 2022, 9:30:39 AM"
BTC,Buy,0.00004673,"€21,395.87",€1.00,€0.01,"Aug 24, 2022, 9:35:06 AM"
SAND,Buy,0.95466635,€1.05,€1.00,€0.01,"Aug 24, 2022, 9:40:05 AM"
XRP,Buy,2.920225,€0.34,€1.00,€0.01,"Aug 24, 2022, 9:41:29 AM"
XLM,Buy,9.1285218,€0.11,€1.00,€0.01,"Aug 24, 2022, 9:42:05 AM"
LTC,Buy,0.01766991,€56.59,€1.00,€0.01,"Aug 24, 2022, 9:47:58 AM"
SOL,Buy,0.0285,€35.09,€1.00,€0.01,"Aug 24, 2022, 9:57:07 AM"
DOGE,Buy,14.44608903,€0.07,€1.00,€0.02,"Aug 25, 2022, 9:27:39 AM"
ETH,Buy,0.00058854,"€1,699.10",€1.00,€0.01,"Aug 25, 2022, 9:32:59 AM"
BTC,Buy,0.00004603,"€21,721.66",€1.00,€0.01,"Aug 25, 2022, 9:37:45 AM"
SAND,Buy,0.93347637,€1.07,€1.00,€0.01,"Aug 25, 2022, 9:42:48 AM"
XRP,Buy,2.883478,€0.35,€1.00,€0.01,"Aug 25, 2022, 9:44:15 AM"
XLM,Buy,9.0401632,€0.11,€1.00,€0.01,"Aug 25, 2022, 9:44:48 AM"
LTC,Buy,0.01748563,€57.19,€1.00,€0.01,"Aug 25, 2022, 9:51:09 AM"
SOL,Buy,0.027538,€36.31,€1.00,€0.01,"Aug 25, 2022, 10:00:03 AM"
ETH,Buy,0.00060298,"€1,658.41",€1.00,€0.02,"Aug 26, 2022, 9:30:21 AM"
BTC,Buy,0.00004648,"€21,510.93",€1.00,€0.02,"Aug 26, 2022, 9:34:38 AM"
SAND,Buy,0.96346119,€1.04,€1.00,€0.02,"Aug 26, 2022, 9:39:21 AM"
XRP,Buy,2.851803,€0.35,€1.00,€0.02,"Aug 26, 2022, 9:40:39 AM"
LTC,Buy,0.01791762,€55.81,€1.00,€0.02,"Aug 26, 2022, 9:46:52 AM"
ETH,Buy,0.00066695,"€1,499.36",€1.00,€0.02,"Aug 27, 2022, 9:20:15 AM"
BTC,Buy,0.00004925,"€20,304.57",€1.00,€0.02,"Aug 27, 2022, 9:24:14 AM"
SAND,Buy,1.0332328,€0.97,€1.00,€0.02,"Aug 27, 2022, 9:28:46 AM"
XRP,Buy,2.970643,€0.34,€1.00,€0.02,"Aug 27, 2022, 9:30:05 AM"
LTC,Buy,0.01889003,€52.94,€1.00,€0.02,"Aug 27, 2022, 9:35:44 AM"
ETH,Buy,0.00066467,"€1,504.50",€1.00,€0.02,"Aug 28, 2022, 9:27:55 AM"
BTC,Buy,0.0000496,"€20,160.44",€1.00,€0.02,"Aug 28, 2022, 9:32:00 AM"
SAND,Buy,1.02335077,€0.98,€1.00,€0.02,"Aug 28, 2022, 9:36:06 AM"
XRP,Buy,2.972218,€0.34,€1.00,€0.02,"Aug 28, 2022, 9:37:16 AM"
LTC,Buy,0.01870023,€53.48,€1.00,€0.02,"Aug 28, 2022, 9:42:46 AM"
ETH,Buy,0.00068457,"€1,460.76",€1.00,€0.02,"Aug 29, 2022, 9:29:52 AM"
BTC,Buy,0.00005002,"€19,991.00",€1.00,€0.02,"Aug 29, 2022, 9:34:24 AM"
SAND,Buy,1.05042474,€0.95,€1.00,€0.02,"Aug 29, 2022, 9:39:24 AM"
XRP,Buy,3.082763,€0.32,€1.00,€0.02,"Aug 29, 2022, 9:40:45 AM"
LTC,Buy,0.01828067,€54.70,€1.00,€0.02,"Aug 29, 2022, 9:47:19 AM"
ETH,Buy,0.00062527,"€1,599.31",€1.00,€0.02,"Aug 30, 2022, 9:22:55 AM"
BTC,Buy,0.00004871,"€20,526.72",€1.00,€0.02,"Aug 30, 2022, 9:27:18 AM"
SAND,Buy,0.99610024,€1.00,€1.00,€0.02,"Aug 30, 2022, 9:32:20 AM"
XRP,Buy,2.975777,€0.34,€1.00,€0.02,"Aug 30, 2022, 9:33:43 AM"
LTC,Buy,0.01800449,€55.54,€1.00,€0.02,"Aug 30, 2022, 9:40:15 AM"
ETH,Buy,0.00062992,"€1,587.50",€1.00,€0.02,"Aug 31, 2022, 9:22:15 AM"
BTC,Buy,0.00004934,"€20,265.07",€1.00,€0.02,"Aug 31, 2022, 9:26:35 AM"
SAND,Buy,1.03042363,€0.97,€1.00,€0.02,"Aug 31, 2022, 9:31:05 AM"
XRP,Buy,3.014487,€0.33,€1.00,€0.02,"Aug 31, 2022, 9:32:21 AM"
LTC,Buy,0.01843042,€54.26,€1.00,€0.02,"Aug 31, 2022, 9:38:27 AM"
ETH,Buy,0.00065004,"€1,538.37",€1.00,€0.02,"Sep 1, 2022, 9:29:30 AM"
BTC,Buy,0.00005042,"€19,832.22",€1.00,€0.02,"Sep 1, 2022, 9:33:53 AM"
SAND,Buy,1.07558216,€0.93,€1.00,€0.02,"Sep 1, 2022, 9:38:52 AM"
XRP,Buy,3.076307,€0.33,€1.00,€0.02,"Sep 1, 2022, 9:40:17 AM"
LTC,Buy,0.01838628,€54.39,€1.00,€0.02,"Sep 1, 2022, 9:46:48 AM"
ETH,Buy,0.0006268,"€1,595.41",€1.00,€0.02,"Sep 2, 2022, 9:23:19 AM"
BTC,Buy,0.00004962,"€20,151.95",€1.00,€0.02,"Sep 2, 2022, 9:27:47 AM"
SAND,Buy,1.05347139,€0.95,€1.00,€0.02,"Sep 2, 2022, 9:32:43 AM"
XRP,Buy,3.002222,€0.33,€1.00,€0.02,"Sep 2, 2022, 9:34:04 AM"
LTC,Buy,0.01744907,€57.31,€1.00,€0.02,"Sep 2, 2022, 9:40:34 AM"
DOGE,Buy,16.12248787,€0.06,€1.00,€0.02,"Sep 2, 2022, 11:19:49 AM"
XLM,Buy,9.4707855,€0.11,€1.00,€0.02,"Sep 2, 2022, 11:23:35 AM"
SOL,Buy,0.031559,€31.69,€1.00,€0.02,"Sep 2, 2022, 11:26:55 AM"
DOGE,Buy,15.93758878,€0.06,€1.00,€0.02,"Sep 3, 2022, 9:20:57 AM"
ETH,Buy,0.00063522,"€1,574.25",€1.00,€0.02,"Sep 3, 2022, 9:26:12 AM"
BTC,Buy,0.00004989,"€20,040.88",€1.00,€0.02,"Sep 3, 2022, 9:31:27 AM"
SAND,Buy,1.06741161,€0.94,€1.00,€0.02,"Sep 3, 2022, 9:37:14 AM"
XRP,Buy,3.016123,€0.33,€1.00,€0.02,"Sep 3, 2022, 9:38:47 AM"
XLM,Buy,9.4535793,€0.11,€1.00,€0.02,"Sep 3, 2022, 9:39:27 AM"
LTC,Buy,0.01643973,€60.83,€1.00,€0.02,"Sep 3, 2022, 9:46:11 AM"
SOL,Buy,0.032028,€31.22,€1.00,€0.02,"Sep 3, 2022, 9:56:01 AM"
DOGE,Buy,15.92855545,€0.06,€1.00,€0.02,"Sep 4, 2022, 9:19:42 AM"
ETH,Buy,0.00064167,"€1,558.43",€1.00,€0.02,"Sep 4, 2022, 9:24:57 AM"
BTC,Buy,0.00005035,"€19,860.08",€1.00,€0.02,"Sep 4, 2022, 9:29:55 AM"
SAND,Buy,1.06238092,€0.94,€1.00,€0.02,"Sep 4, 2022, 9:35:13 AM"
XRP,Buy,3.004378,€0.33,€1.00,€0.02,"Sep 4, 2022, 9:36:46 AM"
XLM,Buy,9.2478106,€0.11,€1.00,€0.02,"Sep 4, 2022, 9:37:23 AM"
LTC,Buy,0.01672363,€59.80,€1.00,€0.02,"Sep 4, 2022, 9:43:53 AM"
SOL,Buy,0.03179,€31.46,€1.00,€0.02,"Sep 4, 2022, 9:53:19 AM"
DOGE,Buy,15.92890648,€0.06,€1.00,€0.02,"Sep 5, 2022, 9:30:26 AM"
ETH,Buy,0.00063518,"€1,574.34",€1.00,€0.02,"Sep 5, 2022, 9:36:14 AM"
BTC,Buy,0.00005021,"€19,913.30",€1.00,€0.02,"Sep 5, 2022, 9:42:01 AM"
SAND,Buy,1.03125662,€0.97,€1.00,€0.02,"Sep 5, 2022, 9:48:18 AM"
XRP,Buy,3.047446,€0.33,€1.00,€0.02,"Sep 5, 2022, 9:49:58 AM"
XLM,Buy,9.492019,€0.11,€1.00,€0.02,"Sep 5, 2022, 9:50:44 AM"
LTC,Buy,0.01660161,€60.24,€1.00,€0.02,"Sep 5, 2022, 9:58:18 AM"
SOL,Buy,0.03137,€31.88,€1.00,€0.02,"Sep 5, 2022, 10:09:42 AM"
DOGE,Buy,15.68262809,€0.06,€1.00,€0.02,"Sep 6, 2022, 9:29:13 AM"
ETH,Buy,0.00060021,"€1,666.08",€1.00,€0.02,"Sep 6, 2022, 9:34:53 AM"
BTC,Buy,0.00005007,"€19,969.25",€1.00,€0.02,"Sep 6, 2022, 9:40:16 AM"
SAND,Buy,1.03425897,€0.97,€1.00,€0.02,"Sep 6, 2022, 9:46:12 AM"
XRP,Buy,2.990781,€0.33,€1.00,€0.02,"Sep 6, 2022, 9:47:47 AM"
XLM,Buy,9.3106254,€0.11,€1.00,€0.02,"Sep 6, 2022, 9:48:24 AM"
LTC,Buy,0.01659819,€60.25,€1.00,€0.02,"Sep 6, 2022, 9:55:11 AM"
SOL,Buy,0.030225,€33.09,€1.00,€0.02,"Sep 6, 2022, 10:05:18 AM"
DOGE,Buy,16.79602235,€0.06,€1.00,€0.02,"Sep 7, 2022, 9:23:59 AM"
ETH,Buy,0.00065162,"€1,534.62",€1.00,€0.02,"Sep 7, 2022, 9:29:33 AM"
BTC,Buy,0.00005273,"€18,964.18",€1.00,€0.02,"Sep 7, 2022, 9:35:02 AM"
SAND,Buy,1.12481185,€0.89,€1.00,€0.02,"Sep 7, 2022, 9:41:18 AM"
XRP,Buy,3.096553,€0.32,€1.00,€0.02,"Sep 7, 2022, 9:42:59 AM"
XLM,Buy,9.9306964,€0.10,€1.00,€0.02,"Sep 7, 2022, 9:43:45 AM"
LTC,Buy,0.01825102,€54.79,€1.00,€0.02,"Sep 7, 2022, 9:51:07 AM"
SOL,Buy,0.031872,€31.38,€1.00,€0.02,"Sep 7, 2022, 10:01:43 AM"
DOGE,Buy,16.52714356,€0.06,€1.00,€0.02,"Sep 8, 2022, 9:29:30 AM"
ETH,Buy,0.00062074,"€1,610.97",€1.00,€0.02,"Sep 8, 2022, 9:35:18 AM"
BTC,Buy,0.00005205,"€19,211.19",€1.00,€0.02,"Sep 8, 2022, 9:40:47 AM"
SAND,Buy,1.10149699,€0.91,€1.00,€0.02,"Sep 8, 2022, 9:46:54 AM"
XRP,Buy,3.01094,€0.33,€1.00,€0.02,"Sep 8, 2022, 9:48:39 AM"
XLM,Buy,9.7901999,€0.10,€1.00,€0.02,"Sep 8, 2022, 9:49:17 AM"
LTC,Buy,0.01755917,€56.95,€1.00,€0.02,"Sep 8, 2022, 9:56:36 AM"
SOL,Buy,0.030806,€32.46,€1.00,€0.02,"Sep 8, 2022, 10:07:12 AM"
DOGE,Buy,16.02922665,€0.06,€1.00,€0.02,"Sep 9, 2022, 9:26:57 AM"
ETH,Buy,0.00059268,"€1,687.23",€1.00,€0.02,"Sep 9, 2022, 9:33:12 AM"
BTC,Buy,0.00004886,"€20,466.64",€1.00,€0.02,"Sep 9, 2022, 9:39:05 AM"
SAND,Buy,1.05207917,€0.95,€1.00,€0.02,"Sep 9, 2022, 9:45:33 AM"
XRP,Buy,2.88961,€0.35,€1.00,€0.02,"Sep 9, 2022, 9:47:19 AM"
XLM,Buy,9.3733079,€0.11,€1.00,€0.02,"Sep 9, 2022, 9:48:03 AM"
LTC,Buy,0.01669481,€59.90,€1.00,€0.02,"Sep 9, 2022, 9:55:50 AM"
SOL,Buy,0.028494,€35.09,€1.00,€0.02,"Sep 9, 2022, 10:07:10 AM"
DOGE,Buy,15.53192506,€0.06,€1.00,€0.02,"Sep 10, 2022, 9:28:12 AM"
ETH,Buy,0.00057882,"€1,727.63",€1.00,€0.02,"Sep 10, 2022, 9:33:59 AM"
BTC,Buy,0.00004665,"€21,435.95",€1.00,€0.02,"Sep 10, 2022, 9:39:25 AM"
SAND,Buy,1.01485271,€0.99,€1.00,€0.02,"Sep 10, 2022, 9:45:45 AM"
XRP,Buy,2.833542,€0.35,€1.00,€0.02,"Sep 10, 2022, 9:47:22 AM"
XLM,Buy,8.7393081,€0.11,€1.00,€0.02,"Sep 10, 2022, 9:48:06 AM"
LTC,Buy,0.01636,€61.12,€1.00,€0.02,"Sep 10, 2022, 9:55:16 AM"
SOL,Buy,0.028996,€34.49,€1.00,€0.02,"Sep 10, 2022, 10:06:01 AM"
DOGE,Buy,15.7405924,€0.06,€1.00,€0.02,"Sep 11, 2022, 9:23:29 AM"
ETH,Buy,0.00056893,"€1,757.68",€1.00,€0.02,"Sep 11, 2022, 9:28:56 AM"
BTC,Buy,0.00004641,"€21,546.65",€1.00,€0.02,"Sep 11, 2022, 9:34:18 AM"
SAND,Buy,1.0247046,€0.98,€1.00,€0.02,"Sep 11, 2022, 9:40:00 AM"
XRP,Buy,2.809577,€0.36,€1.00,€0.02,"Sep 11, 2022, 9:41:38 AM"
XLM,Buy,8.7418011,€0.11,€1.00,€0.02,"Sep 11, 2022, 9:42:18 AM"
LTC,Buy,0.01592569,€62.79,€1.00,€0.02,"Sep 11, 2022, 9:49:27 AM"
SOL,Buy,0.028933,€34.56,€1.00,€0.02,"Sep 11, 2022, 9:59:42 AM"
DOGE,Buy,15.97337781,€0.06,€1.00,€0.02,"Sep 12, 2022, 9:29:09 AM"
ETH,Buy,0.00058308,"€1,715.03",€1.00,€0.02,"Sep 12, 2022, 9:35:28 AM"
BTC,Buy,0.00004608,"€21,699.83",€1.00,€0.02,"Sep 12, 2022, 9:41:52 AM"
SAND,Buy,1.03886125,€0.96,€1.00,€0.02,"Sep 12, 2022, 9:49:00 AM"
XRP,Buy,2.887492,€0.35,€1.00,€0.02,"Sep 12, 2022, 9:50:51 AM"
XLM,Buy,8.7800161,€0.11,€1.00,€0.02,"Sep 12, 2022, 9:51:37 AM"
LTC,Buy,0.01636449,€61.11,€1.00,€0.02,"Sep 12, 2022, 9:59:49 AM"
SOL,Buy,0.028595,€34.97,€1.00,€0.02,"Sep 12, 2022, 10:11:57 AM"
DOGE,Buy,15.88736945,€0.06,€1.00,€0.02,"Sep 13, 2022, 9:30:37 AM"
ETH,Buy,0.00059231,"€1,688.28",€1.00,€0.02,"Sep 13, 2022, 9:35:41 AM"
BTC,Buy,0.00004545,"€22,000.26",€1.00,€0.02,"Sep 13, 2022, 9:40:43 AM"
XRP,Buy,2.836866,€0.35,€1.00,€0.02,"Sep 13, 2022, 9:47:39 AM"
XLM,Buy,8.8939618,€0.11,€1.00,€0.02,"Sep 13, 2022, 9:48:15 AM"
LTC,Buy,0.01607055,€62.23,€1.00,€0.02,"Sep 13, 2022, 9:54:39 AM"
SOL,Buy,0.026379,€37.91,€1.00,€0.02,"Sep 13, 2022, 10:04:40 AM"
DOGE,Buy,16.38330816,€0.06,€1.00,€0.02,"Sep 14, 2022, 9:21:28 AM"
ETH,Buy,0.00061892,"€1,615.72",€1.00,€0.02,"Sep 14, 2022, 9:26:50 AM"
BTC,Buy,0.00004923,"€20,310.14",€1.00,€0.02,"Sep 14, 2022, 9:31:57 AM"
SAND,Buy,1.11763851,€0.89,€1.00,€0.02,"Sep 14, 2022, 9:37:23 AM"
XRP,Buy,2.969992,€0.34,€1.00,€0.02,"Sep 14, 2022, 9:39:00 AM"
XLM,Buy,9.5240542,€0.10,€1.00,€0.02,"Sep 14, 2022, 9:39:43 AM"
LTC,Buy,0.01683594,€59.40,€1.00,€0.02,"Sep 14, 2022, 9:46:02 AM"
SOL,Buy,0.03011,€33.21,€1.00,€0.02,"Sep 14, 2022, 9:55:20 AM"
DOGE,Buy,16.25247985,€0.06,€1.00,€0.02,"Sep 15, 2022, 9:21:07 AM"
DOGE,Buy,16.71050896,€0.06,€1.00,€0.02,"Sep 16, 2022, 9:23:22 AM"
ETH,Buy,0.00067757,"€1,475.85",€1.00,€0.02,"Sep 16, 2022, 9:28:33 AM"
BTC,Buy,0.00005049,"€19,803.55",€1.00,€0.02,"Sep 16, 2022, 9:33:40 AM"
SAND,Buy,1.15434159,€0.87,€1.00,€0.02,"Sep 16, 2022, 9:39:16 AM"
XRP,Buy,3.059585,€0.33,€1.00,€0.02,"Sep 16, 2022, 9:40:47 AM"
XLM,Buy,9.7181419,€0.10,€1.00,€0.02,"Sep 16, 2022, 9:41:22 AM"
LTC,Buy,0.01787543,€55.94,€1.00,€0.02,"Sep 16, 2022, 9:47:53 AM"
SOL,Buy,0.030328,€32.97,€1.00,€0.02,"Sep 16, 2022, 9:57:16 AM"
DOGE,Buy,16.52713049,€0.06,€1.00,€0.03,"Sep 17, 2022, 9:18:41 AM"
ETH,Buy,0.00069972,"€1,429.12",€1.00,€0.02,"Sep 17, 2022, 9:23:32 AM"
BTC,Buy,0.00005039,"€19,843.82",€1.00,€0.02,"Sep 17, 2022, 9:28:22 AM"
SAND,Buy,1.13202613,€0.88,€1.00,€0.03,"Sep 17, 2022, 9:33:44 AM"
XRP,Buy,2.864395,€0.35,€1.00,€0.02,"Sep 17, 2022, 9:35:04 AM"
XLM,Buy,9.4078378,€0.11,€1.00,€0.03,"Sep 17, 2022, 9:35:39 AM"
LTC,Buy,0.01776844,€56.28,€1.00,€0.03,"Sep 17, 2022, 9:41:47 AM"
SOL,Buy,0.030508,€32.78,€1.00,€0.02,"Sep 17, 2022, 9:50:35 AM"
DOGE,Buy,16.24246665,€0.06,€1.00,€0.03,"Sep 18, 2022, 9:23:34 AM"
ETH,Buy,0.00068573,"€1,458.28",€1.00,€0.02,"Sep 18, 2022, 9:28:19 AM"
BTC,Buy,0.00004979,"€20,080.93",€1.00,€0.02,"Sep 18, 2022, 9:32:56 AM"
SAND,Buy,1.08864849,€0.92,€1.00,€0.03,"Sep 18, 2022, 9:38:01 AM"
XRP,Buy,2.578887,€0.39,€1.00,€0.02,"Sep 18, 2022, 9:39:19 AM"
XLM,Buy,8.7881989,€0.11,€1.00,€0.03,"Sep 18, 2022, 9:39:53 AM"
LTC,Buy,0.0174709,€57.24,€1.00,€0.03,"Sep 18, 2022, 9:45:52 AM"
SOL,Buy,0.029507,€33.89,€1.00,€0.02,"Sep 18, 2022, 9:54:10 AM"
DOGE,Buy,17.72936784,€0.06,€1.00,€0.03,"Sep 19, 2022, 9:29:05 AM"
ETH,Buy,0.00076999,"€1,298.71",€1.00,€0.02,"Sep 19, 2022, 9:34:28 AM"
BTC,Buy,0.00005401,"€18,514.91",€1.00,€0.02,"Sep 19, 2022, 9:39:30 AM"
SAND,Buy,1.21231697,€0.82,€1.00,€0.02,"Sep 19, 2022, 9:45:19 AM"
XRP,Buy,2.853648,€0.35,€1.00,€0.02,"Sep 19, 2022, 9:47:00 AM"
XLM,Buy,9.5176922,€0.11,€1.00,€0.03,"Sep 19, 2022, 9:47:36 AM"
LTC,Buy,0.01956209,€51.12,€1.00,€0.03,"Sep 19, 2022, 9:54:03 AM"
SOL,Buy,0.032099,€31.15,€1.00,€0.02,"Sep 19, 2022, 10:04:03 AM"
DOGE,Buy,16.96894075,€0.06,€1.00,€0.02,"Sep 20, 2022, 9:20:46 AM"
ETH,Buy,0.0007302,"€1,369.48",€1.00,€0.02,"Sep 20, 2022, 9:25:38 AM"
BTC,Buy,0.00005152,"€19,407.04",€1.00,€0.02,"Sep 20, 2022, 9:30:27 AM"
SAND,Buy,1.15767187,€0.86,€1.00,€0.02,"Sep 20, 2022, 9:35:56 AM"
XRP,Buy,2.638467,€0.38,€1.00,€0.02,"Sep 20, 2022, 9:37:22 AM"
XLM,Buy,8.8185304,€0.11,€1.00,€0.02,"Sep 20, 2022, 9:37:59 AM"
LTC,Buy,0.01925236,€51.94,€1.00,€0.02,"Sep 20, 2022, 9:44:21 AM"
SOL,Buy,0.030901,€32.36,€1.00,€0.02,"Sep 20, 2022, 9:53:25 AM"
DOGE,Buy,16.90266164,€0.06,€1.00,€0.03,"Sep 21, 2022, 9:21:10 AM"
ETH,Buy,0.000745,"€1,342.28",€1.00,€0.03,"Sep 21, 2022, 9:26:47 AM"
BTC,Buy,0.00005234,"€19,102.93",€1.00,€0.02,"Sep 21, 2022, 9:31:55 AM"
SAND,Buy,1.17309547,€0.85,€1.00,€0.03,"Sep 21, 2022, 9:37:46 AM"
XRP,Buy,2.501996,€0.40,€1.00,€0.02,"Sep 21, 2022, 9:39:21 AM"
XLM,Buy,8.7606367,€0.11,€1.00,€0.03,"Sep 21, 2022, 9:40:03 AM"
LTC,Buy,0.01916755,€52.17,€1.00,€0.03,"Sep 21, 2022, 9:47:00 AM"
SOL,Buy,0.031173,€32.08,€1.00,€0.02,"Sep 21, 2022, 9:56:57 AM"
DOGE,Buy,16.85867412,€0.06,€1.00,€0.03,"Sep 22, 2022, 9:22:14 AM"
ETH,Buy,0.00077075,"€1,297.43",€1.00,€0.02,"Sep 22, 2022, 9:27:44 AM"
BTC,Buy,0.00005213,"€19,182.78",€1.00,€0.02,"Sep 22, 2022, 9:32:52 AM"
SAND,Buy,1.16709758,€0.86,€1.00,€0.03,"Sep 22, 2022, 9:38:43 AM"
XRP,Buy,2.338318,€0.43,€1.00,€0.02,"Sep 22, 2022, 9:40:22 AM"
XLM,Buy,8.5198219,€0.12,€1.00,€0.03,"Sep 22, 2022, 9:40:58 AM"
LTC,Buy,0.01865272,€53.61,€1.00,€0.02,"Sep 22, 2022, 9:47:52 AM"
SOL,Buy,0.030966,€32.29,€1.00,€0.02,"Sep 22, 2022, 9:57:24 AM"
DOGE,Buy,15.86936875,€0.06,€1.00,€0.03,"Sep 23, 2022, 9:24:05 AM"
ETH,Buy,0.00072877,"€1,372.16",€1.00,€0.02,"Sep 23, 2022, 9:29:49 AM"
BTC,Buy,0.00005066,"€19,736.66",€1.00,€0.02,"Sep 23, 2022, 9:35:12 AM"
SAND,Buy,1.09022151,€0.92,€1.00,€0.02,"Sep 23, 2022, 9:41:22 AM"
XRP,Buy,1.853206,€0.54,€1.00,€0.02,"Sep 23, 2022, 9:43:01 AM"
XLM,Buy,7.5906809,€0.13,€1.00,€0.03,"Sep 23, 2022, 9:43:42 AM"
LTC,Buy,0.01821322,€54.91,€1.00,€0.03,"Sep 23, 2022, 9:50:51 AM"
SOL,Buy,0.029965,€33.37,€1.00,€0.02,"Sep 23, 2022, 10:01:13 AM"
DOGE,Buy,14.7543427,€0.07,€1.00,€0.03,"Sep 24, 2022, 9:18:46 AM"
ETH,Buy,0.00073186,"€1,366.38",€1.00,€0.02,"Sep 24, 2022, 9:23:57 AM"
BTC,Buy,0.00005091,"€19,640.94",€1.00,€0.02,"Sep 24, 2022, 9:29:00 AM"
SAND,Buy,1.05666257,€0.95,€1.00,€0.03,"Sep 24, 2022, 9:34:22 AM"
XRP,Buy,1.956192,€0.51,€1.00,€0.02,"Sep 24, 2022, 9:35:52 AM"
XLM,Buy,7.7678905,€0.13,€1.00,€0.03,"Sep 24, 2022, 9:36:28 AM"
LTC,Buy,0.01737048,€57.57,€1.00,€0.03,"Sep 24, 2022, 9:42:31 AM"
SOL,Buy,0.028482,€35.11,€1.00,€0.02,"Sep 24, 2022, 9:51:57 AM"
DOGE,Buy,15.260882,€0.07,€1.00,€0.03,"Sep 25, 2022, 9:20:33 AM"
ETH,Buy,0.00072458,"€1,380.10",€1.00,€0.02,"Sep 25, 2022, 9:25:45 AM"
BTC,Buy,0.00005061,"€19,755.22",€1.00,€0.02,"Sep 25, 2022, 9:30:38 AM"
SAND,Buy,1.077174,€0.93,€1.00,€0.03,"Sep 25, 2022, 9:35:57 AM"
XRP,Buy,1.989731,€0.50,€1.00,€0.03,"Sep 25, 2022, 9:37:25 AM"
XLM,Buy,8.1310604,€0.12,€1.00,€0.03,"Sep 25, 2022, 9:38:03 AM"
LTC,Buy,0.01787339,€55.95,€1.00,€0.03,"Sep 25, 2022, 9:44:44 AM"
SOL,Buy,0.028457,€35.14,€1.00,€0.02,"Sep 25, 2022, 9:54:19 AM"
DOGE,Buy,15.90697626,€0.06,€1.00,€0.03,"Sep 26, 2022, 9:24:51 AM"
ETH,Buy,0.00074804,"€1,336.82",€1.00,€0.02,"Sep 26, 2022, 9:30:40 AM"
SAND,Buy,1.13543189,€0.88,€1.00,€0.02,"Sep 26, 2022, 9:42:42 AM"
XRP,Buy,2.057884,€0.49,€1.00,€0.02,"Sep 26, 2022, 9:44:21 AM"
XLM,Buy,8.3217839,€0.12,€1.00,€0.02,"Sep 26, 2022, 9:45:05 AM"
LTC,Buy,0.01842977,€54.26,€1.00,€0.02,"Sep 26, 2022, 9:52:08 AM"
SOL,Buy,0.029828,€33.53,€1.00,€0.02,"Sep 26, 2022, 10:02:56 AM"
BTC,Buy,0.00005071,"€19,717.64",€1.00,€0.02,"Sep 26, 2022, 10:20:06 AM"
DOGE,Buy,15.33752665,€0.07,€1.00,€0.02,"Sep 27, 2022, 9:22:25 AM"
ETH,Buy,0.00069454,"€1,439.80",€1.00,€0.02,"Sep 27, 2022, 9:28:17 AM"
BTC,Buy,0.00004767,"€20,977.11",€1.00,€0.02,"Sep 27, 2022, 9:33:49 AM"
SAND,Buy,1.08291704,€0.92,€1.00,€0.02,"Sep 27, 2022, 9:40:08 AM"
XRP,Buy,1.999886,€0.50,€1.00,€0.02,"Sep 27, 2022, 9:41:51 AM"
XLM,Buy,8.3406025,€0.12,€1.00,€0.03,"Sep 27, 2022, 9:42:34 AM"
LTC,Buy,0.01750909,€57.11,€1.00,€0.02,"Sep 27, 2022, 9:49:46 AM"
SOL,Buy,0.027917,€35.82,€1.00,€0.02,"Sep 27, 2022, 10:00:07 AM"
DOGE,Buy,16.06359996,€0.06,€1.00,€0.03,"Sep 28, 2022, 9:30:00 AM"
ETH,Buy,0.00074556,"€1,341.27",€1.00,€0.03,"Sep 28, 2022, 9:36:00 AM"
BTC,Buy,0.00005091,"€19,642.51",€1.00,€0.03,"Sep 28, 2022, 9:41:43 AM"
SAND,Buy,1.14284657,€0.88,€1.00,€0.02,"Sep 28, 2022, 9:48:10 AM"
XRP,Buy,2.256014,€0.44,€1.00,€0.02,"Sep 28, 2022, 9:49:56 AM"
XLM,Buy,8.7663494,€0.11,€1.00,€0.02,"Sep 28, 2022, 9:50:45 AM"
LTC,Buy,0.01835363,€54.49,€1.00,€0.02,"Sep 28, 2022, 9:58:10 AM"
SOL,Buy,0.02974,€33.62,€1.00,€0.02,"Sep 28, 2022, 10:09:09 AM"
DOGE,Buy,16.00751626,€0.06,€1.00,€0.03,"Sep 29, 2022, 9:27:39 AM"
ETH,Buy,0.00073189,"€1,366.32",€1.00,€0.02,"Sep 29, 2022, 9:33:25 AM"
BTC,Buy,0.00004988,"€20,048.12",€1.00,€0.03,"Sep 29, 2022, 9:38:39 AM"
SAND,Buy,1.13843605,€0.88,€1.00,€0.02,"Sep 29, 2022, 9:44:38 AM"
XRP,Buy,2.203059,€0.45,€1.00,€0.02,"Sep 29, 2022, 9:46:20 AM"
XLM,Buy,8.9688389,€0.11,€1.00,€0.02,"Sep 29, 2022, 9:47:03 AM"
LTC,Buy,0.01811882,€55.19,€1.00,€0.02,"Sep 29, 2022, 9:54:06 AM"
SOL,Buy,0.028886,€34.62,€1.00,€0.02,"Sep 29, 2022, 10:04:33 AM"
DOGE,Buy,16.07553314,€0.06,€1.00,€0.02,"Sep 30, 2022, 9:31:32 AM"
ETH,Buy,0.00072895,"€1,371.82",€1.00,€0.02,"Sep 30, 2022, 9:37:44 AM"
BTC,Buy,0.00004997,"€20,010.81",€1.00,€0.02,"Sep 30, 2022, 9:43:33 AM"
SAND,Buy,1.14092989,€0.88,€1.00,€0.02,"Sep 30, 2022, 9:50:12 AM"
XRP,Buy,2.001751,€0.50,€1.00,€0.02,"Sep 30, 2022, 9:51:55 AM"
XLM,Buy,8.4119115,€0.12,€1.00,€0.02,"Sep 30, 2022, 9:52:44 AM"
LTC,Buy,0.01818422,€54.99,€1.00,€0.02,"Sep 30, 2022, 10:00:26 AM"
SOL,Buy,0.028778,€34.75,€1.00,€0.02,"Sep 30, 2022, 10:11:51 AM"
DOGE,Buy,15.9292427,€0.06,€1.00,€0.03,"Oct 1, 2022, 9:30:55 AM"
ETH,Buy,0.0007359,"€1,358.86",€1.00,€0.02,"Oct 1, 2022, 9:36:46 AM"
BTC,Buy,0.00005062,"€19,751.44",€1.00,€0.02,"Oct 1, 2022, 9:42:32 AM"
SAND,Buy,1.15586725,€0.87,€1.00,€0.03,"Oct 1, 2022, 9:48:58 AM"
XRP,Buy,2.056037,€0.49,€1.00,€0.02,"Oct 1, 2022, 9:50:44 AM"
XLM,Buy,8.3611825,€0.12,€1.00,€0.03,"Oct 1, 2022, 9:51:28 AM"
LTC,Buy,0.01831279,€54.61,€1.00,€0.03,"Oct 1, 2022, 9:59:02 AM"
SOL,Buy,0.029666,€33.71,€1.00,€0.02,"Oct 1, 2022, 10:10:05 AM"
DOGE,Sell,"1,523.56663725",€0.13,€192.85,€3.84,"Nov 4, 2022, 9:08:32 AM"
LTC,Sell,1.87406677,€77.82,€145.84,€2.90,"Dec 5, 2022, 4:03:08 PM"
SAND,Buy,1.69700613,€0.59,€1.00,€0.02,"Dec 5, 2022, 4:12:34 PM"
SOL,Buy,0.076252,€13.11,€1.00,€0.02,"Dec 5, 2022, 4:12:36 PM"
ETH,Buy,0.00083073,"€1,203.76",€1.00,€0.02,"Dec 5, 2022, 4:32:56 PM"
BTC,Buy,0.00006154,"€16,247.73",€1.00,€0.02,"Dec 5, 2022, 4:32:57 PM"
XRP,Buy,2.6823,€0.37,€1.00,€0.02,"Dec 5, 2022, 4:32:58 PM"
XLM,Buy,11.9944502,€0.08,€1.00,€0.02,"Dec 5, 2022, 4:32:58 PM"
ETH,Buy,0.00082961,"€1,205.37",€1.00,€0.02,"Dec 6, 2022, 9:28:13 AM"
BTC,Buy,0.00006157,"€16,240.70",€1.00,€0.02,"Dec 6, 2022, 9:32:40 AM"
SAND,Buy,1.71348915,€0.58,€1.00,€0.02,"Dec 6, 2022, 9:37:42 AM"
XRP,Buy,2.741893,€0.36,€1.00,€0.02,"Dec 6, 2022, 9:38:59 AM"
XLM,Buy,12.1686628,€0.08,€1.00,€0.02,"Dec 6, 2022, 9:39:34 AM"
SOL,Buy,0.073818,€13.55,€1.00,€0.02,"Dec 6, 2022, 9:54:19 AM"
ETH,Buy,0.00085038,"€1,175.94",€1.00,€0.02,"Dec 7, 2022, 9:24:31 AM"
BTC,Buy,0.00006227,"€16,058.05",€1.00,€0.02,"Dec 7, 2022, 9:28:38 AM"
SAND,Buy,1.80370582,€0.55,€1.00,€0.02,"Dec 7, 2022, 9:33:19 AM"
XRP,Buy,2.750498,€0.36,€1.00,€0.02,"Dec 7, 2022, 9:34:31 AM"
XLM,Buy,12.3899093,€0.08,€1.00,€0.02,"Dec 7, 2022, 9:34:58 AM"
SOL,Buy,0.076818,€13.02,€1.00,€0.02,"Dec 7, 2022, 9:47:56 AM"
ETH,Buy,0.00085099,"€1,175.10",€1.00,€0.02,"Dec 8, 2022, 9:20:53 AM"
BTC,Buy,0.00006231,"€16,046.78",€1.00,€0.02,"Dec 8, 2022, 9:24:51 AM"
SAND,Buy,1.78949512,€0.56,€1.00,€0.02,"Dec 8, 2022, 9:29:31 AM"
XRP,Buy,2.721549,€0.37,€1.00,€0.02,"Dec 8, 2022, 9:30:42 AM"
XLM,Buy,12.4093249,€0.08,€1.00,€0.02,"Dec 8, 2022, 9:31:17 AM"
SOL,Buy,0.077488,€12.91,€1.00,€0.02,"Dec 8, 2022, 9:45:01 AM"
ETH,Buy,0.00082259,"€1,215.66",€1.00,€0.02,"Dec 9, 2022, 9:29:10 AM"
BTC,Buy,0.0000612,"€16,339.28",€1.00,€0.02,"Dec 9, 2022, 9:33:33 AM"
SAND,Buy,1.78187468,€0.56,€1.00,€0.02,"Dec 9, 2022, 9:38:22 AM"
XRP,Buy,2.698419,€0.37,€1.00,€0.02,"Dec 9, 2022, 9:39:37 AM"
XLM,Buy,12.312029,€0.08,€1.00,€0.02,"Dec 9, 2022, 9:40:08 AM"
SOL,Buy,0.076877,€13.01,€1.00,€0.02,"Dec 9, 2022, 9:53:12 AM"
XRP,Sell,100,€0.37,€36.57,€0.99,"Dec 9, 2022, 5:23:04 PM"
ETH,Buy,0.00082849,"€1,207.02",€1.00,€0.02,"Dec 10, 2022, 9:25:28 AM"
BTC,Buy,0.00006117,"€16,347.88",€1.00,€0.02,"Dec 10, 2022, 9:29:24 AM"
SAND,Buy,1.79572918,€0.56,€1.00,€0.02,"Dec 10, 2022, 9:33:32 AM"
XRP,Buy,2.706131,€0.37,€1.00,€0.02,"Dec 10, 2022, 9:34:37 AM"
XLM,Buy,12.2493101,€0.08,€1.00,€0.02,"Dec 10, 2022, 9:35:09 AM"
SOL,Buy,0.076903,€13.00,€1.00,€0.02,"Dec 10, 2022, 9:47:03 AM"
ETH,Buy,0.00082181,"€1,216.83",€1.00,€0.02,"Dec 11, 2022, 9:29:07 AM"
BTC,Buy,0.00006105,"€16,380.02",€1.00,€0.02,"Dec 11, 2022, 9:32:59 AM"
SAND,Buy,1.79922895,€0.56,€1.00,€0.02,"Dec 11, 2022, 9:36:49 AM"
XRP,Buy,2.713035,€0.37,€1.00,€0.02,"Dec 11, 2022, 9:37:52 AM"
XLM,Buy,12.2681396,€0.08,€1.00,€0.02,"Dec 11, 2022, 9:38:25 AM"
SOL,Buy,0.076806,€13.02,€1.00,€0.02,"Dec 11, 2022, 9:50:41 AM"
ETH,Buy,0.00084312,"€1,186.06",€1.00,€0.02,"Dec 12, 2022, 9:25:31 AM"
BTC,Buy,0.00006203,"€16,119.62",€1.00,€0.02,"Dec 12, 2022, 9:29:40 AM"
SAND,Buy,1.90398729,€0.53,€1.00,€0.02,"Dec 12, 2022, 9:34:41 AM"
XRP,Buy,2.81581,€0.36,€1.00,€0.02,"Dec 12, 2022, 9:36:08 AM"
XLM,Buy,12.6818251,€0.08,€1.00,€0.02,"Dec 12, 2022, 9:36:43 AM"
SOL,Buy,0.080666,€12.40,€1.00,€0.02,"Dec 12, 2022, 9:51:07 AM"
ETH,Buy,0.00083055,"€1,204.01",€1.00,€0.02,"Dec 13, 2022, 9:25:09 AM"
BTC,Buy,0.00006115,"€16,351.75",€1.00,€0.02,"Dec 13, 2022, 9:29:01 AM"
SAND,Buy,1.92615364,€0.52,€1.00,€0.02,"Dec 13, 2022, 9:33:41 AM"
XRP,Buy,2.740018,€0.36,€1.00,€0.02,"Dec 13, 2022, 9:34:57 AM"
XLM,Buy,12.7134874,€0.08,€1.00,€0.02,"Dec 13, 2022, 9:35:26 AM"
SOL,Buy,0.080496,€12.42,€1.00,€0.02,"Dec 13, 2022, 9:48:11 AM"
ETH,Buy,0.00080157,"€1,247.55",€1.00,€0.02,"Dec 14, 2022, 9:24:12 AM"
BTC,Buy,0.00005954,"€16,792.89",€1.00,€0.02,"Dec 14, 2022, 9:28:12 AM"
SAND,Buy,1.86728877,€0.54,€1.00,€0.02,"Dec 14, 2022, 9:33:04 AM"
XRP,Buy,2.715883,€0.37,€1.00,€0.02,"Dec 14, 2022, 9:34:16 AM"
XLM,Buy,12.6074227,€0.08,€1.00,€0.02,"Dec 14, 2022, 9:34:45 AM"
SOL,Buy,0.075953,€13.17,€1.00,€0.02,"Dec 14, 2022, 9:47:59 AM"
ETH,Buy,0.0008239,"€1,213.73",€1.00,€0.02,"Dec 15, 2022, 9:20:38 AM"
BTC,Buy,0.00006007,"€16,647.24",€1.00,€0.02,"Dec 15, 2022, 9:25:07 AM"
SAND,Buy,1.92636213,€0.52,€1.00,€0.02,"Dec 15, 2022, 9:29:52 AM"
XRP,Buy,2.798107,€0.36,€1.00,€0.02,"Dec 15, 2022, 9:31:12 AM"
XLM,Buy,12.8086019,€0.08,€1.00,€0.02,"Dec 15, 2022, 9:31:43 AM"
SOL,Buy,0.074687,€13.39,€1.00,€0.02,"Dec 15, 2022, 9:45:08 AM"
ETH,Buy,0.00083083,"€1,203.60",€1.00,€0.02,"Dec 16, 2022, 9:24:45 AM"
BTC,Buy,0.00006063,"€16,492.95",€1.00,€0.02,"Dec 16, 2022, 9:28:49 AM"
SAND,Buy,1.9576109,€0.51,€1.00,€0.02,"Dec 16, 2022, 9:33:20 AM"
XRP,Buy,2.793093,€0.36,€1.00,€0.02,"Dec 16, 2022, 9:34:31 AM"
XLM,Buy,12.9011186,€0.08,€1.00,€0.02,"Dec 16, 2022, 9:35:04 AM"
SOL,Buy,0.075891,€13.18,€1.00,€0.02,"Dec 16, 2022, 9:48:47 AM"
ETH,Buy,0.00089195,"€1,121.14",€1.00,€0.02,"Dec 17, 2022, 9:22:56 AM"
BTC,Buy,0.00006302,"€15,867.98",€1.00,€0.02,"Dec 17, 2022, 9:26:41 AM"
SAND,Buy,2.20015695,€0.45,€1.00,€0.02,"Dec 17, 2022, 9:30:52 AM"
XRP,Buy,2.967481,€0.34,€1.00,€0.02,"Dec 17, 2022, 9:32:09 AM"
XLM,Buy,14.1240239,€0.07,€1.00,€0.02,"Dec 17, 2022, 9:32:42 AM"
SOL,Buy,0.085111,€11.75,€1.00,€0.02,"Dec 17, 2022, 9:44:37 AM"
ETH,Buy,0.00088829,"€1,125.76",€1.00,€0.02,"Dec 18, 2022, 9:27:12 AM"
BTC,Buy,0.00006295,"€15,885.62",€1.00,€0.02,"Dec 18, 2022, 9:31:02 AM"
SAND,Buy,2.21626734,€0.45,€1.00,€0.02,"Dec 18, 2022, 9:35:03 AM"
XRP,Buy,2.986268,€0.33,€1.00,€0.02,"Dec 18, 2022, 9:36:08 AM"
XLM,Buy,13.792878,€0.07,€1.00,€0.02,"Dec 18, 2022, 9:36:38 AM"
SOL,Buy,0.084422,€11.85,€1.00,€0.02,"Dec 18, 2022, 9:49:00 AM"
ETH,Buy,0.00089699,"€1,114.83",€1.00,€0.02,"Dec 19, 2022, 9:23:34 AM"
BTC,Buy,0.00006337,"€15,778.94",€1.00,€0.02,"Dec 19, 2022, 9:27:49 AM"
SAND,Buy,2.30124314,€0.43,€1.00,€0.02,"Dec 19, 2022, 9:32:49 AM"
XRP,Buy,3.093991,€0.32,€1.00,€0.02,"Dec 19, 2022, 9:34:14 AM"
XLM,Buy,13.921982,€0.07,€1.00,€0.02,"Dec 19, 2022, 9:34:48 AM"
SOL,Buy,0.086198,€11.60,€1.00,€0.02,"Dec 19, 2022, 9:48:44 AM"
ETH,Buy,0.00087546,"€1,142.26",€1.00,€0.02,"Dec 20, 2022, 9:25:54 AM"
BTC,Buy,0.00006294,"€15,885.65",€1.00,€0.02,"Dec 20, 2022, 9:29:46 AM"
SAND,Buy,2.36730674,€0.42,€1.00,€0.02,"Dec 20, 2022, 9:33:56 AM"
XRP,Buy,3.090786,€0.32,€1.00,€0.02,"Dec 20, 2022, 9:35:02 AM"
XLM,Buy,14.0311944,€0.07,€1.00,€0.02,"Dec 20, 2022, 9:35:33 AM"
SOL,Buy,0.085384,€11.71,€1.00,€0.02,"Dec 20, 2022, 9:48:30 AM"
ETH,Buy,0.0008754,"€1,142.32",€1.00,€0.02,"Dec 21, 2022, 9:19:57 AM"
BTC,Buy,0.00006298,"€15,876.79",€1.00,€0.02,"Dec 21, 2022, 9:23:50 AM"
SAND,Buy,2.41103715,€0.41,€1.00,€0.02,"Dec 21, 2022, 9:28:16 AM"
XRP,Buy,3.104858,€0.32,€1.00,€0.02,"Dec 21, 2022, 9:29:18 AM"
XLM,Buy,14.1150683,€0.07,€1.00,€0.02,"Dec 21, 2022, 9:29:52 AM"
SOL,Buy,0.087448,€11.44,€1.00,€0.02,"Dec 21, 2022, 9:42:19 AM"
BTC,Buy,0.00006295,"€15,884.93",€1.00,€0.02,"Dec 22, 2022, 9:34:48 AM"
SAND,Buy,2.38171205,€0.42,€1.00,€0.02,"Dec 22, 2022, 9:39:54 AM"
XRP,Buy,3.077297,€0.32,€1.00,€0.02,"Dec 22, 2022, 9:41:14 AM"
XLM,Buy,14.1350181,€0.07,€1.00,€0.02,"Dec 22, 2022, 9:41:50 AM"
SOL,Buy,0.087433,€11.44,€1.00,€0.02,"Dec 22, 2022, 9:56:23 AM"
ETH,Buy,0.00087245,"€1,146.19",€1.00,€0.02,"Dec 22, 2022, 10:09:35 AM"
ETH,Buy,0.00086769,"€1,152.48",€1.00,€0.02,"Dec 23, 2022, 9:30:31 AM"
BTC,Buy,0.00006277,"€15,931.10",€1.00,€0.02,"Dec 23, 2022, 9:35:16 AM"
SAND,Buy,2.35391551,€0.42,€1.00,€0.02,"Dec 23, 2022, 9:40:49 AM"
XRP,Buy,3.023085,€0.33,€1.00,€0.02,"Dec 23, 2022, 9:42:14 AM"
XLM,Buy,13.9074732,€0.07,€1.00,€0.02,"Dec 23, 2022, 9:42:56 AM"
SOL,Buy,0.088834,€11.26,€1.00,€0.02,"Dec 23, 2022, 9:58:33 AM"
ETH,Buy,0.00086711,"€1,153.26",€1.00,€0.02,"Dec 24, 2022, 9:25:41 AM"
BTC,Buy,0.00006277,"€15,931.18",€1.00,€0.02,"Dec 24, 2022, 9:30:02 AM"
SAND,Buy,2.35776049,€0.42,€1.00,€0.02,"Dec 24, 2022, 9:34:51 AM"
XRP,Buy,3.003575,€0.33,€1.00,€0.02,"Dec 24, 2022, 9:36:07 AM"
XLM,Buy,14.0908254,€0.07,€1.00,€0.02,"Dec 24, 2022, 9:36:41 AM"
SOL,Buy,0.093258,€10.72,€1.00,€0.02,"Dec 24, 2022, 9:50:18 AM"
ETH,Buy,0.0008662,"€1,154.47",€1.00,€0.02,"Dec 25, 2022, 9:26:18 AM"
BTC,Buy,0.00006281,"€15,921.03",€1.00,€0.02,"Dec 25, 2022, 9:30:48 AM"
SAND,Buy,2.38021314,€0.42,€1.00,€0.02,"Dec 25, 2022, 9:35:36 AM"
XRP,Buy,3.031576,€0.33,€1.00,€0.03,"Dec 25, 2022, 9:36:57 AM"
XLM,Buy,14.2189566,€0.07,€1.00,€0.03,"Dec 25, 2022, 9:37:33 AM"
SOL,Buy,0.092066,€10.86,€1.00,€0.02,"Dec 25, 2022, 9:51:39 AM"
ETH,Buy,0.00086555,"€1,155.33",€1.00,€0.02,"Dec 26, 2022, 9:23:54 AM"
BTC,Buy,0.00006268,"€15,951.60",€1.00,€0.02,"Dec 26, 2022, 9:28:05 AM"
SAND,Buy,2.40415929,€0.42,€1.00,€0.02,"Dec 26, 2022, 9:33:03 AM"
XRP,Buy,3.003194,€0.33,€1.00,€0.02,"Dec 26, 2022, 9:34:19 AM"
XLM,Buy,14.2771305,€0.07,€1.00,€0.02,"Dec 26, 2022, 9:34:52 AM"
SOL,Buy,0.093193,€10.73,€1.00,€0.02,"Dec 26, 2022, 9:48:50 AM"
ETH,Buy,0.00087055,"€1,148.70",€1.00,€0.02,"Dec 27, 2022, 9:30:18 AM"
BTC,Buy,0.00006295,"€15,883.97",€1.00,€0.02,"Dec 27, 2022, 9:34:34 AM"
SAND,Buy,2.39032607,€0.42,€1.00,€0.02,"Dec 27, 2022, 9:39:40 AM"
XRP,Buy,2.853816,€0.35,€1.00,€0.02,"Dec 27, 2022, 9:41:01 AM"
XLM,Buy,14.1913827,€0.07,€1.00,€0.02,"Dec 27, 2022, 9:41:35 AM"
SOL,Buy,0.094793,€10.55,€1.00,€0.02,"Dec 27, 2022, 9:55:51 AM"
ETH,Buy,0.00088732,"€1,126.98",€1.00,€0.02,"Dec 28, 2022, 9:27:45 AM"
BTC,Buy,0.00006373,"€15,691.00",€1.00,€0.02,"Dec 28, 2022, 9:31:38 AM"
SAND,Buy,2.53767107,€0.39,€1.00,€0.02,"Dec 28, 2022, 9:36:06 AM"
XRP,Buy,2.970528,€0.34,€1.00,€0.02,"Dec 28, 2022, 9:37:12 AM"
XLM,Buy,14.6770089,€0.07,€1.00,€0.02,"Dec 28, 2022, 9:37:43 AM"
SOL,Buy,0.105429,€9.49,€1.00,€0.02,"Dec 28, 2022, 9:50:12 AM"
ETH,Buy,0.0008889,"€1,124.99",€1.00,€0.02,"Dec 29, 2022, 9:22:05 AM"
BTC,Buy,0.00006411,"€15,598.19",€1.00,€0.02,"Dec 29, 2022, 9:25:53 AM"
SAND,Buy,2.61346651,€0.38,€1.00,€0.02,"Dec 29, 2022, 9:30:09 AM"
XRP,Buy,3.059682,€0.33,€1.00,€0.02,"Dec 29, 2022, 9:31:12 AM"
XLM,Buy,14.6851763,€0.07,€1.00,€0.02,"Dec 29, 2022, 9:31:39 AM"
SOL,Buy,0.112491,€8.89,€1.00,€0.02,"Dec 29, 2022, 9:43:52 AM"
ETH,Buy,0.00089348,"€1,119.22",€1.00,€0.02,"Dec 30, 2022, 9:27:58 AM"
BTC,Buy,0.00006449,"€15,506.28",€1.00,€0.02,"Dec 30, 2022, 9:31:46 AM"
SAND,Buy,2.77823429,€0.36,€1.00,€0.02,"Dec 30, 2022, 9:36:11 AM"
XRP,Buy,3.153277,€0.32,€1.00,€0.02,"Dec 30, 2022, 9:37:20 AM"
XLM,Buy,14.8934452,€0.07,€1.00,€0.02,"Dec 30, 2022, 9:37:54 AM"
SOL,Buy,0.116231,€8.60,€1.00,€0.02,"Dec 30, 2022, 9:50:38 AM"
ETH,Buy,0.00089147,"€1,121.74",€1.00,€0.02,"Dec 31, 2022, 9:21:43 AM"
BTC,Buy,0.00006437,"€15,535.19",€1.00,€0.02,"Dec 31, 2022, 9:25:49 AM"
SAND,Buy,2.7441211,€0.36,€1.00,€0.02,"Dec 31, 2022, 9:30:16 AM"
XRP,Buy,3.110084,€0.32,€1.00,€0.02,"Dec 31, 2022, 9:31:31 AM"
XLM,Buy,14.7953551,€0.07,€1.00,€0.02,"Dec 31, 2022, 9:32:04 AM"
SOL,Buy,0.108396,€9.23,€1.00,€0.02,"Dec 31, 2022, 9:44:50 AM"
ETH,Buy,0.00089207,"€1,120.99",€1.00,€0.02,"Jan 1, 2023, 9:23:10 AM"
BTC,Buy,0.00006451,"€15,501.47",€1.00,€0.02,"Jan 1, 2023, 9:26:58 AM"
SAND,Buy,2.7945429,€0.36,€1.00,€0.02,"Jan 1, 2023, 9:31:05 AM"
XRP,Buy,3.160291,€0.32,€1.00,€0.02,"Jan 1, 2023, 9:32:10 AM"
XLM,Buy,14.9378706,€0.07,€1.00,€0.02,"Jan 1, 2023, 9:32:41 AM"
SOL,Buy,0.10938,€9.14,€1.00,€0.02,"Jan 1, 2023, 9:45:05 AM"
ETH,Buy,0.00087279,"€1,145.75",€1.00,€0.02,"Jan 2, 2023, 9:23:07 AM"
BTC,Buy,0.00006329,"€15,799.13",€1.00,€0.02,"Jan 2, 2023, 9:27:32 AM"
SAND,Buy,2.61682893,€0.38,€1.00,€0.02,"Jan 2, 2023, 9:32:26 AM"
XRP,Buy,3.093951,€0.32,€1.00,€0.02,"Jan 2, 2023, 9:33:46 AM"
XLM,Buy,14.4887116,€0.07,€1.00,€0.02,"Jan 2, 2023, 9:34:21 AM"
SOL,Buy,0.094375,€10.60,€1.00,€0.02,"Jan 2, 2023, 9:48:39 AM"
ETH,Buy,0.00086715,"€1,153.20",€1.00,€0.02,"Jan 3, 2023, 9:22:24 AM"
BTC,Buy,0.00006305,"€15,858.02",€1.00,€0.02,"Jan 3, 2023, 9:26:20 AM"
SAND,Buy,2.57503117,€0.39,€1.00,€0.02,"Jan 3, 2023, 9:30:54 AM"
XRP,Buy,3.023379,€0.33,€1.00,€0.02,"Jan 3, 2023, 9:32:06 AM"
XLM,Buy,14.1918787,€0.07,€1.00,€0.02,"Jan 3, 2023, 9:32:38 AM"
SOL,Buy,0.089547,€11.17,€1.00,€0.02,"Jan 3, 2023, 9:45:40 AM"
ETH,Buy,0.00084617,"€1,181.79",€1.00,€0.02,"Jan 4, 2023, 9:26:28 AM"
BTC,Buy,0.00006284,"€15,911.10",€1.00,€0.02,"Jan 4, 2023, 9:30:39 AM"
SAND,Buy,2.4670399,€0.41,€1.00,€0.02,"Jan 4, 2023, 9:35:26 AM"
XRP,Buy,3.032291,€0.33,€1.00,€0.02,"Jan 4, 2023, 9:36:40 AM"
XLM,Buy,14.2879388,€0.07,€1.00,€0.02,"Jan 4, 2023, 9:37:16 AM"
SOL,Buy,0.075802,€13.19,€1.00,€0.02,"Jan 4, 2023, 9:50:57 AM"
ETH,Buy,0.00084723,"€1,180.31",€1.00,€0.02,"Jan 5, 2023, 9:30:29 AM"
BTC,Buy,0.00006298,"€15,878.06",€1.00,€0.02,"Jan 5, 2023, 9:34:48 AM"
SAND,Buy,2.44947265,€0.41,€1.00,€0.02,"Jan 5, 2023, 9:39:35 AM"
XRP,Buy,3.080273,€0.32,€1.00,€0.02,"Jan 5, 2023, 9:40:52 AM"
XLM,Buy,14.4117428,€0.07,€1.00,€0.02,"Jan 5, 2023, 9:41:29 AM"
SOL,Buy,0.080205,€12.47,€1.00,€0.02,"Jan 5, 2023, 9:55:22 AM"
ETH,Buy,0.00083909,"€1,191.77",€1.00,€0.02,"Jan 6, 2023, 9:30:56 AM"
BTC,Buy,0.00006238,"€16,029.42",€1.00,€0.02,"Jan 6, 2023, 9:35:29 AM"
SAND,Buy,2.53181666,€0.39,€1.00,€0.02,"Jan 6, 2023, 9:40:25 AM"
XRP,Buy,3.123746,€0.32,€1.00,€0.02,"Jan 6, 2023, 9:41:43 AM"
XLM,Buy,14.4328826,€0.07,€1.00,€0.02,"Jan 6, 2023, 9:42:21 AM"
SOL,Buy,0.079175,€12.63,€1.00,€0.02,"Jan 6, 2023, 9:56:25 AM"
ETH,Buy,0.0008364,"€1,195.60",€1.00,€0.02,"Jan 7, 2023, 9:19:25 AM"
BTC,Buy,0.00006257,"€15,982.10",€1.00,€0.02,"Jan 7, 2023, 9:23:15 AM"
SAND,Buy,2.2768461,€0.44,€1.00,€0.02,"Jan 7, 2023, 9:27:24 AM"
XRP,Buy,3.092863,€0.32,€1.00,€0.02,"Jan 7, 2023, 9:28:31 AM"
XLM,Buy,14.0901891,€0.07,€1.00,€0.02,"Jan 7, 2023, 9:29:03 AM"
SOL,Buy,0.08027,€12.46,€1.00,€0.02,"Jan 7, 2023, 9:40:49 AM"
ETH,Buy,0.0008385,"€1,192.61",€1.00,€0.02,"Jan 8, 2023, 9:21:24 AM"
BTC,Buy,0.00006251,"€15,997.44",€1.00,€0.02,"Jan 8, 2023, 9:25:05 AM"
SAND,Buy,2.31598019,€0.43,€1.00,€0.02,"Jan 8, 2023, 9:29:12 AM"
XRP,Buy,3.114861,€0.32,€1.00,€0.02,"Jan 8, 2023, 9:30:15 AM"
XLM,Buy,14.0507797,€0.07,€1.00,€0.02,"Jan 8, 2023, 9:30:45 AM"
SOL,Buy,0.079364,€12.60,€1.00,€0.02,"Jan 8, 2023, 9:42:23 AM"
ETH,Buy,0.00081346,"€1,229.32",€1.00,€0.02,"Jan 9, 2023, 9:24:13 AM"
BTC,Buy,0.00006189,"€16,157.70",€1.00,€0.02,"Jan 9, 2023, 9:28:27 AM"
SAND,Buy,2.03301697,€0.49,€1.00,€0.02,"Jan 9, 2023, 9:33:10 AM"
XRP,Buy,3.0498,€0.33,€1.00,€0.02,"Jan 9, 2023, 9:34:37 AM"
XLM,Buy,13.3227876,€0.08,€1.00,€0.02,"Jan 9, 2023, 9:35:08 AM"
SOL,Buy,0.065762,€15.21,€1.00,€0.02,"Jan 9, 2023, 9:48:27 AM"
ETH,Buy,0.00080819,"€1,237.33",€1.00,€0.02,"Jan 10, 2023, 9:19:12 AM"
BTC,Buy,0.00006208,"€16,108.25",€1.00,€0.02,"Jan 10, 2023, 9:23:16 AM"
SAND,Buy,2.03771124,€0.49,€1.00,€0.02,"Jan 10, 2023, 9:27:32 AM"
XRP,Buy,3.068531,€0.33,€1.00,€0.02,"Jan 10, 2023, 9:28:37 AM"
XLM,Buy,13.435427,€0.07,€1.00,€0.02,"Jan 10, 2023, 9:29:09 AM"
SOL,Buy,0.066389,€15.06,€1.00,€0.02,"Jan 10, 2023, 9:41:28 AM"
ETH,Buy,0.00080417,"€1,243.50",€1.00,€0.02,"Jan 11, 2023, 9:24:29 AM"
BTC,Buy,0.0000615,"€16,258.05",€1.00,€0.02,"Jan 11, 2023, 9:28:17 AM"
SAND,Buy,2.13511554,€0.47,€1.00,€0.02,"Jan 11, 2023, 9:32:21 AM"
XRP,Buy,2.949245,€0.34,€1.00,€0.02,"Jan 11, 2023, 9:33:27 AM"
XLM,Buy,13.3669099,€0.07,€1.00,€0.02,"Jan 11, 2023, 9:34:01 AM"
SOL,Buy,0.067044,€14.92,€1.00,€0.02,"Jan 11, 2023, 9:45:22 AM"
ETH,Buy,0.00076835,"€1,301.49",€1.00,€0.02,"Jan 12, 2023, 9:22:48 AM"
BTC,Buy,0.00005926,"€16,874.79",€1.00,€0.02,"Jan 12, 2023, 9:26:28 AM"
SAND,Buy,2.07044072,€0.48,€1.00,€0.02,"Jan 12, 2023, 9:30:56 AM"
XRP,Buy,2.873439,€0.35,€1.00,€0.02,"Jan 12, 2023, 9:31:56 AM"
XLM,Buy,13.2768808,€0.08,€1.00,€0.02,"Jan 12, 2023, 9:32:21 AM"
SOL,Buy,0.066668,€15.00,€1.00,€0.02,"Jan 12, 2023, 9:43:55 AM"
ETH,Buy,0.00076833,"€1,301.52",€1.00,€0.02,"Jan 13, 2023, 9:20:00 AM"
BTC,Buy,0.00005745,"€17,404.02",€1.00,€0.02,"Jan 13, 2023, 9:23:38 AM"
SAND,Buy,1.95196594,€0.51,€1.00,€0.02,"Jan 13, 2023, 9:27:47 AM"
XRP,Buy,2.886284,€0.35,€1.00,€0.02,"Jan 13, 2023, 9:28:47 AM"
XLM,Buy,13.1229208,€0.08,€1.00,€0.02,"Jan 13, 2023, 9:29:20 AM"
SOL,Buy,0.06392,€15.64,€1.00,€0.02,"Jan 13, 2023, 9:41:24 AM"
XRP,Sell,314.671149,€0.64,€200.54,€2.99,"Jul 13, 2023, 7:54:02 PM"
XLM,Sell,"1,406.9928412",€0.13,€184.71,€2.75,"Jul 13, 2023, 8:14:23 PM"
BTC,Sell,0.0074727,"€31,756.17",€237.30,€3.54,"Oct 27, 2023, 4:41:44 PM"
ETH,Sell,0.10871802,"€1,664.27",€180.93,€2.70,"Oct 27, 2023, 4:43:17 PM"
SOL,Sell,5.977303,€30.14,€180.15,€2.68,"Oct 27, 2023, 4:43:28 PM"
XRP,Buy,2.769141,€0.54,€1.50,€0.02,"Oct 31, 2023, 9:01:06 AM"
XRP,Buy,2.599545,€0.58,€1.50,€0.02,"Nov 1, 2023, 10:06:41 AM"
XRP,Buy,2.582507,€0.58,€1.50,€0.02,"Nov 2, 2023, 10:08:54 AM"
XRP,Buy,2.608472,€0.58,€1.50,€0.02,"Nov 3, 2023, 10:12:15 AM"
XRP,Buy,2.572948,€0.58,€1.50,€0.02,"Nov 4, 2023, 9:57:55 AM"
XRP,Buy,2.552062,€0.59,€1.50,€0.02,"Nov 5, 2023, 10:03:25 AM"
XRP,Buy,2.313155,€0.65,€1.50,€0.02,"Nov 6, 2023, 10:11:38 AM"
XRP,Buy,2.293421,€0.65,€1.50,€0.02,"Nov 7, 2023, 10:05:04 AM"
XRP,Buy,2.328782,€0.64,€1.50,€0.02,"Nov 8, 2023, 10:03:29 AM"
XRP,Buy,2.262126,€0.66,€1.50,€0.02,"Nov 9, 2023, 10:04:31 AM"
XRP,Buy,2.419002,€0.62,€1.50,€0.02,"Nov 10, 2023, 10:06:10 AM"
XRP,Buy,2.373836,€0.63,€1.50,€0.02,"Nov 11, 2023, 10:04:59 AM"
XRP,Buy,2.366653,€0.63,€1.50,€0.02,"Nov 12, 2023, 10:04:05 AM"
XRP,Buy,2.411554,€0.62,€1.50,€0.02,"Nov 13, 2023, 10:13:15 AM"
XRP,Buy,2.384768,€0.63,€1.50,€0.02,"Nov 14, 2023, 10:11:06 AM"
XRP,Buy,2.537235,€0.59,€1.50,€0.02,"Nov 15, 2023, 10:10:30 AM"
XRP,Buy,2.505043,€0.60,€1.50,€0.02,"Nov 16, 2023, 10:06:58 AM"
XRP,Buy,2.608401,€0.58,€1.50,€0.02,"Nov 17, 2023, 10:08:09 AM"
XRP,Buy,2.685506,€0.56,€1.50,€0.02,"Nov 18, 2023, 10:06:32 AM"
XRP,Buy,2.647186,€0.57,€1.50,€0.02,"Nov 19, 2023, 10:06:11 AM"
XRP,Buy,2.598195,€0.58,€1.50,€0.02,"Nov 20, 2023, 10:12:56 AM"
XRP,Buy,2.654738,€0.57,€1.50,€0.02,"Nov 21, 2023, 10:09:50 AM"
XRP,Buy,2.705608,€0.55,€1.50,€0.02,"Nov 22, 2023, 10:03:14 AM"
XRP,Buy,2.637095,€0.57,€1.50,€0.02,"Nov 23, 2023, 10:02:08 AM"
XRP,Buy,2.603104,€0.58,€1.50,€0.02,"Nov 24, 2023, 9:58:14 AM"
XRP,Buy,2.602609,€0.58,€1.50,€0.02,"Nov 25, 2023, 10:00:49 AM"
XRP,Buy,2.60201,€0.58,€1.50,€0.02,"Nov 26, 2023, 9:54:28 AM"
XRP,Buy,2.677207,€0.56,€1.50,€0.02,"Nov 27, 2023, 9:59:15 AM"
XRP,Buy,2.70736,€0.55,€1.50,€0.02,"Nov 28, 2023, 9:57:18 AM"
XRP,Buy,2.640664,€0.57,€1.50,€0.02,"Nov 29, 2023, 10:02:06 AM"
XRP,Buy,2.687977,€0.56,€1.50,€0.02,"Nov 30, 2023, 9:58:29 AM"
XRP,Buy,2.636525,€0.57,€1.50,€0.02,"Dec 1, 2023, 10:05:33 AM"
XRP,Buy,2.622867,€0.57,€1.50,€0.02,"Dec 2, 2023, 9:54:00 AM"
XRP,Buy,2.598006,€0.58,€1.50,€0.02,"Dec 3, 2023, 9:50:51 AM"
XRP,Buy,2.515522,€0.60,€1.50,€0.02,"Dec 4, 2023, 10:00:25 AM"
XRP,Buy,2.621268,€0.57,€1.50,€0.02,"Dec 5, 2023, 9:56:11 AM"
XRP,Buy,2.531767,€0.59,€1.50,€0.02,"Dec 6, 2023, 9:56:09 AM"
XRP,Buy,2.49382,€0.60,€1.50,€0.02,"Dec 7, 2023, 9:54:11 AM"
BTC,Buy,0.00002437,"€41,031.88",€1.00,€0.01,"Dec 7, 2023, 4:47:53 PM"
ETH,Buy,0.00045976,"€2,175.03",€1.00,€0.01,"Dec 7, 2023, 4:48:34 PM"
LTC,Buy,0.01449229,€69.00,€1.00,€0.01,"Dec 7, 2023, 4:51:10 PM"
ETH,Buy,0.00045215,"€2,211.65",€1.00,€0.01,"Dec 8, 2023, 9:23:54 AM"
BTC,Buy,0.00002464,"€40,571.03",€1.00,€0.01,"Dec 8, 2023, 9:28:50 AM"
LTC,Buy,0.01431529,€69.86,€1.00,€0.01,"Dec 8, 2023, 9:43:09 AM"
XRP,Buy,2.483497,€0.60,€1.50,€0.02,"Dec 8, 2023, 9:55:23 AM"
ETH,Buy,0.00044285,"€2,258.10",€1.00,€0.01,"Dec 9, 2023, 9:27:00 AM"
BTC,Buy,0.0000241,"€41,486.35",€1.00,€0.01,"Dec 9, 2023, 9:32:09 AM"
LTC,Buy,0.01367821,€73.11,€1.00,€0.01,"Dec 9, 2023, 9:47:03 AM"
XRP,Buy,2.342585,€0.64,€1.50,€0.02,"Dec 9, 2023, 9:59:42 AM"
ETH,Buy,0.00045295,"€2,207.73",€1.00,€0.01,"Dec 10, 2023, 9:29:38 AM"
BTC,Buy,0.00002423,"€41,266.31",€1.00,€0.01,"Dec 10, 2023, 9:34:15 AM"
LTC,Buy,0.01365134,€73.25,€1.00,€0.01,"Dec 10, 2023, 9:47:53 AM"
XRP,Buy,2.408862,€0.62,€1.50,€0.02,"Dec 10, 2023, 9:59:45 AM"
ETH,Buy,0.00047563,"€2,102.43",€1.00,€0.01,"Dec 11, 2023, 9:27:48 AM"
BTC,Buy,0.00002524,"€39,617.60",€1.00,€0.01,"Dec 11, 2023, 9:33:15 AM"
LTC,Buy,0.01453725,€68.79,€1.00,€0.01,"Dec 11, 2023, 9:48:40 AM"
XRP,Buy,2.562988,€0.59,€1.50,€0.02,"Dec 11, 2023, 10:02:15 AM"
ETH,Buy,0.00047876,"€2,088.72",€1.00,€0.01,"Dec 12, 2023, 9:23:06 AM"
BTC,Buy,0.00002547,"€39,251.04",€1.00,€0.01,"Dec 12, 2023, 9:28:00 AM"
LTC,Buy,0.01457149,€68.63,€1.00,€0.01,"Dec 12, 2023, 9:42:01 AM"
XRP,Buy,2.562064,€0.59,€1.50,€0.02,"Dec 12, 2023, 9:54:37 AM"
ETH,Buy,0.00048948,"€2,042.96",€1.00,€0.01,"Dec 13, 2023, 9:28:29 AM"
BTC,Buy,0.00002586,"€38,661.40",€1.00,€0.01,"Dec 13, 2023, 9:33:33 AM"
LTC,Buy,0.01490961,€67.07,€1.00,€0.01,"Dec 13, 2023, 9:48:18 AM"
XRP,Buy,2.628892,€0.57,€1.50,€0.02,"Dec 13, 2023, 10:01:26 AM"
ETH,Buy,0.00047166,"€2,120.15",€1.00,€0.01,"Dec 14, 2023, 9:24:12 AM"
BTC,Buy,0.00002504,"€39,921.01",€1.00,€0.01,"Dec 14, 2023, 9:29:01 AM"
LTC,Buy,0.01463275,€68.34,€1.00,€0.01,"Dec 14, 2023, 9:43:09 AM"
XRP,Buy,2.572801,€0.58,€1.50,€0.02,"Dec 14, 2023, 9:55:43 AM"
ETH,Buy,0.00047728,"€2,095.20",€1.00,€0.01,"Dec 15, 2023, 9:31:39 AM"
BTC,Buy,0.00002535,"€39,445.16",€1.00,€0.01,"Dec 15, 2023, 9:37:03 AM"
LTC,Buy,0.01503295,€66.52,€1.00,€0.01,"Dec 15, 2023, 9:52:18 AM"
XRP,Buy,2.562669,€0.59,€1.50,€0.02,"Dec 15, 2023, 10:05:47 AM"
ETH,Buy,0.00048003,"€2,083.20",€1.00,€0.01,"Dec 16, 2023, 9:24:51 AM"
BTC,Buy,0.00002551,"€39,185.35",€1.00,€0.01,"Dec 16, 2023, 9:29:40 AM"
LTC,Buy,0.01493642,€66.95,€1.00,€0.01,"Dec 16, 2023, 9:43:48 AM"
XRP,Buy,2.599131,€0.58,€1.50,€0.02,"Dec 16, 2023, 9:56:04 AM"
ETH,Buy,0.00048778,"€2,050.10",€1.00,€0.01,"Dec 17, 2023, 9:21:20 AM"
BTC,Buy,0.00002575,"€38,824.33",€1.00,€0.01,"Dec 17, 2023, 9:25:32 AM"
LTC,Buy,0.01472796,€67.90,€1.00,€0.01,"Dec 17, 2023, 9:37:54 AM"
XRP,Buy,2.62025,€0.57,€1.50,€0.02,"Dec 17, 2023, 9:48:40 AM"
ETH,Buy,0.00049774,"€2,009.05",€1.00,€0.01,"Dec 18, 2023, 9:25:14 AM"
BTC,Buy,0.00002621,"€38,150.52",€1.00,€0.01,"Dec 18, 2023, 9:30:36 AM"
LTC,Buy,0.01527787,€65.45,€1.00,€0.01,"Dec 18, 2023, 9:45:50 AM"
XRP,Buy,2.691789,€0.56,€1.50,€0.02,"Dec 18, 2023, 9:59:04 AM"
ETH,Buy,0.00047994,"€2,083.56",€1.00,€0.01,"Dec 19, 2023, 9:24:26 AM"
BTC,Buy,0.00002501,"€39,969.67",€1.00,€0.01,"Dec 19, 2023, 9:29:28 AM"
LTC,Buy,0.01511802,€66.15,€1.00,€0.01,"Dec 19, 2023, 9:44:07 AM"
XRP,Buy,2.650203,€0.57,€1.50,€0.02,"Dec 19, 2023, 9:56:53 AM"
ETH,Buy,0.00048957,"€2,042.58",€1.00,€0.01,"Dec 20, 2023, 9:25:37 AM"
BTC,Buy,0.0000253,"€39,523.49",€1.00,€0.01,"Dec 20, 2023, 9:30:13 AM"
LTC,Buy,0.01518743,€65.84,€1.00,€0.01,"Dec 20, 2023, 9:44:03 AM"
XRP,Buy,2.6597,€0.56,€1.50,€0.02,"Dec 20, 2023, 9:56:28 AM"
ETH,Buy,0.00048819,"€2,048.37",€1.00,€0.01,"Dec 21, 2023, 9:23:07 AM"
BTC,Buy,0.00002464,"€40,569.84",€1.00,€0.01,"Dec 21, 2023, 9:27:56 AM"
LTC,Buy,0.01544435,€64.75,€1.00,€0.01,"Dec 21, 2023, 9:41:17 AM"
XRP,Buy,2.631737,€0.57,€1.50,€0.02,"Dec 21, 2023, 9:53:30 AM"
ETH,Buy,0.00047188,"€2,119.17",€1.00,€0.01,"Dec 22, 2023, 9:24:56 AM"
BTC,Buy,0.00002483,"€40,264.14",€1.00,€0.01,"Dec 22, 2023, 9:29:54 AM"
LTC,Buy,0.01532804,€65.24,€1.00,€0.01,"Dec 22, 2023, 9:44:00 AM"
XRP,Buy,2.60479,€0.58,€1.50,€0.02,"Dec 22, 2023, 9:56:16 AM"
ETH,Buy,0.00047607,"€2,100.49",€1.00,€0.01,"Dec 23, 2023, 9:27:47 AM"
BTC,Buy,0.00002494,"€40,087.66",€1.00,€0.01,"Dec 23, 2023, 9:31:54 AM"
LTC,Buy,0.01504641,€66.46,€1.00,€0.01,"Dec 23, 2023, 9:43:45 AM"
XRP,Buy,2.638532,€0.57,€1.50,€0.02,"Dec 23, 2023, 9:54:07 AM"
ETH,Buy,0.00047466,"€2,106.74",€1.00,€0.01,"Dec 24, 2023, 9:21:45 AM"
BTC,Buy,0.00002492,"€40,119.47",€1.00,€0.01,"Dec 24, 2023, 9:26:10 AM"
LTC,Buy,0.01501171,€66.61,€1.00,€0.01,"Dec 24, 2023, 9:38:36 AM"
XRP,Buy,2.642165,€0.57,€1.50,€0.02,"Dec 24, 2023, 9:49:21 AM"
ETH,Buy,0.00047575,"€2,101.93",€1.00,€0.01,"Dec 25, 2023, 9:24:04 AM"
BTC,Buy,0.00002514,"€39,772.39",€1.00,€0.01,"Dec 25, 2023, 9:28:41 AM"
LTC,Buy,0.01514584,€66.02,€1.00,€0.01,"Dec 25, 2023, 9:42:07 AM"
XRP,Buy,2.613309,€0.57,€1.50,€0.02,"Dec 25, 2023, 9:53:55 AM"
ETH,Buy,0.00048734,"€2,051.92",€1.00,€0.01,"Dec 26, 2023, 9:21:21 AM"
BTC,Buy,0.00002549,"€39,217.21",€1.00,€0.01,"Dec 26, 2023, 9:25:43 AM"
LTC,Buy,0.01510585,€66.20,€1.00,€0.01,"Dec 26, 2023, 9:38:03 AM"
XRP,Buy,2.615376,€0.57,€1.50,€0.02,"Dec 26, 2023, 9:48:54 AM"
ETH,Buy,0.00048865,"€2,046.44",€1.00,€0.01,"Dec 27, 2023, 9:24:44 AM"
BTC,Buy,0.00002566,"€38,958.44",€1.00,€0.01,"Dec 27, 2023, 9:29:16 AM"
LTC,Buy,0.01464638,€68.28,€1.00,€0.01,"Dec 27, 2023, 9:42:00 AM"
XRP,Buy,2.620167,€0.57,€1.50,€0.02,"Dec 27, 2023, 9:53:09 AM"
ETH,Buy,0.00046087,"€2,169.79",€1.00,€0.01,"Dec 28, 2023, 9:23:25 AM"
BTC,Buy,0.00002553,"€39,154.52",€1.00,€0.01,"Dec 28, 2023, 9:28:14 AM"
LTC,Buy,0.01428718,€69.99,€1.00,€0.01,"Dec 28, 2023, 9:42:04 AM"
XRP,Buy,2.578123,€0.58,€1.50,€0.02,"Dec 28, 2023, 9:54:24 AM"
ETH,Buy,0.00046734,"€2,139.77",€1.00,€0.01,"Dec 29, 2023, 9:27:04 AM"
BTC,Buy,0.00002578,"€38,779.28",€1.00,€0.01,"Dec 29, 2023, 9:31:51 AM"
LTC,Buy,0.01440902,€69.40,€1.00,€0.01,"Dec 29, 2023, 9:45:42 AM"
XRP,Buy,2.607895,€0.58,€1.50,€0.02,"Dec 29, 2023, 9:57:54 AM"
ETH,Buy,0.00047707,"€2,096.10",€1.00,€0.01,"Dec 30, 2023, 9:22:54 AM"
BTC,Buy,0.00002605,"€38,381.94",€1.00,€0.01,"Dec 30, 2023, 9:27:00 AM"
LTC,Buy,0.01484052,€67.38,€1.00,€0.01,"Dec 30, 2023, 9:39:13 AM"
XRP,Buy,2.638633,€0.57,€1.50,€0.02,"Dec 30, 2023, 9:49:51 AM"
ETH,Buy,0.00047542,"€2,103.38",€1.00,€0.01,"Dec 31, 2023, 9:21:10 AM"
BTC,Buy,0.00002571,"€38,885.16",€1.00,€0.01,"Dec 31, 2023, 9:25:36 AM"
LTC,Buy,0.01489977,€67.12,€1.00,€0.01,"Dec 31, 2023, 9:38:04 AM"
XRP,Buy,2.62628,€0.57,€1.50,€0.02,"Dec 31, 2023, 9:49:12 AM"
ETH,Buy,0.00047709,"€2,096.01",€1.00,€0.01,"Jan 1, 2024, 9:24:47 AM"
BTC,Buy,0.00002566,"€38,958.56",€1.00,€0.01,"Jan 1, 2024, 9:30:04 AM"
LTC,Buy,0.01491374,€67.05,€1.00,€0.01,"Jan 1, 2024, 9:45:05 AM"
XRP,Buy,2.652325,€0.57,€1.50,€0.02,"Jan 1, 2024, 9:58:09 AM"
ETH,Buy,0.00045098,"€2,217.35",€1.00,€0.01,"Jan 2, 2024, 9:25:41 AM"
BTC,Buy,0.00002379,"€42,017.62",€1.00,€0.01,"Jan 2, 2024, 9:30:14 AM"
LTC,Buy,0.01447227,€69.10,€1.00,€0.01,"Jan 2, 2024, 9:43:41 AM"
XRP,Buy,2.575638,€0.58,€1.50,€0.02,"Jan 2, 2024, 9:55:57 AM"
ETH,Buy,0.00045729,"€2,186.79",€1.00,€0.01,"Jan 3, 2024, 9:22:58 AM"
BTC,Buy,0.00002393,"€41,785.68",€1.00,€0.01,"Jan 3, 2024, 9:27:31 AM"
LTC,Buy,0.01480217,€67.56,€1.00,€0.01,"Jan 3, 2024, 9:41:13 AM"
XRP,Buy,2.56947,€0.58,€1.50,€0.02,"Jan 3, 2024, 9:53:14 AM"
ETH,Buy,0.00048648,"€2,055.56",€1.00,€0.01,"Jan 4, 2024, 9:31:18 AM"
BTC,Buy,0.00002515,"€39,756.61",€1.00,€0.01,"Jan 4, 2024, 9:35:52 AM"
LTC,Buy,0.01662618,€60.15,€1.00,€0.01,"Jan 4, 2024, 9:49:24 AM"
XRP,Buy,2.817851,€0.53,€1.50,€0.02,"Jan 4, 2024, 10:01:19 AM"
ETH,Buy,0.00047742,"€2,094.55",€1.00,€0.01,"Jan 5, 2024, 9:25:46 AM"
BTC,Buy,0.00002455,"€40,726.12",€1.00,€0.01,"Jan 5, 2024, 9:30:47 AM"
LTC,Buy,0.0164084,€60.94,€1.00,€0.01,"Jan 5, 2024, 9:45:28 AM"
XRP,Buy,2.810274,€0.53,€1.50,€0.02,"Jan 5, 2024, 9:58:11 AM"
ETH,Buy,0.00048302,"€2,070.29",€1.00,€0.01,"Jan 6, 2024, 9:27:55 AM"
BTC,Buy,0.00002472,"€40,442.13",€1.00,€0.01,"Jan 6, 2024, 9:32:32 AM"
LTC,Buy,0.01672415,€59.79,€1.00,€0.01,"Jan 6, 2024, 9:45:47 AM"
XRP,Buy,2.856901,€0.53,€1.50,€0.02,"Jan 6, 2024, 9:57:18 AM"
ETH,Buy,0.00048094,"€2,079.22",€1.00,€0.01,"Jan 7, 2024, 9:19:30 AM"
BTC,Buy,0.00002449,"€40,817.16",€1.00,€0.01,"Jan 7, 2024, 9:23:26 AM"
LTC,Buy,0.01635963,€61.13,€1.00,€0.01,"Jan 7, 2024, 9:35:01 AM"
XRP,Buy,2.835485,€0.53,€1.50,€0.02,"Jan 7, 2024, 9:45:26 AM"
ETH,Buy,0.00048344,"€2,068.50",€1.00,€0.01,"Jan 8, 2024, 9:25:40 AM"
BTC,Buy,0.00002453,"€40,754.02",€1.00,€0.01,"Jan 8, 2024, 9:30:22 AM"
LTC,Buy,0.01669638,€59.89,€1.00,€0.01,"Jan 8, 2024, 9:43:49 AM"
XRP,Buy,2.927182,€0.51,€1.50,€0.02,"Jan 8, 2024, 9:55:49 AM"
ETH,Buy,0.00046791,"€2,137.16",€1.00,€0.01,"Jan 9, 2024, 9:25:00 AM"
BTC,Buy,0.00002307,"€43,332.80",€1.00,€0.01,"Jan 9, 2024, 9:29:42 AM"
LTC,Buy,0.01619048,€61.76,€1.00,€0.01,"Jan 9, 2024, 9:43:20 AM"
XRP,Buy,2.853178,€0.53,€1.50,€0.02,"Jan 9, 2024, 9:55:27 AM"
ETH,Buy,0.00045469,"€2,199.29",€1.00,€0.01,"Jan 10, 2024, 9:28:19 AM"
BTC,Buy,0.0000236,"€42,366.33",€1.00,€0.01,"Jan 10, 2024, 9:32:58 AM"
LTC,Buy,0.01622568,€61.63,€1.00,€0.01,"Jan 10, 2024, 9:46:12 AM"
XRP,Buy,2.889627,€0.52,€1.50,€0.02,"Jan 10, 2024, 9:57:53 AM"
ETH,Buy,0.00041719,"€2,396.97",€1.00,€0.01,"Jan 11, 2024, 9:20:47 AM"
BTC,Buy,0.00002343,"€42,677.50",€1.00,€0.01,"Jan 11, 2024, 9:25:06 AM"
LTC,Buy,0.01521601,€65.72,€1.00,€0.01,"Jan 11, 2024, 9:37:40 AM"
XRP,Buy,2.718489,€0.55,€1.50,€0.02,"Jan 11, 2024, 9:48:34 AM"
ETH,Buy,0.0004183,"€2,390.61",€1.00,€0.01,"Jan 12, 2024, 9:23:48 AM"
BTC,Buy,0.00002369,"€42,210.84",€1.00,€0.01,"Jan 12, 2024, 9:28:27 AM"
LTC,Buy,0.01485864,€67.30,€1.00,€0.01,"Jan 12, 2024, 9:41:38 AM"
XRP,Buy,2.738262,€0.55,€1.50,€0.02,"Jan 12, 2024, 9:53:20 AM"
ETH,Buy,0.00042321,"€2,362.85",€1.00,€0.01,"Jan 13, 2024, 9:24:52 AM"
BTC,Buy,0.00002498,"€40,016.08",€1.00,€0.01,"Jan 13, 2024, 9:29:28 AM"
LTC,Buy,0.01503448,€66.51,€1.00,€0.01,"Jan 13, 2024, 9:42:16 AM"
XRP,Buy,2.815124,€0.53,€1.50,€0.02,"Jan 13, 2024, 9:53:31 AM"
ETH,Buy,0.00042469,"€2,354.65",€1.00,€0.01,"Jan 14, 2024, 9:23:38 AM"
BTC,Buy,0.00002518,"€39,708.16",€1.00,€0.01,"Jan 14, 2024, 9:28:04 AM"
LTC,Buy,0.01500465,€66.65,€1.00,€0.01,"Jan 14, 2024, 9:40:20 AM"
XRP,Buy,2.8038,€0.53,€1.50,€0.02,"Jan 14, 2024, 9:51:23 AM"
ETH,Buy,0.00043152,"€2,317.37",€1.00,€0.01,"Jan 15, 2024, 9:27:15 AM"
BTC,Buy,0.00002538,"€39,386.28",€1.00,€0.01,"Jan 15, 2024, 9:32:46 AM"
LTC,Buy,0.01527704,€65.46,€1.00,€0.01,"Jan 15, 2024, 9:48:42 AM"
XRP,Buy,2.808572,€0.53,€1.50,€0.02,"Jan 15, 2024, 10:02:51 AM"
ETH,Buy,0.00042648,"€2,344.74",€1.00,€0.01,"Jan 16, 2024, 9:23:36 AM"
BTC,Buy,0.00002522,"€39,636.45",€1.00,€0.01,"Jan 16, 2024, 9:28:29 AM"
LTC,Buy,0.01546751,€64.65,€1.00,€0.01,"Jan 16, 2024, 9:42:17 AM"
XRP,Buy,2.808987,€0.53,€1.50,€0.02,"Jan 16, 2024, 9:54:19 AM"
ETH,Buy,0.00042274,"€2,365.50",€1.00,€0.01,"Jan 17, 2024, 9:22:47 AM"
BTC,Buy,0.00002517,"€39,718.93",€1.00,€0.01,"Jan 17, 2024, 9:27:23 AM"
LTC,Buy,0.01553256,€64.38,€1.00,€0.01,"Jan 17, 2024, 9:40:37 AM"
XRP,Buy,2.814546,€0.53,€1.50,€0.02,"Jan 17, 2024, 9:52:00 AM"
ETH,Buy,0.00042397,"€2,358.62",€1.00,€0.01,"Jan 18, 2024, 9:22:50 AM"
BTC,Buy,0.00002512,"€39,793.10",€1.00,€0.01,"Jan 18, 2024, 9:27:34 AM"
LTC,Buy,0.01534739,€65.16,€1.00,€0.01,"Jan 18, 2024, 9:41:01 AM"
XRP,Buy,2.850117,€0.53,€1.50,€0.02,"Jan 18, 2024, 9:53:04 AM"
ETH,Buy,0.00043671,"€2,289.80",€1.00,€0.01,"Jan 19, 2024, 9:26:11 AM"
BTC,Buy,0.00002611,"€38,290.19",€1.00,€0.01,"Jan 19, 2024, 9:31:34 AM"
LTC,Buy,0.01573431,€63.56,€1.00,€0.01,"Jan 19, 2024, 9:46:32 AM"
XRP,Buy,2.948332,€0.51,€1.50,€0.02,"Jan 19, 2024, 9:59:28 AM"
ETH,Buy,0.00043459,"€2,301.01",€1.00,€0.01,"Jan 20, 2024, 9:20:55 AM"
BTC,Buy,0.00002584,"€38,689.02",€1.00,€0.01,"Jan 20, 2024, 9:25:16 AM"
LTC,Buy,0.01496902,€66.80,€1.00,€0.01,"Jan 20, 2024, 9:37:28 AM"
XRP,Buy,2.948888,€0.51,€1.50,€0.02,"Jan 20, 2024, 9:48:09 AM"
ETH,Buy,0.00043445,"€2,301.72",€1.00,€0.01,"Jan 21, 2024, 9:20:27 AM"
BTC,Buy,0.00002579,"€38,773.27",€1.00,€0.01,"Jan 21, 2024, 9:24:35 AM"
LTC,Buy,0.01507333,€66.34,€1.00,€0.01,"Jan 21, 2024, 9:36:00 AM"
XRP,Buy,2.922213,€0.51,€1.50,€0.02,"Jan 21, 2024, 9:46:10 AM"
ETH,Buy,0.00044762,"€2,234.00",€1.00,€0.01,"Jan 22, 2024, 9:24:15 AM"
BTC,Buy,0.00002632,"€37,983.82",€1.00,€0.01,"Jan 22, 2024, 9:28:54 AM"
LTC,Buy,0.01510348,€66.21,€1.00,€0.01,"Jan 22, 2024, 9:41:50 AM"
XRP,Buy,3.006982,€0.50,€1.50,€0.02,"Jan 22, 2024, 9:53:50 AM"
ETH,Buy,0.0004661,"€2,145.42",€1.00,€0.01,"Jan 23, 2024, 9:24:08 AM"
BTC,Buy,0.00002719,"€36,771.14",€1.00,€0.01,"Jan 23, 2024, 9:28:35 AM"
LTC,Buy,0.01607161,€62.22,€1.00,€0.01,"Jan 23, 2024, 9:41:31 AM"
XRP,Buy,3.13493,€0.48,€1.50,€0.02,"Jan 23, 2024, 9:52:40 AM"
ETH,Buy,0.00048088,"€2,079.49",€1.00,€0.01,"Jan 24, 2024, 9:23:48 AM"
BTC,Buy,0.00002689,"€37,179.02",€1.00,€0.01,"Jan 24, 2024, 9:28:14 AM"
LTC,Buy,0.01643784,€60.84,€1.00,€0.01,"Jan 24, 2024, 9:41:18 AM"
XRP,Buy,3.131519,€0.48,€1.50,€0.02,"Jan 24, 2024, 9:53:04 AM"
ETH,Buy,0.00048326,"€2,069.26",€1.00,€0.01,"Jan 25, 2024, 9:20:37 AM"
BTC,Buy,0.00002683,"€37,261.84",€1.00,€0.01,"Jan 25, 2024, 9:25:02 AM"
LTC,Buy,0.01641409,€60.92,€1.00,€0.01,"Jan 25, 2024, 9:37:54 AM"
XRP,Buy,3.153079,€0.48,€1.50,€0.02,"Jan 25, 2024, 9:48:21 AM"
ETH,Buy,0.00048396,"€2,066.26",€1.00,€0.01,"Jan 26, 2024, 9:22:16 AM"
BTC,Buy,0.00002667,"€37,489.10",€1.00,€0.01,"Jan 26, 2024, 9:27:00 AM"
LTC,Buy,0.01633873,€61.20,€1.00,€0.01,"Jan 26, 2024, 9:40:32 AM"
XRP,Buy,3.129289,€0.48,€1.50,€0.02,"Jan 26, 2024, 9:51:56 AM"
ETH,Buy,0.00047576,"€2,101.87",€1.00,€0.01,"Jan 27, 2024, 9:21:59 AM"
BTC,Buy,0.00002576,"€38,816.85",€1.00,€0.01,"Jan 27, 2024, 9:26:27 AM"
LTC,Buy,0.01611271,€62.06,€1.00,€0.01,"Jan 27, 2024, 9:39:06 AM"
XRP,Buy,3.036152,€0.49,€1.50,€0.02,"Jan 27, 2024, 9:49:36 AM"
ETH,Buy,0.00046885,"€2,132.87",€1.00,€0.01,"Jan 28, 2024, 9:21:20 AM"
BTC,Buy,0.00002519,"€39,690.55",€1.00,€0.01,"Jan 28, 2024, 9:25:51 AM"
LTC,Buy,0.01577435,€63.39,€1.00,€0.01,"Jan 28, 2024, 9:38:32 AM"
XRP,Buy,3.018802,€0.50,€1.50,€0.02,"Jan 28, 2024, 9:49:38 AM"
ETH,Buy,0.00047469,"€2,106.62",€1.00,€0.01,"Jan 29, 2024, 9:25:00 AM"
BTC,Buy,0.00002549,"€39,224.30",€1.00,€0.01,"Jan 29, 2024, 9:30:01 AM"
LTC,Buy,0.01588512,€62.95,€1.00,€0.01,"Jan 29, 2024, 9:44:19 AM"
XRP,Buy,3.067863,€0.49,€1.50,€0.02,"Jan 29, 2024, 9:56:18 AM"
ETH,Buy,0.0004631,"€2,159.34",€1.00,€0.01,"Jan 30, 2024, 9:23:24 AM"
BTC,Buy,0.00002464,"€40,581.81",€1.00,€0.01,"Jan 30, 2024, 9:27:48 AM"
LTC,Buy,0.01568411,€63.76,€1.00,€0.01,"Jan 30, 2024, 9:40:25 AM"
XRP,Buy,3.012417,€0.50,€1.50,€0.02,"Jan 30, 2024, 9:51:22 AM"
ETH,Buy,0.00045695,"€2,188.42",€1.00,€0.01,"Jan 31, 2024, 9:27:18 AM"
BTC,Buy,0.00002486,"€40,224.45",€1.00,€0.01,"Jan 31, 2024, 9:32:34 AM"
LTC,Buy,0.01534857,€65.15,€1.00,€0.01,"Jan 31, 2024, 9:46:43 AM"
XRP,Buy,3.140587,€0.48,€1.50,€0.02,"Jan 31, 2024, 9:58:40 AM"
ETH,Buy,0.00046923,"€2,131.14",€1.00,€0.01,"Feb 1, 2024, 9:27:10 AM"
BTC,Buy,0.00002531,"€39,507.52",€1.00,€0.01,"Feb 1, 2024, 9:32:23 AM"
LTC,Buy,0.01604996,€62.31,€1.00,€0.01,"Feb 1, 2024, 9:47:40 AM"
XRP,Buy,3.236333,€0.46,€1.50,€0.02,"Feb 1, 2024, 10:00:40 AM"
ETH,Buy,0.00046506,"€2,150.23",€1.00,€0.01,"Feb 2, 2024, 9:29:10 AM"
BTC,Buy,0.00002497,"€40,036.60",€1.00,€0.01,"Feb 2, 2024, 9:35:14 AM"
LTC,Buy,0.0158828,€62.96,€1.00,€0.01,"Feb 2, 2024, 9:52:04 AM"
XRP,Buy,3.192889,€0.47,€1.50,€0.02,"Feb 2, 2024, 10:06:32 AM"
ETH,Buy,0.00046061,"€2,171.03",€1.00,€0.01,"Feb 3, 2024, 9:22:39 AM"
BTC,Buy,0.00002476,"€40,386.22",€1.00,€0.01,"Feb 3, 2024, 9:27:22 AM"
LTC,Buy,0.01565983,€63.86,€1.00,€0.01,"Feb 3, 2024, 9:40:45 AM"
XRP,Buy,3.143136,€0.48,€1.50,€0.02,"Feb 3, 2024, 9:52:33 AM"
ETH,Buy,0.00046525,"€2,149.38",€1.00,€0.01,"Feb 4, 2024, 9:21:52 AM"
BTC,Buy,0.00002489,"€40,166.26",€1.00,€0.01,"Feb 4, 2024, 9:26:18 AM"
LTC,Buy,0.0157242,€63.60,€1.00,€0.01,"Feb 4, 2024, 9:39:14 AM"
XRP,Buy,3.112696,€0.48,€1.50,€0.02,"Feb 4, 2024, 9:50:07 AM"
ETH,Buy,0.0004605,"€2,171.51",€1.00,€0.01,"Feb 5, 2024, 9:25:24 AM"
BTC,Buy,0.00002474,"€40,412.93",€1.00,€0.01,"Feb 5, 2024, 9:30:39 AM"
LTC,Buy,0.01576915,€63.41,€1.00,€0.01,"Feb 5, 2024, 9:45:54 AM"
XRP,Buy,3.169908,€0.47,€1.50,€0.02,"Feb 5, 2024, 9:58:46 AM"
ETH,Buy,0.00045714,"€2,187.50",€1.00,€0.01,"Feb 6, 2024, 9:24:46 AM"
BTC,Buy,0.00002479,"€40,325.89",€1.00,€0.01,"Feb 6, 2024, 9:29:32 AM"
LTC,Buy,0.01562658,€63.99,€1.00,€0.01,"Feb 6, 2024, 9:43:49 AM"
XRP,Buy,3.164073,€0.47,€1.50,€0.02,"Feb 6, 2024, 9:56:00 AM"
ETH,Buy,0.00045077,"€2,218.42",€1.00,€0.01,"Feb 7, 2024, 9:24:12 AM"
BTC,Buy,0.00002479,"€40,327.54",€1.00,€0.01,"Feb 7, 2024, 9:29:20 AM"
LTC,Buy,0.01562963,€63.98,€1.00,€0.01,"Feb 7, 2024, 9:43:39 AM"
XRP,Buy,3.190867,€0.47,€1.50,€0.02,"Feb 7, 2024, 9:56:06 AM"
ETH,Buy,0.00043983,"€2,273.59",€1.00,€0.01,"Feb 8, 2024, 9:21:48 AM"
BTC,Buy,0.00002386,"€41,898.57",€1.00,€0.01,"Feb 8, 2024, 9:26:10 AM"
LTC,Buy,0.01547621,€64.62,€1.00,€0.01,"Feb 8, 2024, 9:38:41 AM"
XRP,Buy,3.11039,€0.48,€1.50,€0.02,"Feb 8, 2024, 9:49:44 AM"
ETH,Buy,0.0004332,"€2,308.40",€1.00,€0.01,"Feb 9, 2024, 9:22:55 AM"
BTC,Buy,0.0000229,"€43,650.38",€1.00,€0.01,"Feb 9, 2024, 9:27:44 AM"
LTC,Buy,0.01510022,€66.22,€1.00,€0.01,"Feb 9, 2024, 9:41:36 AM"
XRP,Buy,3.071418,€0.49,€1.50,€0.02,"Feb 9, 2024, 9:53:10 AM"
ETH,Buy,0.00042622,"€2,346.17",€1.00,€0.01,"Feb 10, 2024, 9:23:32 AM"
BTC,Buy,0.00002254,"€44,355.99",€1.00,€0.01,"Feb 10, 2024, 9:28:18 AM"
LTC,Buy,0.015053,€66.43,€1.00,€0.01,"Feb 10, 2024, 9:41:48 AM"
XRP,Buy,3.039293,€0.49,€1.50,€0.02,"Feb 10, 2024, 9:53:25 AM"
ETH,Buy,0.00042034,"€2,379.02",€1.00,€0.01,"Feb 11, 2024, 9:22:38 AM"
BTC,Buy,0.00002209,"€45,263.65",€1.00,€0.01,"Feb 11, 2024, 9:27:08 AM"
LTC,Buy,0.01470411,€68.01,€1.00,€0.01,"Feb 11, 2024, 9:39:47 AM"
XRP,Buy,3.021197,€0.50,€1.50,€0.02,"Feb 11, 2024, 9:50:39 AM"
ETH,Buy,0.00042607,"€2,346.98",€1.00,€0.01,"Feb 12, 2024, 9:27:15 AM"
BTC,Buy,0.00002204,"€45,363.50",€1.00,€0.01,"Feb 12, 2024, 9:33:00 AM"
LTC,Buy,0.01498805,€66.72,€1.00,€0.01,"Feb 12, 2024, 9:48:47 AM"
XRP,Buy,3.066982,€0.49,€1.50,€0.02,"Feb 12, 2024, 10:02:49 AM"
ETH,Buy,0.00040078,"€2,495.12",€1.00,€0.01,"Feb 13, 2024, 9:24:33 AM"
BTC,Buy,0.00002124,"€47,074.36",€1.00,€0.01,"Feb 13, 2024, 9:29:31 AM"
LTC,Buy,0.01465902,€68.22,€1.00,€0.01,"Feb 13, 2024, 9:44:02 AM"
XRP,Buy,3.010833,€0.50,€1.50,€0.02,"Feb 13, 2024, 9:56:35 AM"
ETH,Buy,0.00039652,"€2,521.91",€1.00,€0.01,"Feb 14, 2024, 9:23:49 AM"
BTC,Buy,0.00002119,"€47,178.42",€1.00,€0.01,"Feb 14, 2024, 9:28:36 AM"
LTC,Buy,0.01519892,€65.79,€1.00,€0.01,"Feb 14, 2024, 9:42:44 AM"
XRP,Buy,3.0027,€0.50,€1.50,€0.02,"Feb 14, 2024, 9:54:46 AM"
ETH,Buy,0.00038144,"€2,621.61",€1.00,€0.01,"Feb 15, 2024, 9:23:14 AM"
BTC,Buy,0.00002039,"€49,039.41",€1.00,€0.01,"Feb 15, 2024, 9:27:57 AM"
LTC,Buy,0.01512988,€66.09,€1.00,€0.01,"Feb 15, 2024, 9:41:45 AM"
XRP,Buy,2.897915,€0.52,€1.50,€0.02,"Feb 15, 2024, 9:54:16 AM"
ETH,Buy,0.00037715,"€2,651.44",€1.00,€0.01,"Feb 16, 2024, 9:23:34 AM"
BTC,Buy,0.00002052,"€48,711.43",€1.00,€0.01,"Feb 16, 2024, 9:28:34 AM"
LTC,Buy,0.01516001,€65.96,€1.00,€0.01,"Feb 16, 2024, 9:42:56 AM"
XRP,Buy,2.818568,€0.53,€1.50,€0.02,"Feb 16, 2024, 9:55:21 AM"
ETH,Buy,0.00038171,"€2,619.74",€1.00,€0.01,"Feb 17, 2024, 9:21:46 AM"
BTC,Buy,0.00002052,"€48,715.53",€1.00,€0.01,"Feb 17, 2024, 9:26:12 AM"
LTC,Buy,0.01517373,€65.90,€1.00,€0.01,"Feb 17, 2024, 9:38:49 AM"
XRP,Buy,2.862123,€0.52,€1.50,€0.02,"Feb 17, 2024, 9:49:42 AM"
ETH,Buy,0.00037981,"€2,632.86",€1.00,€0.01,"Feb 18, 2024, 9:22:29 AM"
BTC,Buy,0.00002058,"€48,569.05",€1.00,€0.01,"Feb 18, 2024, 9:27:09 AM"
LTC,Buy,0.01511065,€66.18,€1.00,€0.01,"Feb 18, 2024, 9:40:24 AM"
XRP,Buy,2.860839,€0.52,€1.50,€0.02,"Feb 18, 2024, 9:52:08 AM"
BTC,Buy,0.00180407,"€55,430.15",€100.00,€1.48,"Feb 28, 2024, 11:22:44 AM"
LTC,Buy,0.70451406,€70.97,€50.00,€0.99,"Feb 28, 2024, 11:23:46 AM"
ETH,Buy,0.01595709,"€3,133.40",€50.00,€0.98,"Feb 28, 2024, 11:24:00 AM"
XRP,Buy,3.071493,€0.49,€1.50,€1.01,"Jun 6, 2024, 10:17:46 AM"
BTC,Sell,0.00358074,"€61,089.63",€218.74,€5.45,"Jun 11, 2024, 7:41:47 PM"
ETH,Sell,0.04898867,"€3,164.96",€155.04,€3.86,"Jun 11, 2024, 7:41:57 PM"
BTC,Buy,0.0000258,"€58,134.02",€1.50,€0.00,"Jun 26, 2024, 1:03:08 PM"
BTC,Buy,0.00008594,"€58,175.89",€5.00,€0.05,"Jun 26, 2024, 1:04:25 PM"
XRP,Buy,6.71344,€0.45,€3.00,€0.02,"Jun 26, 2024, 1:05:36 PM"
SOL,Buy,0.015399,€129.87,€2.00,€0.02,"Jun 26, 2024, 1:06:34 PM"
XRP,Buy,6.786113,€0.44,€3.00,€0.02,"Jun 27, 2024, 9:35:34 AM"
SOL,Buy,0.015537,€128.72,€2.00,€0.01,"Jun 27, 2024, 9:43:13 AM"
BTC,Buy,0.00008684,"€57,570.97",€5.00,€0.05,"Jun 27, 2024, 10:14:20 AM"
XRP,Buy,6.665267,€0.45,€3.00,€0.03,"Jun 28, 2024, 9:41:23 AM"
SOL,Buy,0.014612,€136.87,€2.00,€0.01,"Jun 28, 2024, 9:49:58 AM"
BTC,Buy,0.00008616,"€58,025.71",€5.00,€0.04,"Jun 28, 2024, 10:23:44 AM"
XRP,Buy,6.662149,€0.45,€3.00,€0.02,"Jun 29, 2024, 9:32:48 AM"
SOL,Buy,0.014856,€134.62,€2.00,€0.02,"Jun 29, 2024, 9:39:24 AM"
BTC,Buy,0.00008676,"€57,627.15",€5.00,€0.05,"Jun 29, 2024, 10:04:33 AM"
XRP,Buy,6.6768,€0.45,€3.00,€0.02,"Jun 30, 2024, 9:29:43 AM"
SOL,Buy,0.01506,€132.80,€2.00,€0.02,"Jun 30, 2024, 9:36:14 AM"
BTC,Buy,0.000086,"€58,134.89",€5.00,€0.04,"Jun 30, 2024, 10:01:34 AM"
XRP,Buy,6.629121,€0.45,€3.00,€0.02,"Jul 1, 2024, 9:40:24 AM"
SOL,Buy,0.014307,€139.78,€2.00,€0.01,"Jul 1, 2024, 9:49:14 AM"
BTC,Buy,0.0000843,"€59,310.40",€5.00,€0.04,"Jul 1, 2024, 10:23:49 AM"
XRP,Buy,6.626954,€0.45,€3.00,€0.03,"Jul 2, 2024, 9:35:32 AM"
SOL,Buy,0.014398,€138.90,€2.00,€0.02,"Jul 2, 2024, 9:42:24 AM"
BTC,Buy,0.00008472,"€59,015.34",€5.00,€0.05,"Jul 2, 2024, 10:10:16 AM"
XRP,Buy,6.634895,€0.45,€3.00,€0.03,"Jul 3, 2024, 9:32:18 AM"
SOL,Buy,0.014445,€138.45,€2.00,€0.01,"Jul 3, 2024, 9:39:24 AM"
BTC,Buy,0.00008753,"€57,122.02",€5.00,€0.05,"Jul 3, 2024, 10:08:53 AM"
XRP,Buy,7.199679,€0.42,€3.00,€0.03,"Jul 11, 2024, 12:55:08 PM"
SOL,Buy,0.014984,€133.47,€2.00,€0.02,"Jul 11, 2024, 12:55:09 PM"
BTC,Buy,0.00009177,"€54,480.85",€5.00,€0.05,"Jul 11, 2024, 12:55:14 PM"
XRP,Buy,7.072793,€0.42,€3.00,€0.03,"Jul 12, 2024, 9:38:08 AM"
SOL,Buy,0.015907,€125.73,€2.00,€0.01,"Jul 12, 2024, 9:45:56 AM"
BTC,Buy,0.00009391,"€53,239.48",€5.00,€0.05,"Jul 12, 2024, 10:15:49 AM"
XRP,Buy,6.31793,€0.47,€3.00,€0.02,"Jul 13, 2024, 9:30:03 AM"
SOL,Buy,0.015452,€129.43,€2.00,€0.02,"Jul 13, 2024, 9:36:10 AM"
BTC,Buy,0.00009255,"€54,019.93",€5.00,€0.05,"Jul 13, 2024, 10:01:04 AM"
XRP,Buy,6.119738,€0.49,€3.00,€0.02,"Jul 14, 2024, 9:30:38 AM"
SOL,Buy,0.014842,€134.75,€2.00,€0.01,"Jul 14, 2024, 9:37:06 AM"
BTC,Buy,0.00008945,"€55,892.90",€5.00,€0.04,"Jul 14, 2024, 10:02:12 AM"
XRP,Buy,6.243253,€0.48,€3.00,€0.03,"Aug 6, 2024, 9:34:50 AM"
SOL,Buy,0.015205,€131.53,€2.00,€0.01,"Aug 6, 2024, 9:42:16 AM"
BTC,Buy,0.0000962,"€51,972.76",€5.00,€0.04,"Aug 6, 2024, 10:12:09 AM"
XRP,Buy,6.306081,€0.48,€3.00,€0.03,"Aug 7, 2024, 9:32:57 AM"
SOL,Buy,0.014107,€141.77,€2.00,€0.01,"Aug 7, 2024, 9:39:56 AM"
BTC,Buy,0.00009452,"€52,896.18",€5.00,€0.05,"Aug 7, 2024, 10:08:05 AM"
XRP,Buy,5.377811,€0.56,€3.00,€0.02,"Aug 8, 2024, 9:35:15 AM"
SOL,Buy,0.013886,€144.03,€2.00,€0.02,"Aug 8, 2024, 9:42:54 AM"
BTC,Buy,0.00009455,"€52,876.76",€5.00,€0.05,"Aug 8, 2024, 10:13:22 AM"
XRP,Buy,5.348835,€0.56,€3.00,€0.02,"Aug 9, 2024, 9:34:34 AM"
SOL,Buy,0.013636,€146.66,€2.00,€0.01,"Aug 9, 2024, 9:42:49 AM"
BTC,Buy,0.00008875,"€56,332.92",€5.00,€0.05,"Aug 9, 2024, 10:13:57 AM"
XRP,Buy,5.503651,€0.55,€3.00,€0.03,"Aug 10, 2024, 9:30:56 AM"
SOL,Buy,0.013968,€143.18,€2.00,€0.02,"Aug 10, 2024, 9:37:32 AM"
BTC,Buy,0.00008871,"€56,360.01",€5.00,€0.05,"Aug 10, 2024, 10:03:27 AM"
XRP,Buy,5.4646,€0.55,€3.00,€0.02,"Aug 11, 2024, 9:33:00 AM"
SOL,Buy,0.013795,€144.98,€2.00,€0.02,"Aug 11, 2024, 9:40:18 AM"
XRP,Buy,5.673178,€0.53,€3.00,€0.03,"Aug 12, 2024, 9:46:53 AM"
SOL,Buy,0.014742,€135.66,€2.00,€0.01,"Aug 12, 2024, 9:56:35 AM"
BTC,Buy,0.00009165,"€54,554.25",€5.00,€0.05,"Aug 12, 2024, 10:33:03 AM"
XRP,Buy,5.649118,€0.53,€3.00,€0.02,"Aug 13, 2024, 9:36:28 AM"
SOL,Buy,0.014719,€135.87,€2.00,€0.01,"Aug 13, 2024, 9:44:15 AM"
BTC,Buy,0.00009102,"€54,931.76",€5.00,€0.04,"Aug 13, 2024, 10:16:04 AM"
XRP,Sell,299.837253,€0.68,€203.29,€2.01,"Nov 12, 2024, 9:26:35 PM"
BTC,Sell,0.00170992,"€81,727.48",€139.74,€1.38,"Nov 13, 2024, 9:27:10 AM"
SOL,Sell,0.290919,€192.17,€55.90,€0.55,"Nov 13, 2024, 9:27:29 AM"
XRP,Sell,125.418046,€0.62,€77.18,€0.76,"Nov 13, 2024, 10:17:50 AM"
SAND,Sell,134.41135269,€0.59,€79.82,€0.79,"Nov 24, 2024, 9:46:58 AM"
LTC,Sell,1.81068445,€86.59,€156.79,€1.55,"Nov 26, 2024, 10:14:00 AM"
DOT,Sell,0.63646038,€7.54,€4.79,€0.05,"Nov 26, 2024, 10:14:11 AM"
BTC,Buy,0.00001108,"€90,172.51",€1.00,€0.00,"Nov 26, 2024, 11:05:51 AM"
SOL,Buy,0.01924,$259.87,$5.00,$0.05,"Jan 18, 2025, 8:49:47 PM"
BTC,Buy,0.00004737,"$105,534.60",$5.00,$0.05,"Jan 18, 2025, 8:50:35 PM"
XRP,Buy,1.536961,$3.25,$5.00,$0.05,"Jan 18, 2025, 8:51:27 PM"
BTC,Buy,0.00004708,"$106,197.52",$5.00,$0.05,"Jan 19, 2025, 9:00:24 AM"
SOL,Buy,0.018179,$275.03,$5.00,$0.05,"Jan 19, 2025, 9:36:24 AM"
XRP,Buy,1.568024,$3.19,$5.00,$0.05,"Jan 19, 2025, 9:38:59 AM"
BTC,Buy,0.00004601,"$108,666.75",$5.00,$0.05,"Jan 20, 2025, 9:01:21 AM"
SOL,Buy,0.018445,$271.07,$5.00,$0.05,"Jan 20, 2025, 9:50:33 AM"
XRP,Buy,1.518601,$3.29,$5.00,$0.05,"Jan 20, 2025, 9:54:04 AM"
BTC,Buy,0.00004832,"$103,475.51",$5.00,$0.05,"Jan 21, 2025, 9:00:18 AM"
SOL,Buy,0.020697,$241.57,$5.00,$0.05,"Jan 21, 2025, 9:40:29 AM"
XRP,Buy,1.603091,$3.12,$5.00,$0.05,"Jan 21, 2025, 9:43:13 AM"
BTC,Buy,0.00004692,"$106,547.27",$5.00,$0.05,"Jan 22, 2025, 9:00:35 AM"
SOL,Buy,0.019331,$258.64,$5.00,$0.05,"Jan 22, 2025, 9:40:46 AM"
XRP,Buy,1.561844,$3.20,$5.00,$0.05,"Jan 22, 2025, 9:43:31 AM"
BTC,Buy,0.00004815,"$103,838.61",$5.00,$0.05,"Jan 23, 2025, 9:00:36 AM"
SOL,Buy,0.019976,$250.29,$5.00,$0.05,"Jan 23, 2025, 9:47:16 AM"
XRP,Buy,1.592079,$3.14,$5.00,$0.05,"Jan 23, 2025, 9:50:32 AM"
BTC,Buy,0.00004695,"$106,492.73",$5.00,$0.05,"Jan 24, 2025, 9:00:47 AM"
SOL,Buy,0.018635,$268.30,$5.00,$0.05,"Jan 24, 2025, 9:44:06 AM"
XRP,Buy,1.556339,$3.21,$5.00,$0.05,"Jan 24, 2025, 9:47:11 AM"
BTC,Buy,0.00004737,"$105,540.98",$5.00,$0.05,"Jan 25, 2025, 9:00:45 AM"
SOL,Buy,0.019807,$252.43,$5.00,$0.05,"Jan 25, 2025, 9:37:33 AM"
XRP,Buy,1.595654,$3.13,$5.00,$0.05,"Jan 25, 2025, 9:40:12 AM"
BTC,Buy,0.00004706,"$106,225.72",$5.00,$0.05,"Jan 26, 2025, 9:00:17 AM"
SOL,Buy,0.019263,$259.56,$5.00,$0.05,"Jan 26, 2025, 9:38:17 AM"
XRP,Buy,1.574676,$3.18,$5.00,$0.05,"Jan 26, 2025, 9:40:54 AM"
BTC,Buy,0.00004987,"$100,246.48",$5.00,$0.05,"Jan 27, 2025, 9:00:06 AM"
SOL,Buy,0.022087,$226.37,$5.00,$0.05,"Jan 27, 2025, 9:48:06 AM"
XRP,Buy,1.787884,$2.80,$5.00,$0.05,"Jan 27, 2025, 9:51:45 AM"
BTC,Buy,0.00015099,"$99,338.81",$15.00,$0.14,"Feb 11, 2025, 10:48:30 AM"
SOL,Buy,0.072824,$205.97,$15.00,$0.14,"Feb 11, 2025, 10:48:47 AM"
XRP,Buy,5.938847,$2.53,$15.00,$0.14,"Feb 11, 2025, 10:49:03 AM"
BTC,Buy,0.00012494,"€80,034.62",€10.00,€0.10,"Feb 26, 2025, 9:16:29 PM"
XRP,Buy,6.48465,$2.31,$15.00,$0.15,"Mar 18, 2025, 9:20:38 AM"
BTC,Buy,0.00017791,"$84,310.44",$15.00,$0.15,"Mar 18, 2025, 9:40:49 AM"
SOL,Buy,0.117895,$127.23,$15.00,$0.15,"Mar 18, 2025, 9:50:00 AM"
XRP,Buy,6.111552,$2.45,$15.00,$0.15,"Mar 25, 2025, 9:20:49 AM"
BTC,Buy,0.0001708,"$87,819.82",$15.00,$0.15,"Mar 25, 2025, 9:41:17 AM"
SOL,Buy,0.105218,$142.56,$15.00,$0.15,"Mar 25, 2025, 9:50:56 AM"
XRP,Buy,7.058663,$2.13,$15.00,$0.15,"Apr 1, 2025, 9:20:47 AM"
BTC,Buy,0.00017729,"$84,603.49",$15.00,$0.15,"Apr 1, 2025, 9:40:57 AM"
SOL,Buy,0.11716,$128.03,$15.00,$0.15,"Apr 1, 2025, 9:50:46 AM"
XRP,Buy,7.965085,$1.88,$15.00,$0.15,"Apr 8, 2025, 9:17:11 AM"
BTC,Buy,0.00018625,"$80,533.07",$15.00,$0.15,"Apr 8, 2025, 9:31:34 AM"
SOL,Buy,0.136497,$109.89,$15.00,$0.15,"Apr 8, 2025, 9:38:02 AM"
XRP,Buy,6.933074,$2.16,$15.00,$0.14,"Apr 15, 2025, 9:14:46 AM"
BTC,Buy,0.00017305,"$86,678.18",$15.00,$0.14,"Apr 15, 2025, 9:28:30 AM"
SOL,Buy,0.112616,$133.20,$15.00,$0.14,"Apr 15, 2025, 9:42:33 AM"
XRP,Buy,7.125702,$2.11,$15.00,$0.14,"Apr 22, 2025, 9:15:23 AM"
BTC,Buy,0.00016771,"$89,437.57",$15.00,$0.14,"Apr 22, 2025, 9:28:11 AM"
SOL,Buy,0.105417,$142.29,$15.00,$0.14,"Apr 22, 2025, 9:34:17 AM"
XRP,Buy,7.041438,$2.13,$15.00,$0.14,"May 6, 2025, 9:15:59 AM"
BTC,Buy,0.00015695,"$95,571.75",$15.00,$0.14,"May 6, 2025, 9:30:10 AM"
SOL,Buy,0.101817,$147.32,$15.00,$0.14,"May 6, 2025, 9:36:47 AM"
SOL,Stake,1.054357,€129.44,€136.48,€0.00,"May 6, 2025, 9:56:37 AM"
XRP,Buy,5.893386,$2.55,$15.00,$0.14,"May 13, 2025, 9:16:10 AM"
BTC,Buy,0.00014419,"$104,026.40",$15.00,$0.14,"May 13, 2025, 9:29:47 AM"
SOL,Buy,0.086177,$174.06,$15.00,$0.14,"May 13, 2025, 9:36:44 AM"
XRP,Buy,6.258581,$2.40,$15.00,$0.14,"May 20, 2025, 9:15:17 AM"
BTC,Buy,0.00014028,"$106,922.54",$15.00,$0.14,"May 20, 2025, 9:29:58 AM"
SOL,Buy,0.088282,$169.91,$15.00,$0.14,"May 20, 2025, 9:36:59 AM"
BTC,Buy,0.00013496,"$111,141.91",$15.00,$0.14,"May 27, 2025, 12:33:29 PM"
XRP,Buy,6.393538,$2.35,$15.00,$0.14,"May 27, 2025, 12:33:42 PM"
SOL,Buy,0.084069,$178.42,$15.00,$0.14,"May 27, 2025, 12:33:55 PM"
BTC,Buy,0.00013557,"$110,641.90",$15.00,$0.14,"Jun 10, 2025, 9:44:00 AM"
XRP,Buy,6.484908,$2.31,$15.00,$0.14,"Jun 10, 2025, 10:01:15 AM"
BTC,Buy,0.00013889,"$107,997.83",$15.00,$0.15,"Jun 17, 2025, 9:37:26 AM"
XRP,Buy,6.607393,$2.27,$15.00,$0.15,"Jun 17, 2025, 9:53:03 AM"
SOL,Buy,0.096757,$155.03,$15.00,$0.15,"Jun 17, 2025, 9:56:31 AM"
BTC,Buy,0.00014125,"$106,188.71",$15.00,$0.15,"Jun 24, 2025, 10:19:16 AM"
XRP,Buy,6.780028,$2.21,$15.00,$0.15,"Jun 24, 2025, 11:04:38 AM"
SOL,Buy,0.102465,$146.39,$15.00,$0.15,"Jun 24, 2025, 11:15:15 AM"
BTC,Buy,0.00013845,"$108,338.64",$15.00,$0.15,"Jul 1, 2025, 9:48:29 AM"
XRP,Buy,6.667736,$2.25,$15.00,$0.15,"Jul 1, 2025, 10:09:31 AM"
SOL,Buy,0.098796,$151.83,$15.00,$0.15,"Jul 1, 2025, 10:15:09 AM"
XRP,Buy,5.140325,$2.92,$15.00,$0.15,"Sep 23, 2025, 4:06:33 PM"
BTC,Buy,0.00013085,"$114,633.54",$15.00,$0.15,"Sep 23, 2025, 4:10:45 PM"
SOL,Buy,0.067023,$223.80,$15.00,$0.15,"Sep 23, 2025, 4:10:50 PM"
BTC,Buy,0.00013056,"$114,882.41",$15.00,$0.15,"Sep 30, 2025, 10:42:26 AM"
XRP,Buy,4.774,$2.90,$13.83,$1.17,"Sep 30, 2025, 10:46:13 AM"
SOL,Stake,0.617352,€178.96,€110.48,€0.00,"Sep 30, 2025, 10:47:05 AM"
SOL,Buy,0.071211,$210.64,$15.00,$0.15,"Sep 30, 2025, 10:49:45 AM"
XRP,Buy,4.989734,$3.01,$15.00,$0.15,"Oct 7, 2025, 10:10:19 AM"
BTC,Buy,0.00011983,"$125,175.74",$15.00,$0.15,"Oct 7, 2025, 10:26:18 AM"
SOL,Buy,0.064606,$232.18,$15.00,$0.15,"Oct 7, 2025, 10:33:16 AM"
XRP,Buy,6.022492,$2.49,$15.00,$0.15,"Oct 14, 2025, 10:08:42 AM"
BTC,Buy,0.00013267,"$113,060.63",$15.00,$0.15,"Oct 14, 2025, 10:24:17 AM"
SOL,Buy,0.075397,$198.95,$15.00,$0.15,"Oct 14, 2025, 10:31:39 AM"
XRP,Buy,6.121892,$2.45,$15.00,$0.15,"Oct 21, 2025, 10:14:01 AM"
BTC,Buy,0.00013732,"$109,233.23",$15.00,$0.15,"Oct 21, 2025, 10:29:21 AM"
SOL,Buy,0.080384,$186.60,$15.00,$0.15,"Oct 21, 2025, 10:37:10 AM"
XRP,Buy,5.588629,$2.68,$15.00,$0.15,"Oct 28, 2025, 10:12:05 AM"
BTC,Buy,0.00012974,"$115,609.65",$15.00,$0.15,"Oct 28, 2025, 10:28:13 AM"
SOL,Buy,0.073418,$204.31,$15.00,$0.15,"Oct 28, 2025, 10:35:51 AM"
XRP,Buy,6.550386,$2.29,$15.00,$0.14,"Nov 4, 2025, 10:23:42 AM"
BTC,Buy,0.00014235,"$105,373.79",$15.00,$0.14,"Nov 4, 2025, 10:40:15 AM"
SOL,Buy,0.092261,$162.58,$15.00,$0.14,"Nov 4, 2025, 10:48:02 AM"
XRP,Buy,6.770301,$2.22,$15.00,$0.15,"Nov 18, 2025, 10:15:13 AM"
BTC,Buy,0.00016273,"$92,173.58",$15.00,$0.15,"Nov 18, 2025, 10:32:23 AM"
SOL,Buy,0.107562,$139.45,$15.00,$0.15,"Nov 18, 2025, 10:40:11 AM"
XRP,Buy,6.733979,$2.23,$15.00,$0.15,"Nov 25, 2025, 10:16:06 AM"
BTC,Buy,0.00017041,"$88,021.67",$15.00,$0.14,"Nov 25, 2025, 10:33:50 AM"
SOL,Buy,0.109,$137.61,$15.00,$0.15,"Nov 25, 2025, 10:41:58 AM"
XRP,Buy,7.330598,$2.05,$15.00,$0.15,"Dec 2, 2025, 10:34:12 AM"
BTC,Buy,0.00017072,"$87,859.63",$15.00,$0.15,"Dec 2, 2025, 10:55:56 AM"
SOL,Buy,0.116382,$128.89,$15.00,$0.15,"Dec 2, 2025, 11:07:26 AM"
SOL,Stake,0.782268,€120.53,€94.28,€0.00,"Dec 2, 2025, 5:05:55 PM"
XRP,Buy,7.184486,$2.09,$15.00,$0.15,"Dec 9, 2025, 10:14:03 AM"
BTC,Buy,0.00016401,"$91,456.23",$15.00,$0.15,"Dec 9, 2025, 10:30:30 AM"
SOL,Buy,0.11151,$134.52,$15.00,$0.15,"Dec 9, 2025, 10:38:01 AM"
XRP,Buy,7.859208,$1.91,$15.00,$0.15,"Dec 16, 2025, 10:12:09 AM"
BTC,Buy,0.00017148,"$87,470.39",$15.00,$0.15,"Dec 16, 2025, 10:28:50 AM"
SOL,Buy,0.11701,$128.19,$15.00,$0.15,"Dec 16, 2025, 10:36:14 AM"
XRP,Buy,7.866062,$1.91,$15.00,$0.15,"Dec 23, 2025, 10:18:12 AM"
BTC,Buy,0.00016961,"$88,433.45",$15.00,$0.15,"Dec 23, 2025, 10:35:01 AM"
SOL,Buy,0.119468,$125.56,$15.00,$0.15,"Dec 23, 2025, 10:42:56 AM"
SOL,Stake,0.344446,€106.82,€36.79,€0.00,"Dec 23, 2025, 11:51:43 AM"
XRP,Buy,7.927727,$1.89,$15.00,$0.15,"Dec 30, 2025, 10:13:23 AM"
BTC,Buy,0.00016893,"$88,792.06",$15.00,$0.15,"Dec 30, 2025, 10:30:34 AM"
SOL,Buy,0.118836,$126.22,$15.00,$0.15,"Dec 30, 2025, 10:38:09 AM"
XRP,Buy,6.299889,$2.38,$15.00,$0.15,"Jan 6, 2026, 10:11:35 AM"
BTC,Buy,0.00015857,"$94,591.02",$15.00,$0.15,"Jan 6, 2026, 10:27:46 AM"
SOL,Buy,0.107337,$139.75,$15.00,$0.15,"Jan 6, 2026, 10:35:11 AM"
XRP,Buy,7.178108,$2.09,$15.00,$0.15,"Jan 13, 2026, 10:12:22 AM"
BTC,Buy,0.0001603,"$93,570.23",$15.00,$0.15,"Jan 13, 2026, 10:27:57 AM"
SOL,Buy,0.104392,$143.69,$15.00,$0.15,"Jan 13, 2026, 10:35:10 AM"
SOL,Stake,0.327204,€127.64,€41.76,€0.00,"Jan 14, 2026, 10:15:21 PM"
BTC,Buy,0.00016305,"$91,991.33",$15.00,$0.15,"Jan 20, 2026, 10:36:37 AM"
SOL,Buy,0.115334,$130.06,$15.00,$0.15,"Jan 20, 2026, 10:44:48 AM"
XRP,Buy,7.667886,$1.96,$15.00,$1.16,"Jan 20, 2026, 1:25:55 PM"
XRP,Buy,7.844645,$1.91,$15.00,$0.15,"Jan 27, 2026, 10:16:17 AM"
BTC,Buy,0.00016867,"$88,927.18",$15.00,$0.14,"Jan 27, 2026, 10:33:32 AM"
SOL,Buy,0.119691,$125.32,$15.00,$0.14,"Jan 27, 2026, 10:54:06 AM"
SOL,Stake,0.232713,€98.54,€22.93,€0.00,"Jan 30, 2026, 6:33:05 AM"
XRP,Buy,9.249153,$1.62,$15.00,$0.15,"Feb 3, 2026, 10:33:23 AM"
BTC,Buy,0.00018891,"$79,402.45",$15.00,$0.15,"Feb 3, 2026, 10:54:58 AM"
SOL,Buy,0.14344,$104.57,$15.00,$0.15,"Feb 3, 2026, 11:05:04 AM"
SOL,Stake,0.141972,€82.04,€11.64,€0.00,"Feb 4, 2026, 2:25:13 PM"
SOL,Receive,0.283874,€81.93,€23.25,€0.00,"Feb 4, 2026, 2:29:22 PM"
SOL,Stake,0.283874,€82.03,€23.28,€0.00,"Feb 4, 2026, 2:29:48 PM"
XRP,Buy,10.364569,$1.45,$15.00,$0.14,"Feb 10, 2026, 10:20:54 AM"
BTC,Buy,0.00021418,"$70,032.64",$15.00,$0.14,"Feb 10, 2026, 10:39:47 AM"
SOL,Buy,0.174847,$85.79,$15.00,$0.14,"Feb 10, 2026, 10:48:10 AM"
SOL,Stake,0.173179,€73.57,€12.74,€0.00,"Feb 14, 2026, 11:26:43 AM"
XRP,Buy,10.147408,$1.48,$15.00,$1.17,"Feb 17, 2026, 10:23:08 AM"
BTC,Buy,0.00021781,"$68,866.39",$15.00,$0.15,"Feb 17, 2026, 10:38:22 AM"
SOL,Buy,0.17259,$86.91,$15.00,$0.15,"Feb 17, 2026, 10:46:09 AM"
SOL,Stake,0.170817,€72.66,€12.41,€0.00,"Feb 17, 2026, 11:45:59 AM"
XRP,Buy,11.141722,$1.35,$15.00,$1.16,"Feb 24, 2026, 10:39:30 AM"
BTC,Buy,0.00023439,"$63,994.34",$15.00,$0.15,"Feb 24, 2026, 10:45:25 AM"
SOL,Buy,0.193201,$77.64,$15.00,$0.15,"Feb 24, 2026, 10:53:57 AM"
SOL,Stake,0.191225,€74.46,€14.23,€0.00,"Feb 26, 2026, 5:30:50 PM"
XRP,Buy,10.961264,$1.37,$15.00,$0.15,"Mar 3, 2026, 10:38:19 AM"
BTC,Buy,0.00022206,"$67,548.00",$15.00,$0.15,"Mar 3, 2026, 11:01:05 AM"
SOL,Buy,0.176239,$85.11,$15.00,$0.15,"Mar 3, 2026, 11:12:01 AM"
XRP,Buy,10.500196,$1.43,$15.00,$0.15,"Mar 10, 2026, 10:24:25 AM"
BTC,Buy,0.00020788,"$72,154.24",$15.00,$0.15,"Mar 10, 2026, 10:42:28 AM"
SOL,Buy,0.169297,$88.60,$15.00,$0.15,"Mar 10, 2026, 10:50:49 AM"
SOL,Stake,0.34205,€76.39,€26.13,€0.00,"Mar 12, 2026, 5:43:34 PM"
XRP,Buy,9.70215,$1.55,$15.00,$0.14,"Mar 17, 2026, 10:33:44 AM"
BTC,Buy,0.00020055,"$74,792.33",$15.00,$0.14,"Mar 17, 2026, 10:55:49 AM"
SOL,Buy,0.157437,$95.28,$15.00,$0.14,"Mar 17, 2026, 11:05:46 AM"
SOL,Stake,0.155864,€79.79,€12.43,€0.00,"Mar 23, 2026, 9:18:52 PM"
XRP,Buy,10.41913,$1.44,$15.00,$0.15,"Mar 24, 2026, 10:21:31 AM"
BTC,Buy,0.0002077,"$72,219.40",$15.00,$0.15,"Mar 24, 2026, 10:40:02 AM"
SOL,Buy,0.1604,$93.52,$15.00,$0.15,"Mar 24, 2026, 10:48:55 AM"
SOL,Stake,0.158787,€80.85,€12.83,€0.00,"Mar 25, 2026, 1:28:25 PM"
XRP,Buy,11.220217,$1.34,$15.00,$1.13,"Mar 31, 2026, 10:32:04 AM"
BTC,Buy,0.00022119,"$67,813.41",$15.00,$0.14,"Mar 31, 2026, 10:40:22 AM"
SOL,Buy,0.179455,$83.59,$15.00,$0.14,"Mar 31, 2026, 10:48:40 AM"
SOL,Stake,0.177669,€73.46,€13.05,€0.00,"Apr 8, 2026, 7:20:12 AM"
DOT,Learn reward,0.07900457,,,,"Jun 18, 2022, 9:40:44 PM"
DOT,Learn reward,0.07912735,,,,"Jun 18, 2022, 9:42:30 PM"
DOT,Learn reward,0.07910744,,,,"Jun 18, 2022, 9:44:02 PM"
DOT,Learn reward,0.07901152,,,,"Jun 18, 2022, 9:45:32 PM"
DOT,Learn reward,0.06409041,,,,"Jun 25, 2022, 10:46:24 AM"
DOT,Learn reward,0.06408719,,,,"Jun 25, 2022, 10:47:46 AM"
DOT,Learn reward,0.06400324,,,,"Jun 25, 2022, 10:49:52 AM"
DOT,Learn reward,0.06401983,,,,"Jun 25, 2022, 10:52:31 AM"
DOT,Learn reward,0.06400883,,,,"Jun 25, 2022, 10:53:59 AM"
SOL,Staking reward,0.000303,,,,"May 8, 2025, 10:18:25 PM"
SOL,Staking reward,0.000317,,,,"May 12, 2025, 7:34:58 AM"
SOL,Staking reward,0.000315,,,,"May 12, 2025, 9:01:22 PM"
SOL,Staking reward,0.000312,,,,"May 14, 2025, 8:51:46 PM"
SOL,Staking reward,0.000346,,,,"May 16, 2025, 8:07:52 PM"
SOL,Staking reward,0.000413,,,,"May 19, 2025, 7:19:27 AM"
SOL,Staking reward,0.000309,,,,"May 20, 2025, 7:11:59 PM"
SOL,Staking reward,0.000305,,,,"May 22, 2025, 6:29:38 PM"
SOL,Staking reward,0.0003,,,,"May 26, 2025, 7:26:44 AM"
SOL,Staking reward,0.000299,,,,"May 26, 2025, 5:16:16 PM"
SOL,Staking reward,0.000283,,,,"May 28, 2025, 5:40:47 PM"
SOL,Staking reward,0.000293,,,,"May 30, 2025, 4:09:33 PM"
SOL,Staking reward,0.000285,,,,"Jun 2, 2025, 7:58:14 AM"
SOL,Staking reward,0.000281,,,,"Jun 3, 2025, 2:09:41 PM"
SOL,Staking reward,0.000294,,,,"Jun 5, 2025, 2:17:30 PM"
SOL,Staking reward,0.000293,,,,"Jun 9, 2025, 7:46:09 AM"
SOL,Staking reward,0.000297,,,,"Jun 9, 2025, 1:35:12 PM"
SOL,Staking reward,0.000283,,,,"Jun 11, 2025, 12:32:51 PM"
SOL,Staking reward,0.000283,,,,"Jun 13, 2025, 12:43:48 PM"
SOL,Staking reward,0.000284,,,,"Jun 16, 2025, 8:34:02 AM"
SOL,Staking reward,0.000285,,,,"Jun 17, 2025, 1:50:27 PM"
SOL,Staking reward,0.000291,,,,"Jun 19, 2025, 12:44:26 PM"
SOL,Staking reward,0.000283,,,,"Jun 23, 2025, 7:58:27 AM"
SOL,Staking reward,0.000283,,,,"Jun 23, 2025, 1:25:31 PM"
SOL,Staking reward,0.00028,,,,"Jun 25, 2025, 1:29:20 PM"
SOL,Staking reward,0.00029,,,,"Jun 27, 2025, 1:36:01 PM"
SOL,Staking reward,0.000292,,,,"Jun 30, 2025, 8:39:31 AM"
SOL,Staking reward,0.000285,,,,"Jul 1, 2025, 12:54:57 PM"
SOL,Staking reward,0.000282,,,,"Jul 3, 2025, 12:38:49 PM"
SOL,Staking reward,0.000292,,,,"Jul 7, 2025, 8:21:58 AM"
SOL,Staking reward,0.000285,,,,"Jul 7, 2025, 11:02:08 AM"
SOL,Staking reward,0.000289,,,,"Jul 9, 2025, 10:52:33 AM"
SOL,Staking reward,0.000292,,,,"Jul 11, 2025, 10:08:15 AM"
SOL,Staking reward,0.000293,,,,"Jul 14, 2025, 8:19:19 AM"
SOL,Staking reward,0.000289,,,,"Jul 15, 2025, 9:12:53 AM"
SOL,Staking reward,0.000285,,,,"Jul 17, 2025, 8:37:46 AM"
SOL,Staking reward,0.000297,,,,"Jul 21, 2025, 3:10:29 PM"
SOL,Staking reward,0.000301,,,,"Jul 21, 2025, 5:12:28 PM"
SOL,Staking reward,0.000278,,,,"Jul 23, 2025, 7:07:38 AM"
SOL,Staking reward,0.000315,,,,"Jul 25, 2025, 6:26:55 AM"
SOL,Staking reward,0.000283,,,,"Jul 28, 2025, 8:09:27 AM"
SOL,Staking reward,0.000005,,,,"Jul 28, 2025, 4:50:54 PM"
SOL,Staking reward,0.000284,,,,"Jul 29, 2025, 6:14:24 AM"
SOL,Staking reward,0.00028,,,,"Jul 31, 2025, 6:16:09 AM"
SOL,Staking reward,0.000288,,,,"Aug 5, 2025, 10:51:58 AM"
SOL,Staking reward,0.000272,,,,"Aug 5, 2025, 1:56:12 PM"
SOL,Staking reward,0.000268,,,,"Aug 6, 2025, 5:20:22 AM"
SOL,Staking reward,0.000001,,,,"Aug 8, 2025, 2:16:41 AM"
SOL,Staking reward,0.000231,,,,"Aug 8, 2025, 5:07:19 AM"
SOL,Staking reward,0.00006,,,,"Aug 11, 2025, 8:35:07 AM"
SOL,Staking reward,0.000257,,,,"Aug 12, 2025, 4:46:22 AM"
SOL,Staking reward,0.000258,,,,"Aug 14, 2025, 3:23:03 AM"
SOL,Staking reward,0.000019,,,,"Aug 14, 2025, 9:21:06 PM"
SOL,Staking reward,0.000258,,,,"Aug 18, 2025, 8:17:24 AM"
SOL,Staking reward,0.000258,,,,"Aug 18, 2025, 10:02:13 AM"
SOL,Staking reward,0.000257,,,,"Aug 20, 2025, 12:50:00 AM"
SOL,Staking reward,0.000258,,,,"Aug 20, 2025, 2:21:28 PM"
SOL,Staking reward,0.000257,,,,"Aug 22, 2025, 12:16:06 AM"
SOL,Staking reward,0.000257,,,,"Aug 25, 2025, 8:34:38 AM"
SOL,Staking reward,0.000258,,,,"Aug 25, 2025, 11:13:31 PM"
SOL,Staking reward,0.000192,,,,"Aug 27, 2025, 2:59:48 PM"
SOL,Staking reward,0.000257,,,,"Aug 27, 2025, 10:12:39 PM"
SOL,Staking reward,0.000261,,,,"Aug 29, 2025, 9:17:14 PM"
SOL,Staking reward,0.000258,,,,"Sep 1, 2025, 8:29:36 AM"
SOL,Staking reward,0.000258,,,,"Sep 2, 2025, 8:33:19 PM"
SOL,Staking reward,0.000234,,,,"Sep 3, 2025, 2:57:21 PM"
SOL,Staking reward,0.000256,,,,"Sep 4, 2025, 7:56:15 PM"
SOL,Staking reward,0.000016,,,,"Sep 5, 2025, 5:23:33 PM"
SOL,Staking reward,0.000258,,,,"Sep 8, 2025, 8:14:12 AM"
SOL,Staking reward,0.000256,,,,"Sep 8, 2025, 8:23:47 PM"
SOL,Staking reward,0.000159,,,,"Sep 9, 2025, 5:31:19 PM"
SOL,Staking reward,0.000257,,,,"Sep 10, 2025, 8:23:46 PM"
SOL,Staking reward,0.000261,,,,"Sep 12, 2025, 8:18:47 PM"
SOL,Staking reward,0.000263,,,,"Sep 15, 2025, 8:16:45 AM"
SOL,Staking reward,0.000266,,,,"Sep 16, 2025, 7:11:31 PM"
SOL,Staking reward,0.000207,,,,"Sep 17, 2025, 3:19:48 PM"
SOL,Staking reward,0.000254,,,,"Sep 18, 2025, 6:46:56 PM"
SOL,Staking reward,0.000252,,,,"Sep 22, 2025, 8:23:57 AM"
SOL,Staking reward,0.000253,,,,"Sep 22, 2025, 5:34:40 PM"
SOL,Staking reward,0.000174,,,,"Sep 24, 2025, 2:59:05 PM"
SOL,Staking reward,0.000253,,,,"Sep 24, 2025, 5:23:47 PM"
SOL,Staking reward,0.000252,,,,"Sep 26, 2025, 4:46:35 PM"
SOL,Staking reward,0.000253,,,,"Sep 29, 2025, 8:33:04 AM"
SOL,Staking reward,0.000253,,,,"Sep 30, 2025, 4:08:21 PM"
SOL,Staking reward,0.000134,,,,"Oct 1, 2025, 2:37:56 PM"
SOL,Staking reward,0.000253,,,,"Oct 2, 2025, 3:37:48 PM"
SOL,Staking reward,0.000398,,,,"Oct 6, 2025, 3:14:58 PM"
SOL,Staking reward,0.000414,,,,"Oct 6, 2025, 10:28:20 PM"
SOL,Staking reward,0.000417,,,,"Oct 8, 2025, 12:25:54 PM"
SOL,Staking reward,0.000209,,,,"Oct 8, 2025, 11:05:13 PM"
SOL,Staking reward,0.000414,,,,"Oct 10, 2025, 12:43:29 PM"
SOL,Staking reward,0.000411,,,,"Oct 13, 2025, 8:13:39 AM"
SOL,Staking reward,0.00041,,,,"Oct 14, 2025, 11:51:16 AM"
SOL,Staking reward,0.00026,,,,"Oct 17, 2025, 11:15:42 AM"
SOL,Staking reward,0.000414,,,,"Oct 20, 2025, 2:40:57 PM"
SOL,Staking reward,0.000413,,,,"Oct 20, 2025, 4:01:47 PM"
SOL,Staking reward,0.000415,,,,"Oct 20, 2025, 6:40:55 PM"
SOL,Staking reward,0.000043,,,,"Oct 22, 2025, 12:57:18 AM"
SOL,Staking reward,0.000415,,,,"Oct 22, 2025, 11:10:51 AM"
SOL,Staking reward,0.000253,,,,"Oct 22, 2025, 2:41:28 PM"
SOL,Staking reward,0.00056,,,,"Oct 24, 2025, 10:58:07 AM"
SOL,Staking reward,0.000551,,,,"Oct 27, 2025, 7:39:36 AM"
SOL,Staking reward,0.000551,,,,"Oct 28, 2025, 8:51:27 AM"
SOL,Staking reward,0.00032,,,,"Oct 29, 2025, 3:49:46 PM"
SOL,Staking reward,0.00055,,,,"Oct 30, 2025, 8:20:29 AM"
SOL,Staking reward,0.000551,,,,"Nov 3, 2025, 7:41:21 AM"
SOL,Staking reward,0.000551,,,,"Nov 3, 2025, 9:16:44 AM"
SOL,Staking reward,0.000547,,,,"Nov 5, 2025, 9:09:02 AM"
SOL,Staking reward,0.000258,,,,"Nov 5, 2025, 2:11:40 PM"
SOL,Staking reward,0.00055,,,,"Nov 7, 2025, 9:37:03 AM"
SOL,Staking reward,0.000545,,,,"Nov 10, 2025, 7:16:53 AM"
SOL,Staking reward,0.000545,,,,"Nov 11, 2025, 9:21:54 AM"
SOL,Staking reward,0.000331,,,,"Nov 12, 2025, 3:05:14 PM"
SOL,Staking reward,0.000547,,,,"Nov 13, 2025, 10:06:46 AM"
SOL,Staking reward,0.000547,,,,"Nov 17, 2025, 7:16:47 AM"
SOL,Staking reward,0.000547,,,,"Nov 17, 2025, 8:50:44 AM"
SOL,Staking reward,0.000547,,,,"Nov 19, 2025, 8:47:54 AM"
SOL,Staking reward,0.000251,,,,"Nov 19, 2025, 2:36:21 PM"
SOL,Staking reward,0.000003,,,,"Nov 19, 2025, 5:01:47 PM"
SOL,Staking reward,0.000557,,,,"Nov 21, 2025, 8:41:26 AM"
SOL,Staking reward,0.000555,,,,"Nov 24, 2025, 7:39:12 AM"
SOL,Staking reward,0.00055,,,,"Nov 25, 2025, 7:54:25 AM"
SOL,Staking reward,0.000314,,,,"Nov 26, 2025, 3:48:10 PM"
SOL,Staking reward,0.000555,,,,"Nov 27, 2025, 6:02:03 AM"
SOL,Staking reward,0.000546,,,,"Dec 2, 2025, 5:31:46 PM"
SOL,Staking reward,0.000546,,,,"Dec 2, 2025, 7:28:58 PM"
SOL,Staking reward,0.000547,,,,"Dec 3, 2025, 2:06:05 AM"
SOL,Staking reward,0.000294,,,,"Dec 3, 2025, 3:08:25 PM"
SOL,Staking reward,0.000801,,,,"Dec 5, 2025, 1:54:53 AM"
SOL,Staking reward,0.000795,,,,"Dec 8, 2025, 7:31:45 AM"
SOL,Staking reward,0.000795,,,,"Dec 8, 2025, 9:58:32 PM"
SOL,Staking reward,0.000353,,,,"Dec 10, 2025, 2:21:27 PM"
SOL,Staking reward,0.000797,,,,"Dec 10, 2025, 9:01:05 PM"
SOL,Staking reward,0.000801,,,,"Dec 12, 2025, 8:02:09 PM"
SOL,Staking reward,0.0008,,,,"Dec 15, 2025, 7:29:04 AM"
SOL,Staking reward,0.000793,,,,"Dec 16, 2025, 5:31:45 PM"
SOL,Staking reward,0.000505,,,,"Dec 17, 2025, 3:43:52 PM"
SOL,Staking reward,0.000791,,,,"Dec 18, 2025, 4:29:41 PM"
SOL,Staking reward,0.000787,,,,"Dec 22, 2025, 7:35:17 AM"
SOL,Staking reward,0.000787,,,,"Dec 22, 2025, 2:06:27 PM"
SOL,Staking reward,0.000785,,,,"Dec 24, 2025, 1:14:48 PM"
SOL,Staking reward,0.000347,,,,"Dec 24, 2025, 4:04:45 PM"
SOL,Staking reward,0.000891,,,,"Dec 26, 2025, 12:31:36 PM"
SOL,Staking reward,0.000891,,,,"Dec 29, 2025, 7:27:25 AM"
SOL,Staking reward,0.000888,,,,"Dec 30, 2025, 11:27:26 AM"
SOL,Staking reward,0.000529,,,,"Dec 31, 2025, 3:38:15 PM"
SOL,Staking reward,0.000887,,,,"Jan 1, 2026, 10:12:09 AM"
SOL,Staking reward,0.000886,,,,"Jan 5, 2026, 7:48:30 AM"
SOL,Staking reward,0.000881,,,,"Jan 5, 2026, 9:08:51 AM"
SOL,Staking reward,0.000882,,,,"Jan 7, 2026, 8:24:26 AM"
SOL,Staking reward,0.000397,,,,"Jan 7, 2026, 2:08:47 PM"
SOL,Staking reward,0.000879,,,,"Jan 9, 2026, 8:14:33 AM"
SOL,Staking reward,0.000885,,,,"Jan 12, 2026, 7:34:53 AM"
SOL,Staking reward,0.000883,,,,"Jan 13, 2026, 6:59:37 AM"
SOL,Staking reward,0.00062,,,,"Jan 14, 2026, 2:26:27 PM"
SOL,Staking reward,0.000882,,,,"Jan 15, 2026, 6:07:30 AM"
SOL,Staking reward,0.000979,,,,"Jan 19, 2026, 7:48:52 AM"
SOL,Staking reward,0.000977,,,,"Jan 19, 2026, 9:15:29 AM"
SOL,Staking reward,0.000976,,,,"Jan 21, 2026, 5:05:19 AM"
SOL,Staking reward,0.000011,,,,"Jan 21, 2026, 9:50:40 PM"
SOL,Staking reward,0.000023,,,,"Jan 21, 2026, 11:17:17 PM"
SOL,Staking reward,0.000834,,,,"Jan 22, 2026, 12:53:35 AM"
SOL,Staking reward,0.000978,,,,"Jan 23, 2026, 4:28:04 AM"
SOL,Staking reward,0.000975,,,,"Jan 26, 2026, 7:18:07 AM"
SOL,Staking reward,0.000973,,,,"Jan 27, 2026, 4:34:47 AM"
SOL,Staking reward,0.000545,,,,"Jan 28, 2026, 2:32:10 PM"
SOL,Staking reward,0.000978,,,,"Jan 29, 2026, 4:42:32 AM"
SOL,Staking reward,0.000979,,,,"Feb 2, 2026, 7:28:28 AM"
SOL,Staking reward,0.001043,,,,"Feb 2, 2026, 10:12:27 AM"
SOL,Staking reward,0.001048,,,,"Feb 4, 2026, 4:53:28 AM"
SOL,Staking reward,0.001086,,,,"Feb 4, 2026, 5:40:45 PM"
SOL,Staking reward,0.001053,,,,"Feb 6, 2026, 3:35:29 AM"
SOL,Staking reward,0.001194,,,,"Feb 9, 2026, 7:42:17 AM"
SOL,Staking reward,0.001192,,,,"Feb 10, 2026, 1:26:46 AM"
SOL,Staking reward,0.000832,,,,"Feb 11, 2026, 3:24:23 PM"
SOL,Staking reward,0.001196,,,,"Feb 12, 2026, 12:43:28 AM"
SOL,Staking reward,0.001187,,,,"Feb 16, 2026, 7:56:44 AM"
SOL,Staking reward,0.001191,,,,"Feb 16, 2026, 10:03:19 AM"
SOL,Staking reward,0.001244,,,,"Feb 17, 2026, 11:23:32 PM"
SOL,Staking reward,0.000814,,,,"Feb 18, 2026, 3:24:52 PM"
SOL,Staking reward,0.001292,,,,"Feb 23, 2026, 6:47:03 AM"
SOL,Staking reward,0.001297,,,,"Feb 23, 2026, 8:57:08 AM"
SOL,Staking reward,0.001241,,,,"Feb 23, 2026, 6:13:29 PM"
SOL,Staking reward,0.000754,,,,"Feb 25, 2026, 2:24:53 PM"
SOL,Staking reward,0.001295,,,,"Feb 25, 2026, 7:54:22 PM"
SOL,Staking reward,0.001302,,,,"Feb 27, 2026, 4:59:05 PM"
SOL,Staking reward,0.001347,,,,"Mar 2, 2026, 8:18:01 AM"
SOL,Staking reward,0.001345,,,,"Mar 3, 2026, 4:45:23 PM"
SOL,Staking reward,0.00114,,,,"Mar 4, 2026, 2:06:23 PM"
SOL,Staking reward,0.001335,,,,"Mar 5, 2026, 5:39:25 PM"
SOL,Staking reward,0.001369,,,,"Mar 9, 2026, 7:00:06 AM"
SOL,Staking reward,0.001344,,,,"Mar 9, 2026, 4:45:44 PM"
SOL,Staking reward,0.001344,,,,"Mar 11, 2026, 12:51:29 PM"
SOL,Staking reward,0.000752,,,,"Mar 11, 2026, 6:19:20 PM"
SOL,Staking reward,0.001339,,,,"Mar 13, 2026, 2:24:12 PM"
SOL,Staking reward,0.00144,,,,"Mar 16, 2026, 8:33:09 AM"
SOL,Staking reward,0.001438,,,,"Mar 17, 2026, 1:47:14 PM"
SOL,Staking reward,0.000978,,,,"Mar 18, 2026, 4:56:31 PM"
SOL,Staking reward,0.001434,,,,"Mar 19, 2026, 11:37:44 AM"
SOL,Staking reward,0.001938,,,,"Mar 23, 2026, 8:04:33 AM"
SOL,Staking reward,0.001433,,,,"Mar 23, 2026, 10:25:18 AM"
SOL,Staking reward,0.001444,,,,"Mar 25, 2026, 8:44:57 AM"
SOL,Staking reward,0.000995,,,,"Mar 25, 2026, 3:49:27 PM"
SOL,Staking reward,0.001474,,,,"Mar 27, 2026, 8:05:16 AM"
SOL,Staking reward,0.001502,,,,"Mar 30, 2026, 9:07:29 AM"
SOL,Staking reward,0.00152,,,,"Mar 31, 2026, 7:58:22 AM"
SOL,Staking reward,0.001028,,,,"Apr 1, 2026, 4:13:22 PM"
SOL,Staking reward,0.001525,,,,"Apr 2, 2026, 5:46:25 AM"
SOL,Staking reward,0.001537,,,,"Apr 6, 2026, 8:56:35 AM"
SOL,Staking reward,0.001531,,,,"Apr 6, 2026, 11:40:52 AM"
SOL,Staking reward,0.001522,,,,"Apr 8, 2026, 2:44:40 AM"
SOL,Staking reward,0.001171,,,,"Apr 8, 2026, 5:33:22 PM"
SOL,Staking reward,0.001527,,,,"Apr 10, 2026, 2:15:51 AM"
