Date,Description,"Value, USD","Value, EUR",FX Rate,Price per share,Quantity of shares
"Apr 10, 2026, 2:22:14 AM",Service Fee Charged USD Class IE000H9J0QX4,-0.0015,-0.0013,0.8521,,
"Apr 10, 2026, 2:22:14 AM",Interest PAID USD Class R IE000H9J0QX4,0.0115,0.0098,0.8521,,
"Apr 7, 2026, 1:12:31 PM",BUY USD Class R IE000H9J0QX4,0.41,0.35,0.8557,1.00,0.41
"Apr 6, 2026, 1:12:31 PM",Interest Reinvested Class R USD IE000H9J0QX4,-0.41,-0.35,0.8557,,
"Apr 6, 2026, 2:18:55 AM",Service Fee Charged USD Class IE000H9J0QX4,-0.0015,-0.0013,0.8665,,
"Apr 6, 2026, 2:18:55 AM",Interest PAID USD Class R IE000H9J0QX4,0.0115,0.0100,0.8665,,
"Apr 2, 2026, 2:14:56 AM",Service Fee Charged USD Class IE000H9J0QX4,-0.0012,-0.0011,0.8665,,
"Apr 2, 2026, 2:14:56 AM",Interest PAID USD Class R IE000H9J0QX4,0.0112,0.0097,0.8665,,
"Apr 1, 2026, 12:24:31 PM",SELL USD Class R IE000H9J0QX4,-35,-30.20,0.8628,1.00,35
"Mar 31, 2026, 2:22:25 AM",Service Fee Charged USD Class IE000H9J0QX4,-0.0017,-0.0015,0.8640,,
"Mar 31, 2026, 2:22:25 AM",Interest PAID USD Class R IE000H9J0QX4,0.0117,0.0101,0.8640,,
"Mar 29, 2026, 1:23:47 AM",Service Fee Charged USD Class IE000H9J0QX4,-0.0017,-0.0015,0.8701,,
"Mar 29, 2026, 1:23:47 AM",Interest PAID USD Class R IE000H9J0QX4,0.0117,0.0102,0.8701,,
"Mar 27, 2026, 1:21:45 AM",Service Fee Charged USD Class IE000H9J0QX4,-0.0009,-0.0007,0.8689,,
"Mar 27, 2026, 1:21:45 AM",Interest PAID USD Class R IE000H9J0QX4,0.0109,0.0095,0.8689,,
"Mar 26, 2026, 1:19:02 AM",Service Fee Charged USD Class IE000H9J0QX4,-0.0017,-0.0015,0.8670,,
"Mar 26, 2026, 1:19:02 AM",Interest PAID USD Class R IE000H9J0QX4,0.0117,0.0101,0.8670,,
"Mar 24, 2026, 12:24:58 PM",SELL USD Class R IE000H9J0QX4,-20,-17.22,0.8610,1.00,20
"Mar 24, 2026, 1:22:21 AM",Service Fee Charged USD Class IE000H9J0QX4,-0.0011,-0.0010,0.8610,,
"Mar 24, 2026, 1:22:21 AM",Interest PAID USD Class R IE000H9J0QX4,0.0111,0.0096,0.8610,,
"Mar 23, 2026, 1:21:23 AM",Service Fee Charged USD Class IE000H9J0QX4,-0.0023,-0.0019,0.8615,,
"Mar 23, 2026, 1:21:23 AM",Interest PAID USD Class R IE000H9J0QX4,0.0123,0.0106,0.8615,,
"Mar 21, 2026, 1:22:27 AM",Service Fee Charged USD Class IE000H9J0QX4,-0.0011,-0.0010,0.8650,,
"Mar 21, 2026, 1:22:27 AM",Interest PAID USD Class R IE000H9J0QX4,0.0111,0.0096,0.8650,,
"Mar 20, 2026, 1:15:58 AM",Service Fee Charged USD Class IE000H9J0QX4,-0.0011,-0.0010,0.8650,,
"Mar 20, 2026, 1:15:58 AM",Interest PAID USD Class R IE000H9J0QX4,0.0111,0.0096,0.8650,,
"Mar 19, 2026, 1:19:34 AM",Service Fee Charged USD Class IE000H9J0QX4,-0.0023,-0.0019,0.8638,,
"Mar 19, 2026, 1:19:34 AM",Interest PAID USD Class R IE000H9J0QX4,0.0123,0.0106,0.8638,,
"Mar 17, 2026, 1:24:32 AM",Service Fee Charged USD Class IE000H9J0QX4,-0.0011,-0.0010,0.8666,,
"Mar 17, 2026, 1:24:32 AM",Interest PAID USD Class R IE000H9J0QX4,0.0111,0.0096,0.8666,,
"Mar 16, 2026, 12:23:01 PM",SELL USD Class R IE000H9J0QX4,-57,-49.57,0.8697,1.00,57
"Mar 16, 2026, 1:22:31 AM",Service Fee Charged USD Class IE000H9J0QX4,-0.0019,-0.0017,0.8697,,
"Mar 16, 2026, 1:22:31 AM",Interest PAID USD Class R IE000H9J0QX4,0.0119,0.0103,0.8697,,
"Mar 15, 2026, 1:19:14 AM",Service Fee Charged USD Class IE000H9J0QX4,-0.0019,-0.0017,0.8743,,
"Mar 15, 2026, 1:19:14 AM",Interest PAID USD Class R IE000H9J0QX4,0.0219,0.0191,0.8743,,
"Mar 14, 2026, 1:19:13 AM",Service Fee Charged USD Class IE000H9J0QX4,-0.0019,-0.0017,0.8766,,
"Mar 14, 2026, 1:19:13 AM",Interest PAID USD Class R IE000H9J0QX4,0.0119,0.0104,0.8766,,
"Mar 13, 2026, 1:16:49 AM",Service Fee Charged USD Class IE000H9J0QX4,-0.0019,-0.0017,0.8766,,
"Mar 13, 2026, 1:16:49 AM",Interest PAID USD Class R IE000H9J0QX4,0.0119,0.0104,0.8766,,
"Mar 12, 2026, 1:23:27 AM",Service Fee Charged USD Class IE000H9J0QX4,-0.0019,-0.0017,0.8679,,
"Mar 12, 2026, 1:23:27 AM",Interest PAID USD Class R IE000H9J0QX4,0.0219,0.0190,0.8679,,
"Mar 11, 2026, 1:15:44 AM",Service Fee Charged USD Class IE000H9J0QX4,-0.0019,-0.0017,0.8663,,
"Mar 11, 2026, 1:15:44 AM",Interest PAID USD Class R IE000H9J0QX4,0.0119,0.0103,0.8663,,
"Mar 10, 2026, 12:24:44 PM",SELL USD Class R IE000H9J0QX4,-45,-38.75,0.8612,1.00,45
"Mar 10, 2026, 1:23:10 AM",Service Fee Charged USD Class IE000H9J0QX4,-0.0025,-0.0022,0.8612,,
"Mar 10, 2026, 1:23:10 AM",Interest PAID USD Class R IE000H9J0QX4,0.0225,0.0194,0.8612,,
"Mar 9, 2026, 12:23:08 PM",SELL USD Class R IE000H9J0QX4,-100,-86.08,0.8608,1.00,100
"Mar 9, 2026, 1:17:58 AM",Service Fee Charged USD Class IE000H9J0QX4,-0.0039,-0.0034,0.8608,,
"Mar 9, 2026, 1:17:58 AM",Interest PAID USD Class R IE000H9J0QX4,0.0239,0.0206,0.8608,,
"Mar 8, 2026, 1:20:43 AM",Service Fee Charged USD Class IE000H9J0QX4,-0.0039,-0.0034,0.8675,,
"Mar 8, 2026, 1:20:43 AM",Interest PAID USD Class R IE000H9J0QX4,0.0339,0.0294,0.8675,,
"Mar 7, 2026, 1:21:28 AM",Service Fee Charged USD Class IE000H9J0QX4,-0.0039,-0.0034,0.8614,,
"Mar 7, 2026, 1:21:28 AM",Interest PAID USD Class R IE000H9J0QX4,0.0239,0.0206,0.8614,,
"Mar 6, 2026, 1:18:46 AM",Service Fee Charged USD Class IE000H9J0QX4,-0.0039,-0.0034,0.8614,,
"Mar 6, 2026, 1:18:46 AM",Interest PAID USD Class R IE000H9J0QX4,0.0339,0.0292,0.8614,,
"Mar 5, 2026, 1:21:27 AM",Service Fee Charged USD Class IE000H9J0QX4,-0.0039,-0.0034,0.8616,,
"Mar 5, 2026, 1:21:27 AM",Interest PAID USD Class R IE000H9J0QX4,0.0339,0.0292,0.8616,,
"Mar 4, 2026, 1:26:26 AM",Service Fee Charged USD Class IE000H9J0QX4,-0.0039,-0.0033,0.8595,,
"Mar 4, 2026, 1:26:26 AM",Interest PAID USD Class R IE000H9J0QX4,0.0239,0.0205,0.8595,,
"Mar 3, 2026, 1:15:59 PM",SELL USD Class R IE000H9J0QX4,-43.97,-37.87,0.8612,1.00,43.97
"Mar 3, 2026, 1:25:36 AM",Service Fee Charged USD Class IE000H9J0QX4,-0.0045,-0.0039,0.8612,,
"Mar 3, 2026, 1:25:36 AM",Interest PAID USD Class R IE000H9J0QX4,0.0345,0.0297,0.8612,,
"Mar 2, 2026, 1:18:11 AM",Service Fee Charged USD Class IE000H9J0QX4,-0.0045,-0.0039,0.8551,,
"Mar 2, 2026, 1:18:11 AM",Interest PAID USD Class R IE000H9J0QX4,0.0345,0.0295,0.8551,,
"Mar 1, 2026, 1:19:49 AM",Service Fee Charged USD Class IE000H9J0QX4,-0.0045,-0.0038,0.8503,,
"Mar 1, 2026, 1:19:49 AM",Interest PAID USD Class R IE000H9J0QX4,0.0345,0.0293,0.8503,,
"Feb 28, 2026, 1:18:20 AM",Service Fee Charged USD Class IE000H9J0QX4,-0.0045,-0.0038,0.8486,,
"Feb 28, 2026, 1:18:20 AM",Interest PAID USD Class R IE000H9J0QX4,0.0345,0.0293,0.8486,,
"Feb 27, 2026, 1:21:35 AM",Service Fee Charged USD Class IE000H9J0QX4,-0.0045,-0.0038,0.8469,,
"Feb 27, 2026, 1:21:35 AM",Interest PAID USD Class R IE000H9J0QX4,0.0345,0.0292,0.8469,,
"Feb 26, 2026, 1:20:11 AM",Service Fee Charged USD Class IE000H9J0QX4,-0.0045,-0.0038,0.8472,,
"Feb 26, 2026, 1:20:11 AM",Interest PAID USD Class R IE000H9J0QX4,0.0345,0.0292,0.8472,,
"Feb 25, 2026, 12:22:04 PM",SELL USD Class R IE000H9J0QX4,-32,-27.08,0.8464,1.00,32
"Feb 25, 2026, 1:23:05 AM",Service Fee Charged USD Class IE000H9J0QX4,-0.0049,-0.0042,0.8464,,
"Feb 25, 2026, 1:23:05 AM",Interest PAID USD Class R IE000H9J0QX4,0.0449,0.0380,0.8464,,
"Feb 24, 2026, 1:20:55 AM",Service Fee Charged USD Class IE000H9J0QX4,-0.0049,-0.0042,0.8493,,
"Feb 24, 2026, 1:20:55 AM",Interest PAID USD Class R IE000H9J0QX4,0.0349,0.0296,0.8493,,
"Feb 23, 2026, 1:22:32 AM",Service Fee Charged USD Class IE000H9J0QX4,-0.0049,-0.0042,0.8479,,
"Feb 23, 2026, 1:22:32 AM",Interest PAID USD Class R IE000H9J0QX4,0.0349,0.0296,0.8479,,
"Feb 22, 2026, 1:22:18 AM",Service Fee Charged USD Class IE000H9J0QX4,-0.0049,-0.0042,0.8449,,
"Feb 22, 2026, 1:22:18 AM",Interest PAID USD Class R IE000H9J0QX4,0.0449,0.0379,0.8449,,
"Feb 21, 2026, 1:21:39 AM",Service Fee Charged USD Class IE000H9J0QX4,-0.0049,-0.0042,0.8486,,
"Feb 21, 2026, 1:21:39 AM",Interest PAID USD Class R IE000H9J0QX4,0.0349,0.0296,0.8486,,
"Feb 20, 2026, 1:23:30 AM",Service Fee Charged USD Class IE000H9J0QX4,-0.0049,-0.0042,0.8486,,
"Feb 20, 2026, 1:23:30 AM",Interest PAID USD Class R IE000H9J0QX4,0.0349,0.0296,0.8486,,
"Feb 19, 2026, 1:22:09 AM",Service Fee Charged USD Class IE000H9J0QX4,-0.0049,-0.0042,0.8497,,
"Feb 19, 2026, 1:22:09 AM",Interest PAID USD Class R IE000H9J0QX4,0.0449,0.0382,0.8497,,
"Feb 18, 2026, 12:42:11 PM",SELL USD Class R IE000H9J0QX4,-45,-38.17,0.8483,1.00,45
"Feb 18, 2026, 1:19:22 AM",Service Fee Charged USD Class IE000H9J0QX4,-0.0056,-0.0047,0.8483,,
"Feb 18, 2026, 1:19:22 AM",Interest PAID USD Class R IE000H9J0QX4,0.0356,0.0302,0.8483,,
"Feb 17, 2026, 1:09:26 AM",Service Fee Charged USD Class IE000H9J0QX4,-0.0056,-0.0047,0.8438,,
"Feb 17, 2026, 1:09:26 AM",Interest PAID USD Class R IE000H9J0QX4,0.0456,0.0385,0.8438,,
"Feb 16, 2026, 1:08:37 AM",Service Fee Charged USD Class IE000H9J0QX4,-0.0056,-0.0047,0.8438,,
"Feb 16, 2026, 1:08:37 AM",Interest PAID USD Class R IE000H9J0QX4,0.0456,0.0385,0.8438,,
"Feb 15, 2026, 1:06:01 AM",Service Fee Charged USD Class IE000H9J0QX4,-0.0056,-0.0047,0.8425,,
"Feb 15, 2026, 1:06:01 AM",Interest PAID USD Class R IE000H9J0QX4,0.0456,0.0384,0.8425,,
"Feb 14, 2026, 1:10:07 AM",Service Fee Charged USD Class IE000H9J0QX4,-0.0056,-0.0047,0.8428,,
"Feb 14, 2026, 1:10:07 AM",Interest PAID USD Class R IE000H9J0QX4,0.0356,0.0300,0.8428,,
"Feb 13, 2026, 1:06:37 AM",Service Fee Charged USD Class IE000H9J0QX4,-0.0056,-0.0047,0.8428,,
"Feb 13, 2026, 1:06:37 AM",Interest PAID USD Class R IE000H9J0QX4,0.0456,0.0384,0.8428,,
"Feb 12, 2026, 1:10:21 AM",Service Fee Charged USD Class IE000H9J0QX4,-0.0056,-0.0047,0.8425,,
"Feb 12, 2026, 1:10:21 AM",Interest PAID USD Class R IE000H9J0QX4,0.0456,0.0384,0.8425,,
"Feb 11, 2026, 1:00:54 AM",Service Fee Charged USD Class IE000H9J0QX4,-0.0056,-0.0047,0.8421,,
"Feb 11, 2026, 1:00:54 AM",Interest PAID USD Class R IE000H9J0QX4,0.0456,0.0384,0.8421,,
"Feb 10, 2026, 1:30:06 PM",SELL USD Class R IE000H9J0QX4,-28.35,-23.85,0.8412,1.00,28.35
"Feb 10, 2026, 1:00:27 AM",Service Fee Charged USD Class IE000H9J0QX4,-0.0060,-0.0050,0.8412,,
"Feb 10, 2026, 1:00:27 AM",Interest PAID USD Class R IE000H9J0QX4,0.0460,0.0387,0.8412,,
"Feb 9, 2026, 1:04:03 AM",Service Fee Charged USD Class IE000H9J0QX4,-0.0060,-0.0050,0.8401,,
"Feb 9, 2026, 1:04:03 AM",Interest PAID USD Class R IE000H9J0QX4,0.0460,0.0386,0.8401,,
"Feb 8, 2026, 1:01:04 AM",Service Fee Charged USD Class IE000H9J0QX4,-0.0060,-0.0050,0.8454,,
"Feb 8, 2026, 1:01:04 AM",Interest PAID USD Class R IE000H9J0QX4,0.0460,0.0389,0.8454,,
"Feb 7, 2026, 1:04:41 AM",Service Fee Charged USD Class IE000H9J0QX4,-0.0060,-0.0050,0.8467,,
"Feb 7, 2026, 1:04:41 AM",Interest PAID USD Class R IE000H9J0QX4,0.0460,0.0389,0.8467,,
"Feb 6, 2026, 1:05:17 AM",Service Fee Charged USD Class IE000H9J0QX4,-0.0060,-0.0050,0.8467,,
"Feb 6, 2026, 1:05:17 AM",Interest PAID USD Class R IE000H9J0QX4,0.0460,0.0389,0.8467,,
"Feb 5, 2026, 1:05:44 AM",Service Fee Charged USD Class IE000H9J0QX4,-0.0060,-0.0051,0.8491,,
"Feb 5, 2026, 1:05:44 AM",Interest PAID USD Class R IE000H9J0QX4,0.0460,0.0391,0.8491,,
"Feb 4, 2026, 1:03:23 AM",Service Fee Charged USD Class IE000H9J0QX4,-0.0060,-0.0050,0.8473,,
"Feb 4, 2026, 1:03:23 AM",Interest PAID USD Class R IE000H9J0QX4,0.0460,0.0390,0.8473,,
"Feb 3, 2026, 12:32:09 PM",SELL USD Class R IE000H9J0QX4,-45,-38.08,0.8463,1.00,45
"Feb 3, 2026, 1:05:15 AM",Service Fee Charged USD Class IE000H9J0QX4,-0.0066,-0.0056,0.8463,,
"Feb 3, 2026, 1:05:15 AM",Interest PAID USD Class R IE000H9J0QX4,0.0466,0.0394,0.8463,,
"Feb 2, 2026, 1:00:43 AM",Service Fee Charged USD Class IE000H9J0QX4,-0.0066,-0.0056,0.8475,,
"Feb 2, 2026, 1:00:43 AM",Interest PAID USD Class R IE000H9J0QX4,0.0566,0.0480,0.8475,,
"Feb 1, 2026, 1:04:54 AM",Service Fee Charged USD Class IE000H9J0QX4,-0.0066,-0.0055,0.8440,,
"Feb 1, 2026, 1:04:54 AM",Interest PAID USD Class R IE000H9J0QX4,0.0466,0.0393,0.8440,,
"Jan 31, 2026, 1:06:52 AM",Service Fee Charged USD Class IE000H9J0QX4,-0.0066,-0.0055,0.8442,,
"Jan 31, 2026, 1:06:52 AM",Interest PAID USD Class R IE000H9J0QX4,0.0566,0.0478,0.8442,,
"Jan 30, 2026, 1:06:49 AM",Service Fee Charged USD Class IE000H9J0QX4,-0.0066,-0.0055,0.8442,,
"Jan 30, 2026, 1:06:49 AM",Interest PAID USD Class R IE000H9J0QX4,0.0466,0.0393,0.8442,,
"Jan 29, 2026, 1:01:50 AM",Service Fee Charged USD Class IE000H9J0QX4,-0.0066,-0.0055,0.8356,,
"Jan 29, 2026, 1:01:50 AM",Interest PAID USD Class R IE000H9J0QX4,0.0566,0.0473,0.8356,,
"Jan 28, 2026, 1:04:48 AM",Service Fee Charged USD Class IE000H9J0QX4,-0.0066,-0.0055,0.8349,,
"Jan 28, 2026, 1:04:48 AM",Interest PAID USD Class R IE000H9J0QX4,0.0466,0.0389,0.8349,,
"Jan 27, 2026, 12:24:16 PM",SELL USD Class R IE000H9J0QX4,-45,-37.43,0.8317,1.00,45
"Jan 27, 2026, 1:06:19 AM",Service Fee Charged USD Class IE000H9J0QX4,-0.0072,-0.0060,0.8317,,
"Jan 27, 2026, 1:06:19 AM",Interest PAID USD Class R IE000H9J0QX4,0.0572,0.0476,0.8317,,
"Jan 26, 2026, 1:03:22 AM",Service Fee Charged USD Class IE000H9J0QX4,-0.0072,-0.0061,0.8422,,
"Jan 26, 2026, 1:03:22 AM",Interest PAID USD Class R IE000H9J0QX4,0.0572,0.0482,0.8422,,
"Jan 25, 2026, 1:02:40 AM",Service Fee Charged USD Class IE000H9J0QX4,-0.0072,-0.0061,0.8431,,
"Jan 25, 2026, 1:02:40 AM",Interest PAID USD Class R IE000H9J0QX4,0.0572,0.0482,0.8431,,
"Jan 24, 2026, 1:02:21 AM",Service Fee Charged USD Class IE000H9J0QX4,-0.0072,-0.0061,0.8457,,
"Jan 24, 2026, 1:02:21 AM",Interest PAID USD Class R IE000H9J0QX4,0.0572,0.0484,0.8457,,
"Jan 23, 2026, 1:04:01 AM",Service Fee Charged USD Class IE000H9J0QX4,-0.0072,-0.0061,0.8457,,
"Jan 23, 2026, 1:04:01 AM",Interest PAID USD Class R IE000H9J0QX4,0.0472,0.0399,0.8457,,
"Jan 22, 2026, 1:22:50 AM",Service Fee Charged USD Class IE000H9J0QX4,-0.0072,-0.0061,0.8508,,
"Jan 22, 2026, 1:22:50 AM",Interest PAID USD Class R IE000H9J0QX4,0.0572,0.0487,0.8508,,
"Jan 21, 2026, 12:24:08 PM",SELL USD Class R IE000H9J0QX4,-45,-38.55,0.8567,1.00,45
"Jan 21, 2026, 1:26:47 AM",Service Fee Charged USD Class IE000H9J0QX4,-0.0078,-0.0067,0.8567,,
"Jan 21, 2026, 1:26:47 AM",Interest PAID USD Class R IE000H9J0QX4,0.0578,0.0495,0.8567,,
"Jan 20, 2026, 1:24:49 AM",Service Fee Charged USD Class IE000H9J0QX4,-0.0078,-0.0066,0.8527,,
"Jan 20, 2026, 1:24:49 AM",Interest PAID USD Class R IE000H9J0QX4,0.0678,0.0578,0.8527,,
"Jan 19, 2026, 1:22:59 AM",Service Fee Charged USD Class IE000H9J0QX4,-0.0078,-0.0067,0.8591,,
"Jan 19, 2026, 1:22:59 AM",Interest PAID USD Class R IE000H9J0QX4,0.0578,0.0497,0.8591,,
"Jan 18, 2026, 1:23:31 AM",Service Fee Charged USD Class IE000H9J0QX4,-0.0078,-0.0067,0.8601,,
"Jan 18, 2026, 1:23:31 AM",Interest PAID USD Class R IE000H9J0QX4,0.0578,0.0497,0.8601,,
"Jan 17, 2026, 1:25:35 AM",Service Fee Charged USD Class IE000H9J0QX4,-0.0078,-0.0067,0.8625,,
"Jan 17, 2026, 1:25:35 AM",Interest PAID USD Class R IE000H9J0QX4,0.0678,0.0585,0.8625,,
"Jan 16, 2026, 1:25:59 AM",Service Fee Charged USD Class IE000H9J0QX4,-0.0078,-0.0067,0.8625,,
"Jan 16, 2026, 1:25:59 AM",Interest PAID USD Class R IE000H9J0QX4,0.0578,0.0499,0.8625,,
"Jan 15, 2026, 1:23:20 AM",Service Fee Charged USD Class IE000H9J0QX4,-0.0078,-0.0067,0.8614,,
"Jan 15, 2026, 1:23:20 AM",Interest PAID USD Class R IE000H9J0QX4,0.0578,0.0498,0.8614,,
"Jan 14, 2026, 12:23:50 PM",SELL USD Class R IE000H9J0QX4,-12,-10.30,0.8587,1.00,12
"Jan 14, 2026, 1:23:19 AM",Service Fee Charged USD Class IE000H9J0QX4,-0.0079,-0.0068,0.8587,,
"Jan 14, 2026, 1:23:19 AM",Interest PAID USD Class R IE000H9J0QX4,0.0679,0.0583,0.8587,,
"Jan 13, 2026, 12:22:46 PM",SELL USD Class R IE000H9J0QX4,-40,-34.36,0.8589,1.00,40
"Jan 13, 2026, 1:22:46 AM",Service Fee Charged USD Class IE000H9J0QX4,-0.0085,-0.0073,0.8589,,
"Jan 13, 2026, 1:22:46 AM",Interest PAID USD Class R IE000H9J0QX4,0.0685,0.0588,0.8589,,
"Jan 12, 2026, 1:23:00 AM",Service Fee Charged USD Class IE000H9J0QX4,-0.0085,-0.0073,0.8571,,
"Jan 12, 2026, 1:23:00 AM",Interest PAID USD Class R IE000H9J0QX4,0.0585,0.0501,0.8571,,
"Jan 11, 2026, 1:23:53 AM",Service Fee Charged USD Class IE000H9J0QX4,-0.0085,-0.0073,0.8602,,
"Jan 11, 2026, 1:23:53 AM",Interest PAID USD Class R IE000H9J0QX4,0.0685,0.0589,0.8602,,
"Jan 10, 2026, 1:24:06 AM",Service Fee Charged USD Class IE000H9J0QX4,-0.0085,-0.0073,0.8601,,
"Jan 10, 2026, 1:24:06 AM",Interest PAID USD Class R IE000H9J0QX4,0.0685,0.0589,0.8601,,
"Jan 9, 2026, 1:26:02 AM",Service Fee Charged USD Class IE000H9J0QX4,-0.0085,-0.0073,0.8601,,
"Jan 9, 2026, 1:26:02 AM",Interest PAID USD Class R IE000H9J0QX4,0.0685,0.0589,0.8601,,
"Jan 8, 2026, 1:23:01 AM",Service Fee Charged USD Class IE000H9J0QX4,-0.0085,-0.0073,0.8578,,
"Jan 8, 2026, 1:23:01 AM",Interest PAID USD Class R IE000H9J0QX4,0.0685,0.0588,0.8578,,
"Jan 7, 2026, 1:25:06 AM",Service Fee Charged USD Class IE000H9J0QX4,-0.0085,-0.0073,0.8564,,
"Jan 7, 2026, 1:25:06 AM",Interest PAID USD Class R IE000H9J0QX4,0.0685,0.0587,0.8564,,
"Jan 6, 2026, 12:26:03 PM",SELL USD Class R IE000H9J0QX4,-30,-25.67,0.8556,1.00,30
"Jan 6, 2026, 1:24:16 AM",Service Fee Charged USD Class IE000H9J0QX4,-0.0089,-0.0076,0.8556,,
"Jan 6, 2026, 1:24:16 AM",Interest PAID USD Class R IE000H9J0QX4,0.0689,0.0590,0.8556,,
"Jan 5, 2026, 12:59:04 PM",BUY USD Class R IE000H9J0QX4,2.23,1.90,0.8536,1.00,2.23
"Jan 5, 2026, 1:32:12 AM",Service Fee Charged USD Class IE000H9J0QX4,-0.0089,-0.0076,0.8536,,
"Jan 5, 2026, 1:32:12 AM",Interest PAID USD Class R IE000H9J0QX4,0.0689,0.0588,0.8536,,
"Jan 4, 2026, 1:30:10 AM",Service Fee Charged USD Class IE000H9J0QX4,-0.0089,-0.0076,0.8543,,
"Jan 4, 2026, 1:30:10 AM",Interest PAID USD Class R IE000H9J0QX4,0.0689,0.0589,0.8543,,
"Jan 3, 2026, 1:25:48 AM",Service Fee Charged USD Class IE000H9J0QX4,-0.0089,-0.0076,0.8534,,
"Jan 3, 2026, 1:25:48 AM",Interest PAID USD Class R IE000H9J0QX4,0.0689,0.0588,0.8534,,
"Jan 2, 2026, 7:53:14 PM",Interest Reinvested Class R USD IE000H9J0QX4,-2.23,-1.90,0.8534,,
"Jan 2, 2026, 1:27:33 AM",Service Fee Charged USD Class IE000H9J0QX4,-0.0089,-0.0076,0.8534,,
"Jan 2, 2026, 1:27:33 AM",Interest PAID USD Class R IE000H9J0QX4,0.0689,0.0588,0.8534,,
"Jan 1, 2026, 1:25:41 AM",Service Fee Charged USD Class IE000H9J0QX4,-0.0089,-0.0076,0.8510,,
"Jan 1, 2026, 1:25:41 AM",Interest PAID USD Class R IE000H9J0QX4,0.0789,0.0671,0.8510,,
"Dec 31, 2025, 1:29:41 AM",Service Fee Charged USD Class IE000H9J0QX4,-0.0089,-0.0076,0.8518,,
"Dec 31, 2025, 1:29:41 AM",Interest PAID USD Class R IE000H9J0QX4,0.0689,0.0587,0.8518,,
"Dec 30, 2025, 1:27:26 AM",Service Fee Charged USD Class IE000H9J0QX4,-0.0089,-0.0076,0.8514,,
"Dec 30, 2025, 1:27:26 AM",Interest PAID USD Class R IE000H9J0QX4,0.0689,0.0587,0.8514,,
"Dec 29, 2025, 12:26:14 PM",SELL USD Class R IE000H9J0QX4,-45,-38.22,0.8494,1.00,45
"Dec 29, 2025, 1:28:59 AM",Service Fee Charged USD Class IE000H9J0QX4,-0.0095,-0.0081,0.8494,,
"Dec 29, 2025, 1:28:59 AM",Interest PAID USD Class R IE000H9J0QX4,0.0795,0.0675,0.8494,,
"Dec 28, 2025, 1:27:52 AM",Service Fee Charged USD Class IE000H9J0QX4,-0.0095,-0.0081,0.8493,,
"Dec 28, 2025, 1:27:52 AM",Interest PAID USD Class R IE000H9J0QX4,0.0695,0.0590,0.8493,,
"Dec 27, 2025, 1:26:57 AM",Service Fee Charged USD Class IE000H9J0QX4,-0.0095,-0.0081,0.8501,,
"Dec 27, 2025, 1:26:57 AM",Interest PAID USD Class R IE000H9J0QX4,0.0795,0.0676,0.8501,,
"Dec 26, 2025, 1:28:06 AM",Service Fee Charged USD Class IE000H9J0QX4,-0.0095,-0.0081,0.8501,,
"Dec 26, 2025, 1:28:06 AM",Interest PAID USD Class R IE000H9J0QX4,0.0695,0.0591,0.8501,,
"Dec 25, 2025, 1:28:09 AM",Service Fee Charged USD Class IE000H9J0QX4,-0.0095,-0.0081,0.8494,,
"Dec 25, 2025, 1:28:09 AM",Interest PAID USD Class R IE000H9J0QX4,0.0795,0.0675,0.8494,,
"Dec 24, 2025, 1:29:27 AM",Service Fee Charged USD Class IE000H9J0QX4,-0.0095,-0.0081,0.8494,,
"Dec 24, 2025, 1:29:27 AM",Interest PAID USD Class R IE000H9J0QX4,0.0695,0.0590,0.8494,,
"Dec 23, 2025, 12:22:02 PM",SELL USD Class R IE000H9J0QX4,-31,-26.28,0.8478,1.00,31
"Dec 23, 2025, 1:24:02 AM",Service Fee Charged USD Class IE000H9J0QX4,-0.0099,-0.0084,0.8478,,
"Dec 23, 2025, 1:24:02 AM",Interest PAID USD Class R IE000H9J0QX4,0.0799,0.0677,0.8478,,
"Dec 22, 2025, 1:24:49 AM",Service Fee Charged USD Class IE000H9J0QX4,-0.0099,-0.0084,0.8501,,
"Dec 22, 2025, 1:24:49 AM",Interest PAID USD Class R IE000H9J0QX4,0.0799,0.0679,0.8501,,
"Dec 21, 2025, 1:24:57 AM",Service Fee Charged USD Class IE000H9J0QX4,-0.0099,-0.0085,0.8538,,
"Dec 21, 2025, 1:24:57 AM",Interest PAID USD Class R IE000H9J0QX4,0.0799,0.0682,0.8538,,
"Dec 20, 2025, 1:24:22 AM",Service Fee Charged USD Class IE000H9J0QX4,-0.0099,-0.0085,0.8544,,
"Dec 20, 2025, 1:24:22 AM",Interest PAID USD Class R IE000H9J0QX4,0.0799,0.0683,0.8544,,
"Dec 19, 2025, 1:23:44 AM",Service Fee Charged USD Class IE000H9J0QX4,-0.0099,-0.0085,0.8544,,
"Dec 19, 2025, 1:23:44 AM",Interest PAID USD Class R IE000H9J0QX4,0.0699,0.0597,0.8544,,
"Dec 18, 2025, 1:23:10 AM",Service Fee Charged USD Class IE000H9J0QX4,-0.0099,-0.0085,0.8529,,
"Dec 18, 2025, 1:23:10 AM",Interest PAID USD Class R IE000H9J0QX4,0.0799,0.0681,0.8529,,
"Dec 17, 2025, 1:25:04 AM",Service Fee Charged USD Class IE000H9J0QX4,-0.0099,-0.0084,0.8517,,
"Dec 17, 2025, 1:25:04 AM",Interest PAID USD Class R IE000H9J0QX4,0.0799,0.0680,0.8517,,
"Dec 16, 2025, 12:42:26 PM",SELL USD Class R IE000H9J0QX4,-45,-38.30,0.8511,1.00,45
"Dec 16, 2025, 1:24:07 AM",Service Fee Charged USD Class IE000H9J0QX4,-0.0105,-0.0090,0.8511,,
"Dec 16, 2025, 1:24:07 AM",Interest PAID USD Class R IE000H9J0QX4,0.0905,0.0770,0.8511,,
"Dec 15, 2025, 1:25:28 AM",Service Fee Charged USD Class IE000H9J0QX4,-0.0105,-0.0090,0.8508,,
"Dec 15, 2025, 1:25:28 AM",Interest PAID USD Class R IE000H9J0QX4,0.0805,0.0685,0.8508,,
"Dec 14, 2025, 1:25:49 AM",Service Fee Charged USD Class IE000H9J0QX4,-0.0105,-0.0090,0.8519,,
"Dec 14, 2025, 1:25:49 AM",Interest PAID USD Class R IE000H9J0QX4,0.0805,0.0686,0.8519,,
"Dec 13, 2025, 1:24:11 AM",Service Fee Charged USD Class IE000H9J0QX4,-0.0105,-0.0090,0.8520,,
"Dec 13, 2025, 1:24:11 AM",Interest PAID USD Class R IE000H9J0QX4,0.0905,0.0771,0.8520,,
"Dec 12, 2025, 1:22:17 AM",Service Fee Charged USD Class IE000H9J0QX4,-0.0105,-0.0090,0.8520,,
"Dec 12, 2025, 1:22:17 AM",Interest PAID USD Class R IE000H9J0QX4,0.0805,0.0686,0.8520,,
"Dec 11, 2025, 12:35:35 PM",BUY USD Class R IE000H9J0QX4,2.78,2.37,0.8517,1.00,2.78
"Dec 11, 2025, 1:31:28 AM",Service Fee Charged USD Class IE000H9J0QX4,-0.0105,-0.0089,0.8517,,
"Dec 11, 2025, 1:31:28 AM",Interest PAID USD Class R IE000H9J0QX4,0.0905,0.0771,0.8517,,
"Dec 10, 2025, 7:40:49 PM",Interest Reinvested Class R USD IE000H9J0QX4,-2.78,-2.38,0.8546,,
"Dec 10, 2025, 1:23:04 AM",Service Fee Charged USD Class IE000H9J0QX4,-0.0105,-0.0090,0.8546,,
"Dec 10, 2025, 1:23:04 AM",Interest PAID USD Class R IE000H9J0QX4,0.0805,0.0688,0.8546,,
"Dec 9, 2025, 12:33:46 PM",SELL USD Class R IE000H9J0QX4,-45,-38.70,0.8600,1.00,45
"Dec 9, 2025, 1:23:48 AM",Service Fee Charged USD Class IE000H9J0QX4,-0.0111,-0.0096,0.8600,,
"Dec 9, 2025, 1:23:48 AM",Interest PAID USD Class R IE000H9J0QX4,0.0911,0.0783,0.8600,,
"Dec 8, 2025, 1:24:17 AM",Service Fee Charged USD Class IE000H9J0QX4,-0.0111,-0.0095,0.8590,,
"Dec 8, 2025, 1:24:17 AM",Interest PAID USD Class R IE000H9J0QX4,0.0911,0.0783,0.8590,,
"Dec 7, 2025, 1:22:18 AM",Service Fee Charged USD Class IE000H9J0QX4,-0.0111,-0.0095,0.8589,,
"Dec 7, 2025, 1:22:18 AM",Interest PAID USD Class R IE000H9J0QX4,0.0911,0.0782,0.8589,,
"Dec 6, 2025, 1:23:21 AM",Service Fee Charged USD Class IE000H9J0QX4,-0.0111,-0.0096,0.8594,,
"Dec 6, 2025, 1:23:21 AM",Interest PAID USD Class R IE000H9J0QX4,0.1011,0.0869,0.8594,,
"Dec 5, 2025, 1:21:05 AM",Service Fee Charged USD Class IE000H9J0QX4,-0.0111,-0.0096,0.8593,,
"Dec 5, 2025, 1:21:05 AM",Interest PAID USD Class R IE000H9J0QX4,0.0911,0.0783,0.8593,,
"Dec 4, 2025, 1:25:04 AM",Service Fee Charged USD Class IE000H9J0QX4,-0.0111,-0.0095,0.8588,,
"Dec 4, 2025, 1:25:04 AM",Interest PAID USD Class R IE000H9J0QX4,0.0911,0.0782,0.8588,,
"Dec 3, 2025, 1:25:37 AM",Service Fee Charged USD Class IE000H9J0QX4,-0.0111,-0.0095,0.8571,,
"Dec 3, 2025, 1:25:37 AM",Interest PAID USD Class R IE000H9J0QX4,0.0911,0.0781,0.8571,,
"Dec 2, 2025, 1:25:36 AM",Service Fee Charged USD Class IE000H9J0QX4,-0.0111,-0.0096,0.8600,,
"Dec 2, 2025, 1:25:36 AM",Interest PAID USD Class R IE000H9J0QX4,0.0911,0.0783,0.8600,,
"Dec 1, 2025, 12:26:54 PM",SELL USD Class R IE000H9J0QX4,-45,-38.77,0.8616,1.00,45
"Dec 1, 2025, 1:26:33 AM",Service Fee Charged USD Class IE000H9J0QX4,-0.0117,-0.0101,0.8616,,
"Dec 1, 2025, 1:26:33 AM",Interest PAID USD Class R IE000H9J0QX4,0.1017,0.0876,0.8616,,
"Nov 30, 2025, 1:24:43 AM",Service Fee Charged USD Class IE000H9J0QX4,-0.0117,-0.0101,0.8619,,
"Nov 30, 2025, 1:24:43 AM",Interest PAID USD Class R IE000H9J0QX4,0.0917,0.0790,0.8619,,
"Nov 29, 2025, 1:26:46 AM",Service Fee Charged USD Class IE000H9J0QX4,-0.0117,-0.0101,0.8628,,
"Nov 29, 2025, 1:26:46 AM",Interest PAID USD Class R IE000H9J0QX4,0.1017,0.0878,0.8628,,
"Nov 28, 2025, 1:24:39 AM",Service Fee Charged USD Class IE000H9J0QX4,-0.0117,-0.0101,0.8626,,
"Nov 28, 2025, 1:24:39 AM",Interest PAID USD Class R IE000H9J0QX4,0.0917,0.0791,0.8626,,
"Nov 27, 2025, 1:03:15 AM",Service Fee Charged USD Class IE000H9J0QX4,-0.0117,-0.0101,0.8621,,
"Nov 27, 2025, 1:03:15 AM",Interest PAID USD Class R IE000H9J0QX4,0.1017,0.0877,0.8621,,
"Nov 26, 2025, 1:18:22 AM",Service Fee Charged USD Class IE000H9J0QX4,-0.0117,-0.0101,0.8619,,
"Nov 26, 2025, 1:18:22 AM",Interest PAID USD Class R IE000H9J0QX4,0.0917,0.0790,0.8619,,
"Nov 25, 2025, 10:19:20 AM",SELL USD Class R IE000H9J0QX4,-45,-38.91,0.8647,1.00,45
"Nov 25, 2025, 1:17:40 AM",Service Fee Charged USD Class IE000H9J0QX4,-0.0123,-0.0107,0.8647,,
"Nov 25, 2025, 1:17:40 AM",Interest PAID USD Class R IE000H9J0QX4,0.1023,0.0885,0.8647,,
"Nov 24, 2025, 1:18:00 AM",Service Fee Charged USD Class IE000H9J0QX4,-0.0123,-0.0107,0.8680,,
"Nov 24, 2025, 1:18:00 AM",Interest PAID USD Class R IE000H9J0QX4,0.1023,0.0888,0.8680,,
"Nov 23, 2025, 1:17:48 AM",Service Fee Charged USD Class IE000H9J0QX4,-0.0123,-0.0107,0.8689,,
"Nov 23, 2025, 1:17:48 AM",Interest PAID USD Class R IE000H9J0QX4,0.1023,0.0889,0.8689,,
"Nov 22, 2025, 1:18:14 AM",Service Fee Charged USD Class IE000H9J0QX4,-0.0123,-0.0107,0.8688,,
"Nov 22, 2025, 1:18:14 AM",Interest PAID USD Class R IE000H9J0QX4,0.1023,0.0889,0.8688,,
"Nov 21, 2025, 1:18:17 AM",Service Fee Charged USD Class IE000H9J0QX4,-0.0123,-0.0107,0.8688,,
"Nov 21, 2025, 1:18:17 AM",Interest PAID USD Class R IE000H9J0QX4,0.1023,0.0889,0.8688,,
"Nov 20, 2025, 1:18:06 AM",Service Fee Charged USD Class IE000H9J0QX4,-0.0123,-0.0107,0.8670,,
"Nov 20, 2025, 1:18:06 AM",Interest PAID USD Class R IE000H9J0QX4,0.1023,0.0887,0.8670,,
"Nov 19, 2025, 1:19:16 AM",Service Fee Charged USD Class IE000H9J0QX4,-0.0123,-0.0107,0.8666,,
"Nov 19, 2025, 1:19:16 AM",Interest PAID USD Class R IE000H9J0QX4,0.1023,0.0887,0.8666,,
"Nov 18, 2025, 1:19:25 AM",Service Fee Charged USD Class IE000H9J0QX4,-0.0123,-0.0107,0.8635,,
"Nov 18, 2025, 1:19:25 AM",Interest PAID USD Class R IE000H9J0QX4,0.1023,0.0883,0.8635,,
"Nov 17, 2025, 12:42:16 PM",SELL USD Class R IE000H9J0QX4,-45,-38.82,0.8628,1.00,45
"Nov 17, 2025, 1:18:23 AM",Service Fee Charged USD Class IE000H9J0QX4,-0.0130,-0.0112,0.8628,,
"Nov 17, 2025, 1:18:23 AM",Interest PAID USD Class R IE000H9J0QX4,0.1130,0.0975,0.8628,,
"Nov 16, 2025, 1:18:29 AM",Service Fee Charged USD Class IE000H9J0QX4,-0.0130,-0.0112,0.8608,,
"Nov 16, 2025, 1:18:29 AM",Interest PAID USD Class R IE000H9J0QX4,0.1030,0.0887,0.8608,,
"Nov 15, 2025, 1:21:00 AM",Service Fee Charged USD Class IE000H9J0QX4,-0.0130,-0.0112,0.8610,,
"Nov 15, 2025, 1:21:00 AM",Interest PAID USD Class R IE000H9J0QX4,0.1130,0.0973,0.8610,,
"Nov 14, 2025, 1:20:01 AM",Service Fee Charged USD Class IE000H9J0QX4,-0.0130,-0.0112,0.8609,,
"Nov 14, 2025, 1:20:01 AM",Interest PAID USD Class R IE000H9J0QX4,0.1030,0.0887,0.8609,,
"Nov 13, 2025, 1:18:22 AM",Service Fee Charged USD Class IE000H9J0QX4,-0.0130,-0.0111,0.8598,,
"Nov 13, 2025, 1:18:22 AM",Interest PAID USD Class R IE000H9J0QX4,0.1130,0.0972,0.8598,,
"Nov 12, 2025, 1:17:38 AM",Service Fee Charged USD Class IE000H9J0QX4,-0.0130,-0.0112,0.8627,,
"Nov 12, 2025, 1:17:38 AM",Interest PAID USD Class R IE000H9J0QX4,0.1130,0.0975,0.8627,,
"Nov 11, 2025, 1:19:08 AM",Service Fee Charged USD Class IE000H9J0QX4,-0.0130,-0.0112,0.8630,,
"Nov 11, 2025, 1:19:08 AM",Interest PAID USD Class R IE000H9J0QX4,0.1030,0.0889,0.8630,,
"Nov 10, 2025, 1:18:22 AM",Service Fee Charged USD Class IE000H9J0QX4,-0.0130,-0.0112,0.8653,,
"Nov 10, 2025, 1:18:22 AM",Interest PAID USD Class R IE000H9J0QX4,0.1130,0.0978,0.8653,,
"Nov 9, 2025, 1:16:38 AM",Service Fee Charged USD Class IE000H9J0QX4,-0.0130,-0.0112,0.8662,,
"Nov 9, 2025, 1:16:38 AM",Interest PAID USD Class R IE000H9J0QX4,0.1030,0.0892,0.8662,,
"Nov 8, 2025, 1:17:55 AM",Service Fee Charged USD Class IE000H9J0QX4,-0.0130,-0.0112,0.8650,,
"Nov 8, 2025, 1:17:55 AM",Interest PAID USD Class R IE000H9J0QX4,0.1130,0.0977,0.8650,,
"Nov 7, 2025, 1:17:46 AM",Service Fee Charged USD Class IE000H9J0QX4,-0.0130,-0.0112,0.8650,,
"Nov 7, 2025, 1:17:46 AM",Interest PAID USD Class R IE000H9J0QX4,0.1030,0.0891,0.8650,,
"Nov 6, 2025, 1:20:24 AM",Service Fee Charged USD Class IE000H9J0QX4,-0.0130,-0.0112,0.8659,,
"Nov 6, 2025, 1:20:24 AM",Interest PAID USD Class R IE000H9J0QX4,0.1130,0.0978,0.8659,,
"Nov 5, 2025, 1:20:19 AM",Service Fee Charged USD Class IE000H9J0QX4,-0.0130,-0.0113,0.8699,,
"Nov 5, 2025, 1:20:19 AM",Interest PAID USD Class R IE000H9J0QX4,0.1130,0.0983,0.8699,,
"Nov 4, 2025, 12:33:21 PM",BUY USD Class R IE000H9J0QX4,3.54,3.08,0.8707,1.00,3.54
"Nov 4, 2025, 1:19:05 AM",Service Fee Charged USD Class IE000H9J0QX4,-0.0129,-0.0112,0.8707,,
"Nov 4, 2025, 1:19:05 AM",Interest PAID USD Class R IE000H9J0QX4,0.1029,0.0896,0.8707,,
"Nov 3, 2025, 1:10:55 PM",Interest WITHDRAWN USD Class R IE000H9J0QX4,-3.54,-3.07,0.8682,,
"Nov 3, 2025, 1:10:55 PM",SELL USD Class R IE000H9J0QX4,-45,-39.07,0.8682,1.00,45
"Nov 3, 2025, 12:31:17 PM",Interest Reinvested Class R USD IE000H9J0QX4,-3.54,-3.07,0.8682,,
"Nov 3, 2025, 1:18:31 AM",Service Fee Charged USD Class IE000H9J0QX4,-0.0135,-0.0117,0.8682,,
"Nov 3, 2025, 1:18:31 AM",Interest PAID USD Class R IE000H9J0QX4,0.1135,0.0985,0.8682,,
"Nov 2, 2025, 1:18:33 AM",Service Fee Charged USD Class IE000H9J0QX4,-0.0135,-0.0117,0.8674,,
"Nov 2, 2025, 1:18:33 AM",Interest PAID USD Class R IE000H9J0QX4,0.1235,0.1071,0.8674,,
"Nov 1, 2025, 1:19:18 AM",Service Fee Charged USD Class IE000H9J0QX4,-0.0135,-0.0117,0.8674,,
"Nov 1, 2025, 1:19:18 AM",Interest PAID USD Class R IE000H9J0QX4,0.1135,0.0984,0.8674,,
"Oct 31, 2025, 1:19:32 AM",Service Fee Charged USD Class IE000H9J0QX4,-0.0135,-0.0117,0.8674,,
"Oct 31, 2025, 1:19:32 AM",Interest PAID USD Class R IE000H9J0QX4,0.1135,0.0984,0.8674,,
"Oct 30, 2025, 1:19:28 AM",Service Fee Charged USD Class IE000H9J0QX4,-0.0135,-0.0117,0.8642,,
"Oct 30, 2025, 1:19:28 AM",Interest PAID USD Class R IE000H9J0QX4,0.1135,0.0981,0.8642,,
"Oct 29, 2025, 1:19:59 AM",Service Fee Charged USD Class IE000H9J0QX4,-0.0135,-0.0117,0.8618,,
"Oct 29, 2025, 1:19:59 AM",Interest PAID USD Class R IE000H9J0QX4,0.1235,0.1064,0.8618,,
"Oct 28, 2025, 12:26:47 PM",SELL USD Class R IE000H9J0QX4,-45,-38.60,0.8578,1.00,45
"Oct 28, 2025, 1:18:54 AM",Service Fee Charged USD Class IE000H9J0QX4,-0.0141,-0.0121,0.8578,,
"Oct 28, 2025, 1:18:54 AM",Interest PAID USD Class R IE000H9J0QX4,0.1141,0.0979,0.8578,,
"Oct 27, 2025, 1:19:53 AM",Service Fee Charged USD Class IE000H9J0QX4,-0.0141,-0.0121,0.8583,,
"Oct 27, 2025, 1:19:53 AM",Interest PAID USD Class R IE000H9J0QX4,0.1241,0.1065,0.8583,,
"Oct 26, 2025, 2:20:58 AM",Service Fee Charged USD Class IE000H9J0QX4,-0.0141,-0.0122,0.8596,,
"Oct 26, 2025, 2:20:58 AM",Interest PAID USD Class R IE000H9J0QX4,0.1241,0.1067,0.8596,,
"Oct 25, 2025, 2:20:00 AM",Service Fee Charged USD Class IE000H9J0QX4,-0.0141,-0.0122,0.8605,,
"Oct 25, 2025, 2:20:00 AM",Interest PAID USD Class R IE000H9J0QX4,0.1241,0.1068,0.8605,,
"Oct 24, 2025, 2:19:51 AM",Service Fee Charged USD Class IE000H9J0QX4,-0.0141,-0.0122,0.8603,,
"Oct 24, 2025, 2:19:51 AM",Interest PAID USD Class R IE000H9J0QX4,0.1241,0.1068,0.8603,,
"Oct 23, 2025, 2:21:29 AM",Service Fee Charged USD Class IE000H9J0QX4,-0.0141,-0.0122,0.8608,,
"Oct 23, 2025, 2:21:29 AM",Interest PAID USD Class R IE000H9J0QX4,0.1241,0.1068,0.8608,,
"Oct 22, 2025, 2:18:25 AM",Service Fee Charged USD Class IE000H9J0QX4,-0.0141,-0.0122,0.8615,,
"Oct 22, 2025, 2:18:25 AM",Interest PAID USD Class R IE000H9J0QX4,0.1141,0.0983,0.8615,,
"Oct 21, 2025, 12:23:39 PM",SELL USD Class R IE000H9J0QX4,-45,-38.79,0.8621,1.00,45
"Oct 21, 2025, 2:18:17 AM",Service Fee Charged USD Class IE000H9J0QX4,-0.0148,-0.0127,0.8621,,
"Oct 21, 2025, 2:18:17 AM",Interest PAID USD Class R IE000H9J0QX4,0.1348,0.1162,0.8621,,
"Oct 20, 2025, 2:20:24 AM",Service Fee Charged USD Class IE000H9J0QX4,-0.0148,-0.0127,0.8588,,
"Oct 20, 2025, 2:20:24 AM",Interest PAID USD Class R IE000H9J0QX4,0.1248,0.1072,0.8588,,
"Oct 19, 2025, 2:18:57 AM",Service Fee Charged USD Class IE000H9J0QX4,-0.0148,-0.0127,0.8576,,
"Oct 19, 2025, 2:18:57 AM",Interest PAID USD Class R IE000H9J0QX4,0.1348,0.1156,0.8576,,
"Oct 18, 2025, 2:18:50 AM",Service Fee Charged USD Class IE000H9J0QX4,-0.0148,-0.0127,0.8578,,
"Oct 18, 2025, 2:18:50 AM",Interest PAID USD Class R IE000H9J0QX4,0.1248,0.1071,0.8578,,
"Oct 17, 2025, 2:20:48 AM",Service Fee Charged USD Class IE000H9J0QX4,-0.0148,-0.0127,0.8578,,
"Oct 17, 2025, 2:20:48 AM",Interest PAID USD Class R IE000H9J0QX4,0.1248,0.1071,0.8578,,
"Oct 16, 2025, 2:20:05 AM",Service Fee Charged USD Class IE000H9J0QX4,-0.0148,-0.0126,0.8547,,
"Oct 16, 2025, 2:20:05 AM",Interest PAID USD Class R IE000H9J0QX4,0.1348,0.1152,0.8547,,
"Oct 15, 2025, 2:17:52 AM",Service Fee Charged USD Class IE000H9J0QX4,-0.0148,-0.0127,0.8587,,
"Oct 15, 2025, 2:17:52 AM",Interest PAID USD Class R IE000H9J0QX4,0.1248,0.1072,0.8587,,
"Oct 14, 2025, 12:35:14 PM",SELL USD Class R IE000H9J0QX4,-45,-38.78,0.8618,1.00,45
"Oct 14, 2025, 2:18:33 AM",Service Fee Charged USD Class IE000H9J0QX4,-0.0154,-0.0133,0.8618,,
"Oct 14, 2025, 2:18:33 AM",Interest PAID USD Class R IE000H9J0QX4,0.1354,0.1167,0.8618,,
"Oct 13, 2025, 2:20:22 AM",Service Fee Charged USD Class IE000H9J0QX4,-0.0154,-0.0133,0.8646,,
"Oct 13, 2025, 2:20:22 AM",Interest PAID USD Class R IE000H9J0QX4,0.1354,0.1171,0.8646,,
"Oct 12, 2025, 2:22:41 AM",Service Fee Charged USD Class IE000H9J0QX4,-0.0154,-0.0133,0.8619,,
"Oct 12, 2025, 2:22:41 AM",Interest PAID USD Class R IE000H9J0QX4,0.1254,0.1081,0.8619,,
"Oct 11, 2025, 2:20:39 AM",Service Fee Charged USD Class IE000H9J0QX4,-0.0154,-0.0133,0.8654,,
"Oct 11, 2025, 2:20:39 AM",Interest PAID USD Class R IE000H9J0QX4,0.1354,0.1172,0.8654,,
"Oct 10, 2025, 2:21:03 AM",Service Fee Charged USD Class IE000H9J0QX4,-0.0154,-0.0133,0.8620,,
"Oct 10, 2025, 2:21:03 AM",Interest PAID USD Class R IE000H9J0QX4,0.1354,0.1167,0.8620,,
"Oct 9, 2025, 2:21:42 AM",Service Fee Charged USD Class IE000H9J0QX4,-0.0154,-0.0133,0.8646,,
"Oct 9, 2025, 2:21:42 AM",Interest PAID USD Class R IE000H9J0QX4,0.1354,0.1171,0.8646,,
"Oct 8, 2025, 2:22:46 AM",Service Fee Charged USD Class IE000H9J0QX4,-0.0154,-0.0132,0.8599,,
"Oct 8, 2025, 2:22:46 AM",Interest PAID USD Class R IE000H9J0QX4,0.1354,0.1164,0.8599,,
"Oct 7, 2025, 2:19:39 AM",Service Fee Charged USD Class IE000H9J0QX4,-0.0154,-0.0132,0.8582,,
"Oct 7, 2025, 2:19:39 AM",Interest PAID USD Class R IE000H9J0QX4,0.1254,0.1076,0.8582,,
"Oct 6, 2025, 12:20:53 PM",SELL USD Class R IE000H9J0QX4,-70,-59.78,0.8540,1.00,70
"Oct 6, 2025, 2:17:21 AM",Service Fee Charged USD Class IE000H9J0QX4,-0.0163,-0.0140,0.8540,,
"Oct 6, 2025, 2:17:21 AM",Interest PAID USD Class R IE000H9J0QX4,0.1463,0.1249,0.8540,,
"Oct 5, 2025, 2:19:39 AM",Service Fee Charged USD Class IE000H9J0QX4,-0.0163,-0.0140,0.8538,,
"Oct 5, 2025, 2:19:39 AM",Interest PAID USD Class R IE000H9J0QX4,0.1363,0.1164,0.8538,,
"Oct 4, 2025, 2:17:21 AM",Service Fee Charged USD Class IE000H9J0QX4,-0.0163,-0.0139,0.8522,,
"Oct 4, 2025, 2:17:21 AM",Interest PAID USD Class R IE000H9J0QX4,0.1463,0.1247,0.8522,,
"Oct 3, 2025, 2:17:58 AM",Service Fee Charged USD Class IE000H9J0QX4,-0.0163,-0.0139,0.8522,,
"Oct 3, 2025, 2:17:58 AM",Interest PAID USD Class R IE000H9J0QX4,0.1463,0.1247,0.8522,,
"Oct 2, 2025, 12:53:42 PM",BUY USD Class R IE000H9J0QX4,4.09,3.49,0.8529,1.00,4.09
"Oct 2, 2025, 2:17:57 AM",Service Fee Charged USD Class IE000H9J0QX4,-0.0163,-0.0139,0.8529,,
"Oct 2, 2025, 2:17:57 AM",Interest PAID USD Class R IE000H9J0QX4,0.1463,0.1248,0.8529,,
"Oct 1, 2025, 5:24:42 PM",Interest Reinvested Class R USD IE000H9J0QX4,-4.09,-3.49,0.8523,,
"Oct 1, 2025, 12:23:45 PM",SELL USD Class R IE000H9J0QX4,-45,-38.35,0.8523,1.00,45
"Oct 1, 2025, 2:16:54 AM",Service Fee Charged USD Class IE000H9J0QX4,-0.0169,-0.0144,0.8523,,
"Oct 1, 2025, 2:16:54 AM",Interest PAID USD Class R IE000H9J0QX4,0.1369,0.1167,0.8523,,
"Sep 30, 2025, 2:19:10 AM",Service Fee Charged USD Class IE000H9J0QX4,-0.0169,-0.0144,0.8522,,
"Sep 30, 2025, 2:19:10 AM",Interest PAID USD Class R IE000H9J0QX4,0.1469,0.1252,0.8522,,
"Sep 29, 2025, 2:19:08 AM",Service Fee Charged USD Class IE000H9J0QX4,-0.0169,-0.0144,0.8525,,
"Sep 29, 2025, 2:19:08 AM",Interest PAID USD Class R IE000H9J0QX4,0.1469,0.1252,0.8525,,
"Sep 28, 2025, 2:19:31 AM",Service Fee Charged USD Class IE000H9J0QX4,-0.0169,-0.0144,0.8543,,
"Sep 28, 2025, 2:19:31 AM",Interest PAID USD Class R IE000H9J0QX4,0.1469,0.1255,0.8543,,
"Sep 27, 2025, 2:19:00 AM",Service Fee Charged USD Class IE000H9J0QX4,-0.0169,-0.0145,0.8555,,
"Sep 27, 2025, 2:19:00 AM",Interest PAID USD Class R IE000H9J0QX4,0.1469,0.1257,0.8555,,
"Sep 26, 2025, 2:20:28 AM",Service Fee Charged USD Class IE000H9J0QX4,-0.0169,-0.0145,0.8555,,
"Sep 26, 2025, 2:20:28 AM",Interest PAID USD Class R IE000H9J0QX4,0.1469,0.1257,0.8555,,
"Sep 25, 2025, 2:21:37 AM",Service Fee Charged USD Class IE000H9J0QX4,-0.0169,-0.0145,0.8575,,
"Sep 25, 2025, 2:21:37 AM",Interest PAID USD Class R IE000H9J0QX4,0.1469,0.1260,0.8575,,
"Sep 24, 2025, 12:21:03 PM",SELL USD Class R IE000H9J0QX4,-45,-38.32,0.8516,1.00,45
"Sep 24, 2025, 2:18:01 AM",Service Fee Charged USD Class IE000H9J0QX4,-0.0175,-0.0149,0.8516,,
"Sep 24, 2025, 2:18:01 AM",Interest PAID USD Class R IE000H9J0QX4,0.1475,0.1256,0.8516,,
"Sep 23, 2025, 2:19:50 AM",Service Fee Charged USD Class IE000H9J0QX4,-0.0175,-0.0148,0.8463,,
"Sep 23, 2025, 2:19:50 AM",Interest PAID USD Class R IE000H9J0QX4,0.1575,0.1333,0.8463,,
"Sep 22, 2025, 2:18:22 AM",Service Fee Charged USD Class IE000H9J0QX4,-0.0175,-0.0148,0.8474,,
"Sep 22, 2025, 2:18:22 AM",Interest PAID USD Class R IE000H9J0QX4,0.1475,0.1250,0.8474,,
"Sep 21, 2025, 2:17:18 AM",Service Fee Charged USD Class IE000H9J0QX4,-0.0175,-0.0149,0.8521,,
"Sep 21, 2025, 2:17:18 AM",Interest PAID USD Class R IE000H9J0QX4,0.1575,0.1342,0.8521,,
"Sep 20, 2025, 2:18:12 AM",Service Fee Charged USD Class IE000H9J0QX4,-0.0175,-0.0149,0.8521,,
"Sep 20, 2025, 2:18:12 AM",Interest PAID USD Class R IE000H9J0QX4,0.1575,0.1342,0.8521,,
"Sep 19, 2025, 2:18:49 AM",Service Fee Charged USD Class IE000H9J0QX4,-0.0175,-0.0149,0.8521,,
"Sep 19, 2025, 2:18:49 AM",Interest PAID USD Class R IE000H9J0QX4,0.1475,0.1257,0.8521,,
"Sep 18, 2025, 2:20:35 AM",Service Fee Charged USD Class IE000H9J0QX4,-0.0175,-0.0149,0.8482,,
"Sep 18, 2025, 2:20:35 AM",Interest PAID USD Class R IE000H9J0QX4,0.1575,0.1336,0.8482,,
"Sep 17, 2025, 2:19:39 AM",Service Fee Charged USD Class IE000H9J0QX4,-0.0175,-0.0148,0.8456,,
"Sep 17, 2025, 2:19:39 AM",Interest PAID USD Class R IE000H9J0QX4,0.1575,0.1332,0.8456,,
"Sep 16, 2025, 2:18:12 AM",Service Fee Charged USD Class IE000H9J0QX4,-0.0175,-0.0148,0.8424,,
"Sep 16, 2025, 2:18:12 AM",Interest PAID USD Class R IE000H9J0QX4,0.1575,0.1327,0.8424,,
"Sep 15, 2025, 2:19:12 AM",Service Fee Charged USD Class IE000H9J0QX4,-0.0175,-0.0149,0.8501,,
"Sep 15, 2025, 2:19:12 AM",Interest PAID USD Class R IE000H9J0QX4,0.1575,0.1339,0.8501,,
"Sep 14, 2025, 2:18:39 AM",Service Fee Charged USD Class IE000H9J0QX4,-0.0175,-0.0149,0.8528,,
"Sep 14, 2025, 2:18:39 AM",Interest PAID USD Class R IE000H9J0QX4,0.1575,0.1343,0.8528,,
"Sep 13, 2025, 2:18:51 AM",Service Fee Charged USD Class IE000H9J0QX4,-0.0175,-0.0149,0.8530,,
"Sep 13, 2025, 2:18:51 AM",Interest PAID USD Class R IE000H9J0QX4,0.1575,0.1343,0.8530,,
"Sep 12, 2025, 2:19:00 AM",Service Fee Charged USD Class IE000H9J0QX4,-0.0175,-0.0149,0.8530,,
"Sep 12, 2025, 2:19:00 AM",Interest PAID USD Class R IE000H9J0QX4,0.1575,0.1343,0.8530,,
"Sep 11, 2025, 2:18:24 AM",Service Fee Charged USD Class IE000H9J0QX4,-0.0175,-0.0149,0.8523,,
"Sep 11, 2025, 2:18:24 AM",Interest PAID USD Class R IE000H9J0QX4,0.1575,0.1342,0.8523,,
"Sep 10, 2025, 2:18:17 AM",Service Fee Charged USD Class IE000H9J0QX4,-0.0175,-0.0150,0.8545,,
"Sep 10, 2025, 2:18:17 AM",Interest PAID USD Class R IE000H9J0QX4,0.1575,0.1346,0.8545,,
"Sep 9, 2025, 2:18:47 AM",Service Fee Charged USD Class IE000H9J0QX4,-0.0175,-0.0150,0.8545,,
"Sep 9, 2025, 2:18:47 AM",Interest PAID USD Class R IE000H9J0QX4,0.1575,0.1346,0.8545,,
"Sep 8, 2025, 2:17:50 AM",Service Fee Charged USD Class IE000H9J0QX4,-0.0175,-0.0149,0.8497,,
"Sep 8, 2025, 2:17:50 AM",Interest PAID USD Class R IE000H9J0QX4,0.1575,0.1338,0.8497,,
"Sep 7, 2025, 2:18:36 AM",Service Fee Charged USD Class IE000H9J0QX4,-0.0175,-0.0150,0.8538,,
"Sep 7, 2025, 2:18:36 AM",Interest PAID USD Class R IE000H9J0QX4,0.1575,0.1345,0.8538,,
"Sep 6, 2025, 2:18:04 AM",Service Fee Charged USD Class IE000H9J0QX4,-0.0175,-0.0150,0.8554,,
"Sep 6, 2025, 2:18:04 AM",Interest PAID USD Class R IE000H9J0QX4,0.1575,0.1347,0.8554,,
"Sep 5, 2025, 2:19:03 AM",Service Fee Charged USD Class IE000H9J0QX4,-0.0175,-0.0150,0.8539,,
"Sep 5, 2025, 2:19:03 AM",Interest PAID USD Class R IE000H9J0QX4,0.1575,0.1345,0.8539,,
"Sep 4, 2025, 2:19:11 AM",Service Fee Charged USD Class IE000H9J0QX4,-0.0175,-0.0150,0.8579,,
"Sep 4, 2025, 2:19:11 AM",Interest PAID USD Class R IE000H9J0QX4,0.1575,0.1351,0.8579,,
"Sep 3, 2025, 12:40:12 PM",BUY USD Class R IE000H9J0QX4,4.31,3.70,0.8575,1.00,4.31
"Sep 3, 2025, 2:18:25 AM",Service Fee Charged USD Class IE000H9J0QX4,-0.0175,-0.0150,0.8575,,
"Sep 3, 2025, 2:18:25 AM",Interest PAID USD Class R IE000H9J0QX4,0.1575,0.1351,0.8575,,
"Sep 2, 2025, 12:23:52 PM",Interest Reinvested Class R USD IE000H9J0QX4,-4.31,-3.71,0.8596,,
"Sep 2, 2025, 2:17:21 AM",Service Fee Charged USD Class IE000H9J0QX4,-0.0175,-0.0150,0.8596,,
"Sep 2, 2025, 2:17:21 AM",Interest PAID USD Class R IE000H9J0QX4,0.1575,0.1354,0.8596,,
"Sep 1, 2025, 2:19:10 AM",Service Fee Charged USD Class IE000H9J0QX4,-0.0175,-0.0149,0.8536,,
"Sep 1, 2025, 2:19:10 AM",Interest PAID USD Class R IE000H9J0QX4,0.1575,0.1344,0.8536,,
"Aug 31, 2025, 2:18:25 AM",Service Fee Charged USD Class IE000H9J0QX4,-0.0175,-0.0149,0.8554,,
"Aug 31, 2025, 2:18:25 AM",Interest PAID USD Class R IE000H9J0QX4,0.1475,0.1262,0.8554,,
"Aug 30, 2025, 2:17:20 AM",Service Fee Charged USD Class IE000H9J0QX4,-0.0175,-0.0149,0.8557,,
"Aug 30, 2025, 2:17:20 AM",Interest PAID USD Class R IE000H9J0QX4,0.1575,0.1348,0.8557,,
"Aug 29, 2025, 2:17:28 AM",Service Fee Charged USD Class IE000H9J0QX4,-0.0175,-0.0149,0.8557,,
"Aug 29, 2025, 2:17:28 AM",Interest PAID USD Class R IE000H9J0QX4,0.1575,0.1348,0.8557,,
"Aug 28, 2025, 2:18:54 AM",Service Fee Charged USD Class IE000H9J0QX4,-0.0175,-0.0149,0.8563,,
"Aug 28, 2025, 2:18:54 AM",Interest PAID USD Class R IE000H9J0QX4,0.1575,0.1349,0.8563,,
"Aug 27, 2025, 11:28:14 AM",Service Fee Charged USD Class IE000H9J0QX4,-0.0175,-0.0150,0.8585,,
"Aug 27, 2025, 11:28:14 AM",Interest PAID USD Class R IE000H9J0QX4,0.1575,0.1352,0.8585,,
"Aug 26, 2025, 2:19:33 AM",Service Fee Charged USD Class IE000H9J0QX4,-0.0175,-0.0150,0.8593,,
"Aug 26, 2025, 2:19:33 AM",Interest PAID USD Class R IE000H9J0QX4,0.1575,0.1353,0.8593,,
"Aug 25, 2025, 2:17:05 AM",Service Fee Charged USD Class IE000H9J0QX4,-0.0175,-0.0150,0.8610,,
"Aug 25, 2025, 2:17:05 AM",Interest PAID USD Class R IE000H9J0QX4,0.1575,0.1356,0.8610,,
"Aug 24, 2025, 2:19:58 AM",Service Fee Charged USD Class IE000H9J0QX4,-0.0175,-0.0149,0.8541,,
"Aug 24, 2025, 2:19:58 AM",Interest PAID USD Class R IE000H9J0QX4,0.1575,0.1345,0.8541,,
"Aug 23, 2025, 2:18:15 AM",Service Fee Charged USD Class IE000H9J0QX4,-0.0175,-0.0149,0.8536,,
"Aug 23, 2025, 2:18:15 AM",Interest PAID USD Class R IE000H9J0QX4,0.1575,0.1344,0.8536,,
"Aug 22, 2025, 2:19:22 AM",Service Fee Charged USD Class IE000H9J0QX4,-0.0175,-0.0149,0.8536,,
"Aug 22, 2025, 2:19:22 AM",Interest PAID USD Class R IE000H9J0QX4,0.1475,0.1259,0.8536,,
"Aug 21, 2025, 4:24:18 PM",Service Fee Charged USD Class IE000H9J0QX4,-0.0175,-0.0150,0.8611,,
"Aug 21, 2025, 4:24:18 PM",Interest PAID USD Class R IE000H9J0QX4,0.1575,0.1356,0.8611,,
"Aug 20, 2025, 2:19:03 AM",Service Fee Charged USD Class IE000H9J0QX4,-0.0175,-0.0150,0.8583,,
"Aug 20, 2025, 2:19:03 AM",Interest PAID USD Class R IE000H9J0QX4,0.1575,0.1352,0.8583,,
"Aug 19, 2025, 2:20:42 AM",Service Fee Charged USD Class IE000H9J0QX4,-0.0175,-0.0150,0.8590,,
"Aug 19, 2025, 2:20:42 AM",Interest PAID USD Class R IE000H9J0QX4,0.1575,0.1353,0.8590,,
"Aug 18, 2025, 2:20:48 AM",Service Fee Charged USD Class IE000H9J0QX4,-0.0175,-0.0150,0.8570,,
"Aug 18, 2025, 2:20:48 AM",Interest PAID USD Class R IE000H9J0QX4,0.1575,0.1350,0.8570,,
"Aug 17, 2025, 2:20:22 AM",Service Fee Charged USD Class IE000H9J0QX4,-0.0175,-0.0149,0.8542,,
"Aug 17, 2025, 2:20:22 AM",Interest PAID USD Class R IE000H9J0QX4,0.1575,0.1345,0.8542,,
"Aug 16, 2025, 2:17:46 AM",Service Fee Charged USD Class IE000H9J0QX4,-0.0175,-0.0149,0.8558,,
"Aug 16, 2025, 2:17:46 AM",Interest PAID USD Class R IE000H9J0QX4,0.1575,0.1348,0.8558,,
"Aug 15, 2025, 2:18:42 AM",Service Fee Charged USD Class IE000H9J0QX4,-0.0175,-0.0149,0.8550,,
"Aug 15, 2025, 2:18:42 AM",Interest PAID USD Class R IE000H9J0QX4,0.1575,0.1347,0.8550,,
"Aug 14, 2025, 2:19:11 AM",Service Fee Charged USD Class IE000H9J0QX4,-0.0175,-0.0150,0.8583,,
"Aug 14, 2025, 2:19:11 AM",Interest PAID USD Class R IE000H9J0QX4,0.1575,0.1352,0.8583,,
"Aug 13, 2025, 2:18:05 AM",Service Fee Charged USD Class IE000H9J0QX4,-0.0175,-0.0149,0.8538,,
"Aug 13, 2025, 2:18:05 AM",Interest PAID USD Class R IE000H9J0QX4,0.1575,0.1345,0.8538,,
"Aug 12, 2025, 2:17:56 AM",Service Fee Charged USD Class IE000H9J0QX4,-0.0175,-0.0149,0.8563,,
"Aug 12, 2025, 2:17:56 AM",Interest PAID USD Class R IE000H9J0QX4,0.1475,0.1263,0.8563,,
"Aug 11, 2025, 2:17:43 AM",Service Fee Charged USD Class IE000H9J0QX4,-0.0175,-0.0150,0.8608,,
"Aug 11, 2025, 2:17:43 AM",Interest PAID USD Class R IE000H9J0QX4,0.1575,0.1356,0.8608,,
"Aug 10, 2025, 2:19:45 AM",Service Fee Charged USD Class IE000H9J0QX4,-0.0175,-0.0150,0.8585,,
"Aug 10, 2025, 2:19:45 AM",Interest PAID USD Class R IE000H9J0QX4,0.1575,0.1352,0.8585,,
"Aug 9, 2025, 2:19:54 AM",Service Fee Charged USD Class IE000H9J0QX4,-0.0175,-0.0150,0.8595,,
"Aug 9, 2025, 2:19:54 AM",Interest PAID USD Class R IE000H9J0QX4,0.1575,0.1354,0.8595,,
"Aug 8, 2025, 2:18:22 AM",Service Fee Charged USD Class IE000H9J0QX4,-0.0175,-0.0150,0.8595,,
"Aug 8, 2025, 2:18:22 AM",Interest PAID USD Class R IE000H9J0QX4,0.1575,0.1354,0.8595,,
"Aug 7, 2025, 2:17:56 AM",Service Fee Charged USD Class IE000H9J0QX4,-0.0175,-0.0150,0.8564,,
"Aug 7, 2025, 2:17:56 AM",Interest PAID USD Class R IE000H9J0QX4,0.1575,0.1349,0.8564,,
"Aug 6, 2025, 2:18:21 AM",Service Fee Charged USD Class IE000H9J0QX4,-0.0175,-0.0150,0.8574,,
"Aug 6, 2025, 2:18:21 AM",Interest PAID USD Class R IE000H9J0QX4,0.1575,0.1350,0.8574,,
"Aug 5, 2025, 2:18:00 AM",Service Fee Charged USD Class IE000H9J0QX4,-0.0175,-0.0151,0.8637,,
"Aug 5, 2025, 2:18:00 AM",Interest PAID USD Class R IE000H9J0QX4,0.1575,0.1360,0.8637,,
"Aug 4, 2025, 12:39:05 PM",BUY USD Class R IE000H9J0QX4,4.34,3.75,0.8633,1.00,4.34
"Aug 4, 2025, 2:17:08 AM",Service Fee Charged USD Class IE000H9J0QX4,-0.0174,-0.0150,0.8633,,
"Aug 4, 2025, 2:17:08 AM",Interest PAID USD Class R IE000H9J0QX4,0.1574,0.1359,0.8633,,
"Aug 3, 2025, 2:17:14 AM",Service Fee Charged USD Class IE000H9J0QX4,-0.0174,-0.0150,0.8630,,
"Aug 3, 2025, 2:17:14 AM",Interest PAID USD Class R IE000H9J0QX4,0.1574,0.1358,0.8630,,
"Aug 2, 2025, 2:17:56 AM",Service Fee Charged USD Class IE000H9J0QX4,-0.0174,-0.0151,0.8676,,
"Aug 2, 2025, 2:17:56 AM",Interest PAID USD Class R IE000H9J0QX4,0.1574,0.1366,0.8676,,
"Aug 1, 2025, 2:23:19 PM",Interest Reinvested Class R USD IE000H9J0QX4,-4.34,-3.75,0.8636,,
"Aug 1, 2025, 2:18:21 AM",Service Fee Charged USD Class IE000H9J0QX4,-0.0174,-0.0150,0.8636,,
"Aug 1, 2025, 2:18:21 AM",Interest PAID USD Class R IE000H9J0QX4,0.1474,0.1273,0.8636,,
"Jul 31, 2025, 2:18:34 AM",Service Fee Charged USD Class IE000H9J0QX4,-0.0174,-0.0152,0.8755,,
"Jul 31, 2025, 2:18:34 AM",Interest PAID USD Class R IE000H9J0QX4,0.1574,0.1378,0.8755,,
"Jul 30, 2025, 2:17:26 AM",Service Fee Charged USD Class IE000H9J0QX4,-0.0174,-0.0152,0.8750,,
"Jul 30, 2025, 2:17:26 AM",Interest PAID USD Class R IE000H9J0QX4,0.1574,0.1377,0.8750,,
"Jul 29, 2025, 2:17:50 AM",Service Fee Charged USD Class IE000H9J0QX4,-0.0174,-0.0151,0.8657,,
"Jul 29, 2025, 2:17:50 AM",Interest PAID USD Class R IE000H9J0QX4,0.1574,0.1363,0.8657,,
"Jul 28, 2025, 2:17:06 AM",Service Fee Charged USD Class IE000H9J0QX4,-0.0174,-0.0150,0.8623,,
"Jul 28, 2025, 2:17:06 AM",Interest PAID USD Class R IE000H9J0QX4,0.1574,0.1357,0.8623,,
"Jul 27, 2025, 2:17:54 AM",Service Fee Charged USD Class IE000H9J0QX4,-0.0174,-0.0148,0.8507,,
"Jul 27, 2025, 2:17:54 AM",Interest PAID USD Class R IE000H9J0QX4,0.1574,0.1339,0.8507,,
"Jul 26, 2025, 2:18:42 AM",Service Fee Charged USD Class IE000H9J0QX4,-0.0174,-0.0148,0.8524,,
"Jul 26, 2025, 2:18:42 AM",Interest PAID USD Class R IE000H9J0QX4,0.1574,0.1342,0.8524,,
"Jul 25, 2025, 2:19:55 AM",Service Fee Charged USD Class IE000H9J0QX4,-0.0174,-0.0148,0.8524,,
"Jul 25, 2025, 2:19:55 AM",Interest PAID USD Class R IE000H9J0QX4,0.1474,0.1256,0.8524,,
"Jul 24, 2025, 2:17:37 AM",Service Fee Charged USD Class IE000H9J0QX4,-0.0174,-0.0148,0.8507,,
"Jul 24, 2025, 2:17:37 AM",Interest PAID USD Class R IE000H9J0QX4,0.1574,0.1339,0.8507,,
"Jul 23, 2025, 2:19:25 AM",Service Fee Charged USD Class IE000H9J0QX4,-0.0174,-0.0148,0.8494,,
"Jul 23, 2025, 2:19:25 AM",Interest PAID USD Class R IE000H9J0QX4,0.1574,0.1337,0.8494,,
"Jul 22, 2025, 2:21:05 AM",Service Fee Charged USD Class IE000H9J0QX4,-0.0174,-0.0148,0.8519,,
"Jul 22, 2025, 2:21:05 AM",Interest PAID USD Class R IE000H9J0QX4,0.1574,0.1341,0.8519,,
"Jul 21, 2025, 2:22:26 AM",Service Fee Charged USD Class IE000H9J0QX4,-0.0174,-0.0149,0.8551,,
"Jul 21, 2025, 2:22:26 AM",Interest PAID USD Class R IE000H9J0QX4,0.1574,0.1346,0.8551,,
"Jul 20, 2025, 2:23:31 AM",Service Fee Charged USD Class IE000H9J0QX4,-0.0174,-0.0150,0.8599,,
"Jul 20, 2025, 2:23:31 AM",Interest PAID USD Class R IE000H9J0QX4,0.1474,0.1267,0.8599,,
"Jul 19, 2025, 2:20:06 AM",Service Fee Charged USD Class IE000H9J0QX4,-0.0174,-0.0150,0.8605,,
"Jul 19, 2025, 2:20:06 AM",Interest PAID USD Class R IE000H9J0QX4,0.1574,0.1354,0.8605,,
"Jul 18, 2025, 2:21:25 AM",Service Fee Charged USD Class IE000H9J0QX4,-0.0174,-0.0150,0.8605,,
"Jul 18, 2025, 2:21:25 AM",Interest PAID USD Class R IE000H9J0QX4,0.1574,0.1354,0.8605,,
"Jul 17, 2025, 2:20:52 AM",Service Fee Charged USD Class IE000H9J0QX4,-0.0174,-0.0150,0.8610,,
"Jul 17, 2025, 2:20:52 AM",Interest PAID USD Class R IE000H9J0QX4,0.1574,0.1355,0.8610,,
"Jul 16, 2025, 2:16:23 AM",Service Fee Charged USD Class IE000H9J0QX4,-0.0174,-0.0150,0.8594,,
"Jul 16, 2025, 2:16:23 AM",Interest PAID USD Class R IE000H9J0QX4,0.1574,0.1353,0.8594,,
"Jul 15, 2025, 2:16:45 AM",Service Fee Charged USD Class IE000H9J0QX4,-0.0174,-0.0150,0.8615,,
"Jul 15, 2025, 2:16:45 AM",Interest PAID USD Class R IE000H9J0QX4,0.1574,0.1356,0.8615,,
"Jul 14, 2025, 2:16:05 AM",Service Fee Charged USD Class IE000H9J0QX4,-0.0174,-0.0149,0.8572,,
"Jul 14, 2025, 2:16:05 AM",Interest PAID USD Class R IE000H9J0QX4,0.1474,0.1264,0.8572,,
"Jul 13, 2025, 2:16:23 AM",Service Fee Charged USD Class IE000H9J0QX4,-0.0174,-0.0149,0.8560,,
"Jul 13, 2025, 2:16:23 AM",Interest PAID USD Class R IE000H9J0QX4,0.1574,0.1347,0.8560,,
"Jul 12, 2025, 2:16:50 AM",Service Fee Charged USD Class IE000H9J0QX4,-0.0174,-0.0149,0.8566,,
"Jul 12, 2025, 2:16:50 AM",Interest PAID USD Class R IE000H9J0QX4,0.1574,0.1348,0.8566,,
"Jul 11, 2025, 2:15:50 AM",Service Fee Charged USD Class IE000H9J0QX4,-0.0174,-0.0149,0.8566,,
"Jul 11, 2025, 2:15:50 AM",Interest PAID USD Class R IE000H9J0QX4,0.1574,0.1348,0.8566,,
"Jul 10, 2025, 12:23:17 PM",SELL USD Class R IE000H9J0QX4,-45,-38.46,0.8546,1.00,45
"Jul 10, 2025, 2:15:53 AM",Service Fee Charged USD Class IE000H9J0QX4,-0.0180,-0.0154,0.8546,,
"Jul 10, 2025, 2:15:53 AM",Interest PAID USD Class R IE000H9J0QX4,0.1580,0.1350,0.8546,,
"Jul 9, 2025, 2:17:19 AM",Service Fee Charged USD Class IE000H9J0QX4,-0.0180,-0.0153,0.8519,,
"Jul 9, 2025, 2:17:19 AM",Interest PAID USD Class R IE000H9J0QX4,0.1680,0.1431,0.8519,,
"Jul 8, 2025, 2:19:00 AM",Service Fee Charged USD Class IE000H9J0QX4,-0.0180,-0.0154,0.8530,,
"Jul 8, 2025, 2:19:00 AM",Interest PAID USD Class R IE000H9J0QX4,0.1580,0.1348,0.8530,,
"Jul 7, 2025, 2:19:30 AM",Service Fee Charged USD Class IE000H9J0QX4,-0.0180,-0.0153,0.8520,,
"Jul 7, 2025, 2:19:30 AM",Interest PAID USD Class R IE000H9J0QX4,0.1580,0.1346,0.8520,,
"Jul 6, 2025, 2:19:29 AM",Service Fee Charged USD Class IE000H9J0QX4,-0.0180,-0.0153,0.8489,,
"Jul 6, 2025, 2:19:29 AM",Interest PAID USD Class R IE000H9J0QX4,0.1680,0.1426,0.8489,,
"Jul 5, 2025, 2:19:47 AM",Service Fee Charged USD Class IE000H9J0QX4,-0.0180,-0.0153,0.8493,,
"Jul 5, 2025, 2:19:47 AM",Interest PAID USD Class R IE000H9J0QX4,0.1580,0.1342,0.8493,,
"Jul 4, 2025, 2:21:29 AM",Service Fee Charged USD Class IE000H9J0QX4,-0.0180,-0.0153,0.8493,,
"Jul 4, 2025, 2:21:29 AM",Interest PAID USD Class R IE000H9J0QX4,0.1680,0.1427,0.8493,,
"Jul 3, 2025, 12:43:10 PM",BUY USD Class R IE000H9J0QX4,4.40,3.74,0.8497,1.00,4.40
"Jul 3, 2025, 2:20:43 AM",Service Fee Charged USD Class IE000H9J0QX4,-0.0180,-0.0153,0.8497,,
"Jul 3, 2025, 2:20:43 AM",Interest PAID USD Class R IE000H9J0QX4,0.1580,0.1342,0.8497,,
"Jul 2, 2025, 10:35:37 PM",Interest Reinvested Class R USD IE000H9J0QX4,-4.40,-3.73,0.8476,,
"Jul 2, 2025, 3:24:10 PM",SELL USD Class R IE000H9J0QX4,-16,-13.56,0.8476,1.00,16
"Jul 2, 2025, 2:18:57 AM",Service Fee Charged USD Class IE000H9J0QX4,-0.0182,-0.0154,0.8476,,
"Jul 2, 2025, 2:18:57 AM",Interest PAID USD Class R IE000H9J0QX4,0.1682,0.1426,0.8476,,
"Jul 1, 2025, 2:18:23 AM",Service Fee Charged USD Class IE000H9J0QX4,-0.0182,-0.0154,0.8471,,
"Jul 1, 2025, 2:18:23 AM",Interest PAID USD Class R IE000H9J0QX4,0.1582,0.1340,0.8471,,
"Jun 30, 2025, 2:18:20 AM",Service Fee Charged USD Class IE000H9J0QX4,-0.0182,-0.0154,0.8484,,
"Jun 30, 2025, 2:18:20 AM",Interest PAID USD Class R IE000H9J0QX4,0.1682,0.1427,0.8484,,
"Jun 29, 2025, 2:19:32 AM",Service Fee Charged USD Class IE000H9J0QX4,-0.0182,-0.0155,0.8528,,
"Jun 29, 2025, 2:19:32 AM",Interest PAID USD Class R IE000H9J0QX4,0.1582,0.1349,0.8528,,
"Jun 28, 2025, 2:18:17 AM",Service Fee Charged USD Class IE000H9J0QX4,-0.0182,-0.0155,0.8541,,
"Jun 28, 2025, 2:18:17 AM",Interest PAID USD Class R IE000H9J0QX4,0.1682,0.1437,0.8541,,
"Jun 27, 2025, 2:21:27 AM",Service Fee Charged USD Class IE000H9J0QX4,-0.0182,-0.0155,0.8541,,
"Jun 27, 2025, 2:21:27 AM",Interest PAID USD Class R IE000H9J0QX4,0.1582,0.1351,0.8541,,
"Jun 26, 2025, 2:20:35 AM",Service Fee Charged USD Class IE000H9J0QX4,-0.0182,-0.0155,0.8552,,
"Jun 26, 2025, 2:20:35 AM",Interest PAID USD Class R IE000H9J0QX4,0.1682,0.1438,0.8552,,
"Jun 25, 2025, 2:20:48 AM",Service Fee Charged USD Class IE000H9J0QX4,-0.0182,-0.0156,0.8559,,
"Jun 25, 2025, 2:20:48 AM",Interest PAID USD Class R IE000H9J0QX4,0.1582,0.1354,0.8559,,
"Jun 24, 2025, 12:21:28 PM",SELL USD Class R IE000H9J0QX4,-10,-8.61,0.8611,1.00,10
"Jun 24, 2025, 2:18:18 AM",Service Fee Charged USD Class IE000H9J0QX4,-0.0183,-0.0158,0.8611,,
"Jun 24, 2025, 2:18:18 AM",Interest PAID USD Class R IE000H9J0QX4,0.1683,0.1449,0.8611,,
"Jun 23, 2025, 2:20:00 AM",Service Fee Charged USD Class IE000H9J0QX4,-0.0183,-0.0158,0.8622,,
"Jun 23, 2025, 2:20:00 AM",Interest PAID USD Class R IE000H9J0QX4,0.1583,0.1365,0.8622,,
"Jun 22, 2025, 2:20:23 AM",Service Fee Charged USD Class IE000H9J0QX4,-0.0183,-0.0159,0.8696,,
"Jun 22, 2025, 2:20:23 AM",Interest PAID USD Class R IE000H9J0QX4,0.1683,0.1464,0.8696,,
"Jun 21, 2025, 2:20:45 AM",Service Fee Charged USD Class IE000H9J0QX4,-0.0183,-0.0159,0.8687,,
"Jun 21, 2025, 2:20:45 AM",Interest PAID USD Class R IE000H9J0QX4,0.1583,0.1375,0.8687,,
"Jun 20, 2025, 2:18:41 AM",Service Fee Charged USD Class IE000H9J0QX4,-0.0183,-0.0159,0.8687,,
"Jun 20, 2025, 2:18:41 AM",Interest PAID USD Class R IE000H9J0QX4,0.1683,0.1462,0.8687,,
"Jun 19, 2025, 2:21:49 AM",Service Fee Charged USD Class IE000H9J0QX4,-0.0183,-0.0159,0.8687,,
"Jun 19, 2025, 2:21:49 AM",Interest PAID USD Class R IE000H9J0QX4,0.1683,0.1462,0.8687,,
"Jun 18, 2025, 2:19:31 AM",Service Fee Charged USD Class IE000H9J0QX4,-0.0183,-0.0160,0.8714,,
"Jun 18, 2025, 2:19:31 AM",Interest PAID USD Class R IE000H9J0QX4,0.1583,0.1379,0.8714,,
"Jun 17, 2025, 2:18:35 AM",Service Fee Charged USD Class IE000H9J0QX4,-0.0183,-0.0159,0.8709,,
"Jun 17, 2025, 2:18:35 AM",Interest PAID USD Class R IE000H9J0QX4,0.1683,0.1466,0.8709,,
"Jun 16, 2025, 12:23:23 PM",SELL USD Class R IE000H9J0QX4,-40,-34.62,0.8655,1.00,40
"Jun 16, 2025, 2:19:14 AM",Service Fee Charged USD Class IE000H9J0QX4,-0.0189,-0.0163,0.8655,,
"Jun 16, 2025, 2:19:14 AM",Interest PAID USD Class R IE000H9J0QX4,0.1689,0.1462,0.8655,,
"Jun 15, 2025, 2:21:24 AM",Service Fee Charged USD Class IE000H9J0QX4,-0.0189,-0.0163,0.8667,,
"Jun 15, 2025, 2:21:24 AM",Interest PAID USD Class R IE000H9J0QX4,0.1689,0.1464,0.8667,,
"Jun 14, 2025, 2:18:45 AM",Service Fee Charged USD Class IE000H9J0QX4,-0.0189,-0.0164,0.8673,,
"Jun 14, 2025, 2:18:45 AM",Interest PAID USD Class R IE000H9J0QX4,0.1689,0.1465,0.8673,,
"Jun 13, 2025, 2:19:37 AM",Service Fee Charged USD Class IE000H9J0QX4,-0.0189,-0.0163,0.8669,,
"Jun 13, 2025, 2:19:37 AM",Interest PAID USD Class R IE000H9J0QX4,0.1689,0.1464,0.8669,,
"Jun 12, 2025, 2:19:02 AM",Service Fee Charged USD Class IE000H9J0QX4,-0.0189,-0.0162,0.8614,,
"Jun 12, 2025, 2:19:02 AM",Interest PAID USD Class R IE000H9J0QX4,0.1689,0.1455,0.8614,,
"Jun 11, 2025, 2:19:08 AM",Service Fee Charged USD Class IE000H9J0QX4,-0.0189,-0.0164,0.8688,,
"Jun 11, 2025, 2:19:08 AM",Interest PAID USD Class R IE000H9J0QX4,0.1689,0.1467,0.8688,,
"Jun 10, 2025, 12:26:36 PM",BUY USD Class R IE000H9J0QX4,50.34,44.01,0.8743,1.00,50.34
"Jun 10, 2025, 2:25:50 AM",Service Fee Charged USD Class IE000H9J0QX4,-0.0182,-0.0159,0.8743,,
"Jun 10, 2025, 2:25:50 AM",Interest PAID USD Class R IE000H9J0QX4,0.1682,0.1471,0.8743,,
"Jun 9, 2025, 2:19:35 AM",Service Fee Charged USD Class IE000H9J0QX4,-0.0182,-0.0159,0.8752,,
"Jun 9, 2025, 2:19:35 AM",Interest PAID USD Class R IE000H9J0QX4,0.1582,0.1385,0.8752,,
"Jun 8, 2025, 2:31:15 AM",Service Fee Charged USD Class IE000H9J0QX4,-0.0182,-0.0159,0.8767,,
"Jun 8, 2025, 2:31:15 AM",Interest PAID USD Class R IE000H9J0QX4,0.1682,0.1475,0.8767,,
"Jun 7, 2025, 2:34:41 AM",Service Fee Charged USD Class IE000H9J0QX4,-0.0182,-0.0160,0.8781,,
"Jun 7, 2025, 2:34:41 AM",Interest PAID USD Class R IE000H9J0QX4,0.1582,0.1389,0.8781,,
"Jun 6, 2025, 2:25:49 AM",Service Fee Charged USD Class IE000H9J0QX4,-0.0182,-0.0160,0.8781,,
"Jun 6, 2025, 2:25:49 AM",Interest PAID USD Class R IE000H9J0QX4,0.1582,0.1389,0.8781,,
"Jun 5, 2025, 12:23:08 PM",SELL USD Class R IE000H9J0QX4,-45,-39.29,0.8731,1.00,45
"Jun 5, 2025, 2:25:05 AM",Service Fee Charged USD Class IE000H9J0QX4,-0.0188,-0.0164,0.8731,,
"Jun 5, 2025, 2:25:05 AM",Interest PAID USD Class R IE000H9J0QX4,0.1688,0.1474,0.8731,,
"Jun 4, 2025, 2:24:36 AM",Service Fee Charged USD Class IE000H9J0QX4,-0.0188,-0.0164,0.8756,,
"Jun 4, 2025, 2:24:36 AM",Interest PAID USD Class R IE000H9J0QX4,0.1688,0.1478,0.8756,,
"Jun 3, 2025, 4:10:09 PM",BUY USD Class R IE000H9J0QX4,5.45,4.79,0.8784,1.00,5.45
"Jun 3, 2025, 2:24:09 AM",Service Fee Charged USD Class IE000H9J0QX4,-0.0187,-0.0164,0.8784,,
"Jun 3, 2025, 2:24:09 AM",Interest PAID USD Class R IE000H9J0QX4,0.1687,0.1482,0.8784,,
"Jun 2, 2025, 4:58:13 PM",Interest Reinvested Class R USD IE000H9J0QX4,-5.45,-4.76,0.8731,,
"Jun 2, 2025, 2:24:38 AM",Service Fee Charged USD Class IE000H9J0QX4,-0.0187,-0.0163,0.8731,,
"Jun 2, 2025, 2:24:38 AM",Interest PAID USD Class R IE000H9J0QX4,0.1687,0.1473,0.8731,,
"Jun 1, 2025, 2:22:28 AM",Service Fee Charged USD Class IE000H9J0QX4,-0.0187,-0.0165,0.8808,,
"Jun 1, 2025, 2:22:28 AM",Interest PAID USD Class R IE000H9J0QX4,0.1687,0.1486,0.8808,,
"May 31, 2025, 2:23:03 AM",Service Fee Charged USD Class IE000H9J0QX4,-0.0187,-0.0165,0.8818,,
"May 31, 2025, 2:23:03 AM",Interest PAID USD Class R IE000H9J0QX4,0.1687,0.1488,0.8818,,
"May 30, 2025, 2:24:50 AM",Service Fee Charged USD Class IE000H9J0QX4,-0.0187,-0.0165,0.8818,,
"May 30, 2025, 2:24:50 AM",Interest PAID USD Class R IE000H9J0QX4,0.1687,0.1488,0.8818,,
"May 29, 2025, 2:25:59 AM",Service Fee Charged USD Class IE000H9J0QX4,-0.0187,-0.0164,0.8790,,
"May 29, 2025, 2:25:59 AM",Interest PAID USD Class R IE000H9J0QX4,0.1687,0.1483,0.8790,,
"May 28, 2025, 12:30:07 PM",SELL USD Class R IE000H9J0QX4,-45,-40.07,0.8905,1.00,45
"May 28, 2025, 2:24:09 AM",Service Fee Charged USD Class IE000H9J0QX4,-0.0193,-0.0172,0.8905,,
"May 28, 2025, 2:24:09 AM",Interest PAID USD Class R IE000H9J0QX4,0.1693,0.1508,0.8905,,
"May 27, 2025, 2:20:29 AM",Service Fee Charged USD Class IE000H9J0QX4,-0.0193,-0.0170,0.8821,,
"May 27, 2025, 2:20:29 AM",Interest PAID USD Class R IE000H9J0QX4,0.1693,0.1493,0.8821,,
"May 26, 2025, 2:22:57 AM",Service Fee Charged USD Class IE000H9J0QX4,-0.0193,-0.0170,0.8781,,
"May 26, 2025, 2:22:57 AM",Interest PAID USD Class R IE000H9J0QX4,0.1793,0.1574,0.8781,,
"May 25, 2025, 2:24:37 AM",Service Fee Charged USD Class IE000H9J0QX4,-0.0193,-0.0170,0.8791,,
"May 25, 2025, 2:24:37 AM",Interest PAID USD Class R IE000H9J0QX4,0.1693,0.1488,0.8791,,
"May 24, 2025, 2:24:39 AM",Service Fee Charged USD Class IE000H9J0QX4,-0.0193,-0.0170,0.8804,,
"May 24, 2025, 2:24:39 AM",Interest PAID USD Class R IE000H9J0QX4,0.1693,0.1491,0.8804,,
"May 23, 2025, 2:25:15 AM",Service Fee Charged USD Class IE000H9J0QX4,-0.0193,-0.0170,0.8804,,
"May 23, 2025, 2:25:15 AM",Interest PAID USD Class R IE000H9J0QX4,0.1793,0.1579,0.8804,,
"May 22, 2025, 2:19:24 AM",Service Fee Charged USD Class IE000H9J0QX4,-0.0193,-0.0171,0.8864,,
"May 22, 2025, 2:19:24 AM",Interest PAID USD Class R IE000H9J0QX4,0.1693,0.1501,0.8864,,
"May 21, 2025, 2:20:39 AM",Service Fee Charged USD Class IE000H9J0QX4,-0.0193,-0.0171,0.8825,,
"May 21, 2025, 2:20:39 AM",Interest PAID USD Class R IE000H9J0QX4,0.1793,0.1582,0.8825,,
"May 20, 2025, 12:22:47 PM",SELL USD Class R IE000H9J0QX4,-45,-39.86,0.8859,1.00,45
"May 20, 2025, 2:18:04 AM",Service Fee Charged USD Class IE000H9J0QX4,-0.0199,-0.0177,0.8859,,
"May 20, 2025, 2:18:04 AM",Interest PAID USD Class R IE000H9J0QX4,0.1699,0.1505,0.8859,,
"May 19, 2025, 2:19:34 AM",Service Fee Charged USD Class IE000H9J0QX4,-0.0199,-0.0178,0.8903,,
"May 19, 2025, 2:19:34 AM",Interest PAID USD Class R IE000H9J0QX4,0.1799,0.1602,0.8903,,
"May 18, 2025, 2:20:59 AM",Service Fee Charged USD Class IE000H9J0QX4,-0.0199,-0.0178,0.8937,,
"May 18, 2025, 2:20:59 AM",Interest PAID USD Class R IE000H9J0QX4,0.1799,0.1608,0.8937,,
"May 17, 2025, 2:18:50 AM",Service Fee Charged USD Class IE000H9J0QX4,-0.0199,-0.0179,0.8973,,
"May 17, 2025, 2:18:50 AM",Interest PAID USD Class R IE000H9J0QX4,0.1799,0.1614,0.8973,,
"May 16, 2025, 2:19:39 AM",Service Fee Charged USD Class IE000H9J0QX4,-0.0199,-0.0179,0.8973,,
"May 16, 2025, 2:19:39 AM",Interest PAID USD Class R IE000H9J0QX4,0.1799,0.1614,0.8973,,
"May 15, 2025, 2:18:51 AM",Service Fee Charged USD Class IE000H9J0QX4,-0.0199,-0.0178,0.8935,,
"May 15, 2025, 2:18:51 AM",Interest PAID USD Class R IE000H9J0QX4,0.1799,0.1607,0.8935,,
"May 14, 2025, 2:18:45 AM",Service Fee Charged USD Class IE000H9J0QX4,-0.0199,-0.0178,0.8943,,
"May 14, 2025, 2:18:45 AM",Interest PAID USD Class R IE000H9J0QX4,0.1799,0.1609,0.8943,,
"May 13, 2025, 2:22:02 AM",Service Fee Charged USD Class IE000H9J0QX4,-0.0199,-0.0178,0.8939,,
"May 13, 2025, 2:22:02 AM",Interest PAID USD Class R IE000H9J0QX4,0.1699,0.1519,0.8939,,
"May 12, 2025, 12:34:41 PM",SELL USD Class R IE000H9J0QX4,-45,-40.56,0.9012,1.00,45
"May 12, 2025, 2:20:42 AM",Service Fee Charged USD Class IE000H9J0QX4,-0.0206,-0.0185,0.9012,,
"May 12, 2025, 2:20:42 AM",Interest PAID USD Class R IE000H9J0QX4,0.1906,0.1718,0.9012,,
"May 11, 2025, 2:21:07 AM",Service Fee Charged USD Class IE000H9J0QX4,-0.0206,-0.0183,0.8906,,
"May 11, 2025, 2:21:07 AM",Interest PAID USD Class R IE000H9J0QX4,0.1806,0.1608,0.8906,,
"May 10, 2025, 2:21:31 AM",Service Fee Charged USD Class IE000H9J0QX4,-0.0206,-0.0183,0.8894,,
"May 10, 2025, 2:21:31 AM",Interest PAID USD Class R IE000H9J0QX4,0.1906,0.1695,0.8894,,
"May 9, 2025, 12:24:55 PM",SELL USD Class R IE000H9J0QX4,-603,-536.30,0.8894,1.00,603
"May 9, 2025, 2:19:21 AM",Service Fee Charged USD Class IE000H9J0QX4,-0.0288,-0.0256,0.8894,,
"May 9, 2025, 2:19:21 AM",Interest PAID USD Class R IE000H9J0QX4,0.2588,0.2302,0.8894,,
"May 8, 2025, 2:21:05 AM",Service Fee Charged USD Class IE000H9J0QX4,-0.0288,-0.0257,0.8907,,
"May 8, 2025, 2:21:05 AM",Interest PAID USD Class R IE000H9J0QX4,0.2588,0.2305,0.8907,,
"May 7, 2025, 2:22:15 AM",Service Fee Charged USD Class IE000H9J0QX4,-0.0288,-0.0255,0.8847,,
"May 7, 2025, 2:22:15 AM",Interest PAID USD Class R IE000H9J0QX4,0.2588,0.2290,0.8847,,
"May 6, 2025, 2:56:03 PM",SELL USD Class R IE000H9J0QX4,-23,-20.28,0.8818,1.00,23
"May 6, 2025, 2:20:34 AM",Service Fee Charged USD Class IE000H9J0QX4,-0.0291,-0.0257,0.8818,,
"May 6, 2025, 2:20:34 AM",Interest PAID USD Class R IE000H9J0QX4,0.2591,0.2285,0.8818,,
"May 5, 2025, 2:20:28 AM",Service Fee Charged USD Class IE000H9J0QX4,-0.0291,-0.0258,0.8840,,
"May 5, 2025, 2:20:28 AM",Interest PAID USD Class R IE000H9J0QX4,0.2691,0.2379,0.8840,,
"May 4, 2025, 2:22:40 AM",Service Fee Charged USD Class IE000H9J0QX4,-0.0291,-0.0257,0.8833,,
"May 4, 2025, 2:22:40 AM",Interest PAID USD Class R IE000H9J0QX4,0.2591,0.2289,0.8833,,
"May 3, 2025, 2:21:41 AM",Service Fee Charged USD Class IE000H9J0QX4,-0.0291,-0.0258,0.8857,,
"May 3, 2025, 2:21:41 AM",Interest PAID USD Class R IE000H9J0QX4,0.2591,0.2295,0.8857,,
"May 2, 2025, 12:25:17 PM",BUY USD Class R IE000H9J0QX4,6.93,6.14,0.8857,1.00,6.93
"May 2, 2025, 2:20:03 AM",Service Fee Charged USD Class IE000H9J0QX4,-0.0290,-0.0257,0.8857,,
"May 2, 2025, 2:20:03 AM",Interest PAID USD Class R IE000H9J0QX4,0.2690,0.2383,0.8857,,
"May 1, 2025, 11:22:04 AM",Interest Reinvested Class R USD IE000H9J0QX4,-6.93,-6.13,0.8853,,
"May 1, 2025, 2:20:16 AM",Service Fee Charged USD Class IE000H9J0QX4,-0.0290,-0.0257,0.8853,,
"May 1, 2025, 2:20:16 AM",Interest PAID USD Class R IE000H9J0QX4,0.2590,0.2293,0.8853,,
"Apr 30, 2025, 2:20:28 AM",Service Fee Charged USD Class IE000H9J0QX4,-0.0290,-0.0256,0.8832,,
"Apr 30, 2025, 2:20:28 AM",Interest PAID USD Class R IE000H9J0QX4,0.2590,0.2288,0.8832,,
"Apr 29, 2025, 2:19:01 AM",Service Fee Charged USD Class IE000H9J0QX4,-0.0290,-0.0255,0.8779,,
"Apr 29, 2025, 2:19:01 AM",Interest PAID USD Class R IE000H9J0QX4,0.2590,0.2274,0.8779,,
"Apr 28, 2025, 2:19:02 AM",Service Fee Charged USD Class IE000H9J0QX4,-0.0290,-0.0255,0.8766,,
"Apr 28, 2025, 2:19:02 AM",Interest PAID USD Class R IE000H9J0QX4,0.2590,0.2270,0.8766,,
"Apr 27, 2025, 2:22:00 AM",Service Fee Charged USD Class IE000H9J0QX4,-0.0290,-0.0256,0.8814,,
"Apr 27, 2025, 2:22:00 AM",Interest PAID USD Class R IE000H9J0QX4,0.2690,0.2371,0.8814,,
"Apr 26, 2025, 2:21:27 AM",Service Fee Charged USD Class IE000H9J0QX4,-0.0290,-0.0256,0.8809,,
"Apr 26, 2025, 2:21:27 AM",Interest PAID USD Class R IE000H9J0QX4,0.2590,0.2282,0.8809,,
"Apr 25, 2025, 2:19:43 AM",Service Fee Charged USD Class IE000H9J0QX4,-0.0290,-0.0256,0.8799,,
"Apr 25, 2025, 2:19:43 AM",Interest PAID USD Class R IE000H9J0QX4,0.2590,0.2279,0.8799,,
"Apr 24, 2025, 2:22:14 AM",Service Fee Charged USD Class IE000H9J0QX4,-0.0290,-0.0255,0.8793,,
"Apr 24, 2025, 2:22:14 AM",Interest PAID USD Class R IE000H9J0QX4,0.2590,0.2277,0.8793,,
"Apr 23, 2025, 2:19:43 AM",Service Fee Charged USD Class IE000H9J0QX4,-0.0290,-0.0256,0.8827,,
"Apr 23, 2025, 2:19:43 AM",Interest PAID USD Class R IE000H9J0QX4,0.2590,0.2286,0.8827,,
"Apr 22, 2025, 12:31:45 PM",BUY USD Class R IE000H9J0QX4,113.14,99.67,0.8810,1.00,113.14
"Apr 22, 2025, 2:21:27 AM",Service Fee Charged USD Class IE000H9J0QX4,-0.0275,-0.0242,0.8810,,
"Apr 22, 2025, 2:21:27 AM",Interest PAID USD Class R IE000H9J0QX4,0.2475,0.2180,0.8810,,
"Apr 21, 2025, 2:25:07 AM",Service Fee Charged USD Class IE000H9J0QX4,-0.0275,-0.0239,0.8685,,
"Apr 21, 2025, 2:25:07 AM",Interest PAID USD Class R IE000H9J0QX4,0.2475,0.2150,0.8685,,
"Apr 20, 2025, 2:20:57 AM",Service Fee Charged USD Class IE000H9J0QX4,-0.0275,-0.0240,0.8734,,
"Apr 20, 2025, 2:20:57 AM",Interest PAID USD Class R IE000H9J0QX4,0.2475,0.2162,0.8734,,
"Apr 19, 2025, 2:23:13 AM",Service Fee Charged USD Class IE000H9J0QX4,-0.0275,-0.0241,0.8783,,
"Apr 19, 2025, 2:23:13 AM",Interest PAID USD Class R IE000H9J0QX4,0.2475,0.2174,0.8783,,
"Apr 18, 2025, 2:20:24 AM",Service Fee Charged USD Class IE000H9J0QX4,-0.0275,-0.0241,0.8783,,
"Apr 18, 2025, 2:20:24 AM",Interest PAID USD Class R IE000H9J0QX4,0.2475,0.2174,0.8783,,
"Apr 17, 2025, 2:18:41 AM",Service Fee Charged USD Class IE000H9J0QX4,-0.0275,-0.0242,0.8793,,
"Apr 17, 2025, 2:18:41 AM",Interest PAID USD Class R IE000H9J0QX4,0.2475,0.2176,0.8793,,
"Apr 16, 2025, 2:21:40 AM",Service Fee Charged USD Class IE000H9J0QX4,-0.0275,-0.0241,0.8775,,
"Apr 16, 2025, 2:21:40 AM",Interest PAID USD Class R IE000H9J0QX4,0.2475,0.2172,0.8775,,
"Apr 15, 2025, 2:21:47 AM",Service Fee Charged USD Class IE000H9J0QX4,-0.0275,-0.0243,0.8855,,
"Apr 15, 2025, 2:21:47 AM",Interest PAID USD Class R IE000H9J0QX4,0.2475,0.2191,0.8855,,
"Apr 14, 2025, 2:17:38 AM",Service Fee Charged USD Class IE000H9J0QX4,-0.0275,-0.0242,0.8821,,
"Apr 14, 2025, 2:17:38 AM",Interest PAID USD Class R IE000H9J0QX4,0.2475,0.2183,0.8821,,
"Apr 13, 2025, 2:17:45 AM",Service Fee Charged USD Class IE000H9J0QX4,-0.0275,-0.0242,0.8816,,
"Apr 13, 2025, 2:17:45 AM",Interest PAID USD Class R IE000H9J0QX4,0.2475,0.2182,0.8816,,
"Apr 12, 2025, 2:16:36 AM",Service Fee Charged USD Class IE000H9J0QX4,-0.0275,-0.0242,0.8820,,
"Apr 12, 2025, 2:16:36 AM",Interest PAID USD Class R IE000H9J0QX4,0.2475,0.2183,0.8820,,
"Apr 11, 2025, 2:20:42 AM",Service Fee Charged USD Class IE000H9J0QX4,-0.0275,-0.0242,0.8820,,
"Apr 11, 2025, 2:20:42 AM",Interest PAID USD Class R IE000H9J0QX4,0.2475,0.2183,0.8820,,
"Apr 10, 2025, 2:19:16 AM",Service Fee Charged USD Class IE000H9J0QX4,-0.0275,-0.0244,0.8883,,
"Apr 10, 2025, 2:19:16 AM",Interest PAID USD Class R IE000H9J0QX4,0.2475,0.2199,0.8883,,
"Apr 9, 2025, 2:22:12 AM",Service Fee Charged USD Class IE000H9J0QX4,-0.0275,-0.0251,0.9132,,
"Apr 9, 2025, 2:22:12 AM",Interest PAID USD Class R IE000H9J0QX4,0.2475,0.2260,0.9132,,
"Apr 8, 2025, 12:34:18 PM",SELL USD Class R IE000H9J0QX4,-280,-255.06,0.9109,1.00,280
"Apr 8, 2025, 2:18:36 AM",Service Fee Charged USD Class IE000H9J0QX4,-0.0313,-0.0285,0.9109,,
"Apr 8, 2025, 2:18:36 AM",Interest PAID USD Class R IE000H9J0QX4,0.2813,0.2562,0.9109,,
"Apr 7, 2025, 12:48:07 PM",SELL USD Class R IE000H9J0QX4,-22,-20.16,0.9162,1.00,22
"Apr 7, 2025, 2:19:07 AM",Service Fee Charged USD Class IE000H9J0QX4,-0.0316,-0.0290,0.9162,,
"Apr 7, 2025, 2:19:07 AM",Interest PAID USD Class R IE000H9J0QX4,0.2816,0.2580,0.9162,,
"Apr 6, 2025, 2:19:48 AM",Service Fee Charged USD Class IE000H9J0QX4,-0.0316,-0.0288,0.9105,,
"Apr 6, 2025, 2:19:48 AM",Interest PAID USD Class R IE000H9J0QX4,0.2916,0.2655,0.9105,,
"Apr 5, 2025, 2:19:13 AM",Service Fee Charged USD Class IE000H9J0QX4,-0.0316,-0.0289,0.9143,,
"Apr 5, 2025, 2:19:13 AM",Interest PAID USD Class R IE000H9J0QX4,0.2816,0.2575,0.9143,,
"Apr 4, 2025, 2:18:32 AM",Service Fee Charged USD Class IE000H9J0QX4,-0.0316,-0.0289,0.9143,,
"Apr 4, 2025, 2:18:32 AM",Interest PAID USD Class R IE000H9J0QX4,0.2816,0.2575,0.9143,,
"Apr 3, 2025, 2:19:45 AM",Service Fee Charged USD Class IE000H9J0QX4,-0.0316,-0.0286,0.9054,,
"Apr 3, 2025, 2:19:45 AM",Interest PAID USD Class R IE000H9J0QX4,0.2916,0.2640,0.9054,,
"Apr 2, 2025, 1:00:23 PM",BUY USD Class R IE000H9J0QX4,7.64,7.01,0.9171,1.00,7.64
"Apr 2, 2025, 2:20:03 AM",Service Fee Charged USD Class IE000H9J0QX4,-0.0315,-0.0289,0.9171,,
"Apr 2, 2025, 2:20:03 AM",Interest PAID USD Class R IE000H9J0QX4,0.2815,0.2582,0.9171,,
"Apr 1, 2025, 1:38:59 PM",Interest Reinvested Class R USD IE000H9J0QX4,-7.64,-7.08,0.9264,,
"Apr 1, 2025, 2:18:46 AM",Service Fee Charged USD Class IE000H9J0QX4,-0.0315,-0.0292,0.9264,,
"Apr 1, 2025, 2:18:46 AM",Interest PAID USD Class R IE000H9J0QX4,0.2815,0.2608,0.9264,,
"Mar 31, 2025, 2:19:51 AM",Service Fee Charged USD Class IE000H9J0QX4,-0.0315,-0.0291,0.9244,,
"Mar 31, 2025, 2:19:51 AM",Interest PAID USD Class R IE000H9J0QX4,0.2915,0.2695,0.9244,,
"Mar 30, 2025, 1:18:06 AM",Service Fee Charged USD Class IE000H9J0QX4,-0.0315,-0.0291,0.9239,,
"Mar 30, 2025, 1:18:06 AM",Interest PAID USD Class R IE000H9J0QX4,0.2815,0.2601,0.9239,,
"Mar 29, 2025, 1:20:32 AM",Service Fee Charged USD Class IE000H9J0QX4,-0.0315,-0.0291,0.9236,,
"Mar 29, 2025, 1:20:32 AM",Interest PAID USD Class R IE000H9J0QX4,0.2815,0.2600,0.9236,,
"Mar 28, 2025, 1:19:11 AM",Service Fee Charged USD Class IE000H9J0QX4,-0.0315,-0.0291,0.9236,,
"Mar 28, 2025, 1:19:11 AM",Interest PAID USD Class R IE000H9J0QX4,0.2815,0.2600,0.9236,,
"Mar 27, 2025, 2:01:09 AM",Service Fee Charged USD Class IE000H9J0QX4,-0.0315,-0.0292,0.9259,,
"Mar 27, 2025, 2:01:09 AM",Interest PAID USD Class R IE000H9J0QX4,0.2815,0.2606,0.9259,,
"Mar 26, 2025, 1:59:25 AM",Service Fee Charged USD Class IE000H9J0QX4,-0.0315,-0.0293,0.9310,,
"Mar 26, 2025, 1:59:25 AM",Interest PAID USD Class R IE000H9J0QX4,0.2915,0.2714,0.9310,,
"Mar 25, 2025, 2:19:40 AM",Service Fee Charged USD Class IE000H9J0QX4,-0.0315,-0.0292,0.9269,,
"Mar 25, 2025, 2:19:40 AM",Interest PAID USD Class R IE000H9J0QX4,0.2815,0.2609,0.9269,,
"Mar 24, 2025, 1:58:44 AM",Service Fee Charged USD Class IE000H9J0QX4,-0.0315,-0.0292,0.9257,,
"Mar 24, 2025, 1:58:44 AM",Interest PAID USD Class R IE000H9J0QX4,0.2815,0.2606,0.9257,,
"Mar 23, 2025, 2:00:15 AM",Service Fee Charged USD Class IE000H9J0QX4,-0.0315,-0.0291,0.9228,,
"Mar 23, 2025, 2:00:15 AM",Interest PAID USD Class R IE000H9J0QX4,0.2815,0.2598,0.9228,,
"Mar 22, 2025, 1:58:13 AM",Service Fee Charged USD Class IE000H9J0QX4,-0.0315,-0.0292,0.9252,,
"Mar 22, 2025, 1:58:13 AM",Interest PAID USD Class R IE000H9J0QX4,0.2915,0.2697,0.9252,,
"Mar 21, 2025, 1:57:13 AM",Service Fee Charged USD Class IE000H9J0QX4,-0.0315,-0.0292,0.9252,,
"Mar 21, 2025, 1:57:13 AM",Interest PAID USD Class R IE000H9J0QX4,0.2815,0.2604,0.9252,,
"Mar 20, 2025, 1:57:06 AM",Service Fee Charged USD Class IE000H9J0QX4,-0.0315,-0.0290,0.9214,,
"Mar 20, 2025, 1:57:06 AM",Interest PAID USD Class R IE000H9J0QX4,0.2815,0.2594,0.9214,,
"Mar 19, 2025, 12:28:03 PM",BUY USD Class R IE000H9J0QX4,100,91.64,0.9164,1.00,100
"Mar 19, 2025, 1:56:18 AM",Service Fee Charged USD Class IE000H9J0QX4,-0.0302,-0.0276,0.9164,,
"Mar 19, 2025, 1:56:18 AM",Interest PAID USD Class R IE000H9J0QX4,0.2702,0.2476,0.9164,,
"Mar 18, 2025, 1:55:39 AM",Service Fee Charged USD Class IE000H9J0QX4,-0.0302,-0.0276,0.9142,,
"Mar 18, 2025, 1:55:39 AM",Interest PAID USD Class R IE000H9J0QX4,0.2702,0.2470,0.9142,,
"Mar 17, 2025, 1:55:43 AM",Service Fee Charged USD Class IE000H9J0QX4,-0.0302,-0.0276,0.9159,,
"Mar 17, 2025, 1:55:43 AM",Interest PAID USD Class R IE000H9J0QX4,0.2702,0.2475,0.9159,,
"Mar 16, 2025, 1:56:40 AM",Service Fee Charged USD Class IE000H9J0QX4,-0.0302,-0.0277,0.9191,,
"Mar 16, 2025, 1:56:40 AM",Interest PAID USD Class R IE000H9J0QX4,0.2802,0.2575,0.9191,,
"Mar 15, 2025, 1:58:48 AM",Service Fee Charged USD Class IE000H9J0QX4,-0.0302,-0.0277,0.9193,,
"Mar 15, 2025, 1:58:48 AM",Interest PAID USD Class R IE000H9J0QX4,0.2702,0.2484,0.9193,,
"Mar 14, 2025, 1:57:58 AM",Service Fee Charged USD Class IE000H9J0QX4,-0.0302,-0.0277,0.9193,,
"Mar 14, 2025, 1:57:58 AM",Interest PAID USD Class R IE000H9J0QX4,0.2702,0.2484,0.9193,,
"Mar 13, 2025, 1:57:18 AM",Service Fee Charged USD Class IE000H9J0QX4,-0.0302,-0.0278,0.9212,,
"Mar 13, 2025, 1:57:18 AM",Interest PAID USD Class R IE000H9J0QX4,0.2702,0.2489,0.9212,,
"Mar 12, 2025, 1:57:17 AM",Service Fee Charged USD Class IE000H9J0QX4,-0.0302,-0.0277,0.9186,,
"Mar 12, 2025, 1:57:17 AM",Interest PAID USD Class R IE000H9J0QX4,0.2802,0.2574,0.9186,,
"Mar 11, 2025, 1:52:04 AM",Service Fee Charged USD Class IE000H9J0QX4,-0.0302,-0.0276,0.9162,,
"Mar 11, 2025, 1:52:04 AM",Interest PAID USD Class R IE000H9J0QX4,0.2702,0.2476,0.9162,,
"Mar 10, 2025, 1:51:24 AM",Service Fee Charged USD Class IE000H9J0QX4,-0.0302,-0.0278,0.9226,,
"Mar 10, 2025, 1:51:24 AM",Interest PAID USD Class R IE000H9J0QX4,0.2702,0.2493,0.9226,,
"Mar 9, 2025, 1:52:24 AM",Service Fee Charged USD Class IE000H9J0QX4,-0.0302,-0.0278,0.9208,,
"Mar 9, 2025, 1:52:24 AM",Interest PAID USD Class R IE000H9J0QX4,0.2702,0.2488,0.9208,,
"Mar 8, 2025, 1:53:39 AM",Service Fee Charged USD Class IE000H9J0QX4,-0.0302,-0.0278,0.9230,,
"Mar 8, 2025, 1:53:39 AM",Interest PAID USD Class R IE000H9J0QX4,0.2802,0.2586,0.9230,,
"Mar 7, 2025, 1:56:54 AM",Service Fee Charged USD Class IE000H9J0QX4,-0.0302,-0.0278,0.9230,,
"Mar 7, 2025, 1:56:54 AM",Interest PAID USD Class R IE000H9J0QX4,0.2702,0.2494,0.9230,,
"Mar 6, 2025, 1:57:39 AM",Service Fee Charged USD Class IE000H9J0QX4,-0.0302,-0.0280,0.9270,,
"Mar 6, 2025, 1:57:39 AM",Interest PAID USD Class R IE000H9J0QX4,0.2702,0.2505,0.9270,,
"Mar 5, 2025, 1:58:26 AM",Service Fee Charged USD Class IE000H9J0QX4,-0.0302,-0.0279,0.9264,,
"Mar 5, 2025, 1:58:26 AM",Interest PAID USD Class R IE000H9J0QX4,0.2702,0.2503,0.9264,,
"Mar 4, 2025, 1:21:57 PM",BUY USD Class R IE000H9J0QX4,7.26,6.83,0.9413,1.00,7.26
"Mar 4, 2025, 1:55:13 AM",Service Fee Charged USD Class IE000H9J0QX4,-0.0301,-0.0283,0.9413,,
"Mar 4, 2025, 1:55:13 AM",Interest PAID USD Class R IE000H9J0QX4,0.2801,0.2637,0.9413,,
"Mar 3, 2025, 2:47:45 PM",Interest Reinvested Class R USD IE000H9J0QX4,-7.26,-6.92,0.9537,,
"Mar 3, 2025, 2:12:02 AM",Service Fee Charged USD Class IE000H9J0QX4,-0.0301,-0.0287,0.9537,,
"Mar 3, 2025, 2:12:02 AM",Interest PAID USD Class R IE000H9J0QX4,0.2701,0.2576,0.9537,,
"Mar 2, 2025, 2:14:11 AM",Service Fee Charged USD Class IE000H9J0QX4,-0.0301,-0.0289,0.9604,,
"Mar 2, 2025, 2:14:11 AM",Interest PAID USD Class R IE000H9J0QX4,0.2701,0.2594,0.9604,,
"Mar 1, 2025, 2:19:43 AM",Service Fee Charged USD Class IE000H9J0QX4,-0.0301,-0.0290,0.9645,,
"Mar 1, 2025, 2:19:43 AM",Interest PAID USD Class R IE000H9J0QX4,0.2701,0.2605,0.9645,,
"Feb 28, 2025, 2:18:16 AM",Service Fee Charged USD Class IE000H9J0QX4,-0.0301,-0.0290,0.9645,,
"Feb 28, 2025, 2:18:16 AM",Interest PAID USD Class R IE000H9J0QX4,0.2701,0.2605,0.9645,,
"Feb 27, 2025, 2:34:26 AM",Service Fee Charged USD Class IE000H9J0QX4,-0.0301,-0.0289,0.9621,,
"Feb 27, 2025, 2:34:26 AM",Interest PAID USD Class R IE000H9J0QX4,0.2701,0.2599,0.9621,,
"Feb 26, 2025, 2:28:34 AM",Service Fee Charged USD Class IE000H9J0QX4,-0.0301,-0.0287,0.9535,,
"Feb 26, 2025, 2:28:34 AM",Interest PAID USD Class R IE000H9J0QX4,0.2801,0.2671,0.9535,,
"Feb 25, 2025, 2:12:09 AM",Service Fee Charged USD Class IE000H9J0QX4,-0.0301,-0.0286,0.9505,,
"Feb 25, 2025, 2:12:09 AM",Interest PAID USD Class R IE000H9J0QX4,0.2701,0.2567,0.9505,,
"Feb 24, 2025, 2:21:54 AM",Service Fee Charged USD Class IE000H9J0QX4,-0.0301,-0.0287,0.9559,,
"Feb 24, 2025, 2:21:54 AM",Interest PAID USD Class R IE000H9J0QX4,0.2701,0.2582,0.9559,,
"Feb 23, 2025, 2:23:12 AM",Service Fee Charged USD Class IE000H9J0QX4,-0.0301,-0.0287,0.9547,,
"Feb 23, 2025, 2:23:12 AM",Interest PAID USD Class R IE000H9J0QX4,0.2701,0.2579,0.9547,,
"Feb 22, 2025, 2:23:13 AM",Service Fee Charged USD Class IE000H9J0QX4,-0.0301,-0.0287,0.9566,,
"Feb 22, 2025, 2:23:13 AM",Interest PAID USD Class R IE000H9J0QX4,0.2801,0.2679,0.9566,,
"Feb 21, 2025, 2:26:06 AM",Service Fee Charged USD Class IE000H9J0QX4,-0.0301,-0.0287,0.9566,,
"Feb 21, 2025, 2:26:06 AM",Interest PAID USD Class R IE000H9J0QX4,0.2701,0.2584,0.9566,,
"Feb 20, 2025, 2:25:47 AM",Service Fee Charged USD Class IE000H9J0QX4,-0.0301,-0.0286,0.9523,,
"Feb 20, 2025, 2:25:47 AM",Interest PAID USD Class R IE000H9J0QX4,0.2701,0.2572,0.9523,,
"Feb 19, 2025, 2:30:32 AM",Service Fee Charged USD Class IE000H9J0QX4,-0.0301,-0.0288,0.9596,,
"Feb 19, 2025, 2:30:32 AM",Interest PAID USD Class R IE000H9J0QX4,0.2701,0.2592,0.9596,,
"Feb 18, 2025, 12:19:17 PM",SELL USD Class R IE000H9J0QX4,"-1,000",-957.09,0.9571,1.00,"1,000"
"Feb 18, 2025, 2:25:26 AM",Service Fee Charged USD Class IE000H9J0QX4,-0.0438,-0.0419,0.9571,,
"Feb 18, 2025, 2:25:26 AM",Interest PAID USD Class R IE000H9J0QX4,0.4038,0.3865,0.9571,,
"Feb 17, 2025, 2:24:54 AM",Service Fee Charged USD Class IE000H9J0QX4,-0.0438,-0.0417,0.9537,,
"Feb 17, 2025, 2:24:54 AM",Interest PAID USD Class R IE000H9J0QX4,0.3938,0.3756,0.9537,,
"Feb 16, 2025, 2:28:01 AM",Service Fee Charged USD Class IE000H9J0QX4,-0.0438,-0.0417,0.9534,,
"Feb 16, 2025, 2:28:01 AM",Interest PAID USD Class R IE000H9J0QX4,0.4038,0.3850,0.9534,,
"Feb 15, 2025, 2:28:03 AM",Service Fee Charged USD Class IE000H9J0QX4,-0.0438,-0.0417,0.9535,,
"Feb 15, 2025, 2:28:03 AM",Interest PAID USD Class R IE000H9J0QX4,0.3938,0.3755,0.9535,,
"Feb 14, 2025, 2:22:09 AM",Service Fee Charged USD Class IE000H9J0QX4,-0.0438,-0.0417,0.9535,,
"Feb 14, 2025, 2:22:09 AM",Interest PAID USD Class R IE000H9J0QX4,0.3938,0.3755,0.9535,,
"Feb 13, 2025, 2:22:28 AM",Service Fee Charged USD Class IE000H9J0QX4,-0.0438,-0.0418,0.9559,,
"Feb 13, 2025, 2:22:28 AM",Interest PAID USD Class R IE000H9J0QX4,0.4038,0.3860,0.9559,,
"Feb 12, 2025, 2:22:23 AM",Service Fee Charged USD Class IE000H9J0QX4,-0.0438,-0.0421,0.9622,,
"Feb 12, 2025, 2:22:23 AM",Interest PAID USD Class R IE000H9J0QX4,0.3938,0.3789,0.9622,,
"Feb 11, 2025, 2:20:47 AM",Service Fee Charged USD Class IE000H9J0QX4,-0.0438,-0.0422,0.9649,,
"Feb 11, 2025, 2:20:47 AM",Interest PAID USD Class R IE000H9J0QX4,0.4038,0.3896,0.9649,,
"Feb 10, 2025, 2:25:30 AM",Service Fee Charged USD Class IE000H9J0QX4,-0.0438,-0.0425,0.9708,,
"Feb 10, 2025, 2:25:30 AM",Interest PAID USD Class R IE000H9J0QX4,0.3938,0.3823,0.9708,,
"Feb 9, 2025, 2:26:27 AM",Service Fee Charged USD Class IE000H9J0QX4,-0.0438,-0.0424,0.9700,,
"Feb 9, 2025, 2:26:27 AM",Interest PAID USD Class R IE000H9J0QX4,0.3938,0.3820,0.9700,,
"Feb 8, 2025, 2:33:00 AM",Service Fee Charged USD Class IE000H9J0QX4,-0.0438,-0.0424,0.9687,,
"Feb 8, 2025, 2:33:00 AM",Interest PAID USD Class R IE000H9J0QX4,0.4038,0.3912,0.9687,,
"Feb 7, 2025, 2:19:34 AM",Service Fee Charged USD Class IE000H9J0QX4,-0.0438,-0.0424,0.9687,,
"Feb 7, 2025, 2:19:34 AM",Interest PAID USD Class R IE000H9J0QX4,0.3938,0.3815,0.9687,,
"Feb 6, 2025, 2:24:39 AM",Service Fee Charged USD Class IE000H9J0QX4,-0.0438,-0.0421,0.9629,,
"Feb 6, 2025, 2:24:39 AM",Interest PAID USD Class R IE000H9J0QX4,0.3938,0.3792,0.9629,,
"Feb 5, 2025, 12:24:15 PM",BUY USD Class R IE000H9J0QX4,"3,193.88","3,071.44",0.9617,1.00,"3,193.88"

Date,Description,"Value, GBP","Value, EUR",FX Rate,Price per share,Quantity of shares
"Nov 4, 2025, 12:27:43 PM",BUY GBP Class R IE0002RUHW32,0.01,0.01,1.1337,1.00,0.01
"Nov 3, 2025, 11:20:35 AM",Interest Reinvested Class R GBP IE0002RUHW32,-0.01,-0.01,1.1403,,
"Oct 9, 2025, 2:20:03 AM",Service Fee Charged GBP Class IE0002RUHW32,-0.0002,-0.0003,1.1502,,
"Oct 9, 2025, 2:20:02 AM",Interest PAID GBP Class R IE0002RUHW32,0.0102,0.0117,1.1502,,
"Jun 3, 2025, 3:46:23 PM",BUY GBP Class R IE0002RUHW32,0.28,0.33,1.1886,1.00,0.28
"Jun 2, 2025, 2:55:44 PM",Interest Reinvested Class R GBP IE0002RUHW32,-0.28,-0.33,1.1837,,
"May 15, 2025, 12:36:55 PM",SELL GBP Class R IE0002RUHW32,"-2,462.06","-2,926.52",1.1886,1.00,"2,462.06"
"May 15, 2025, 2:18:01 AM",Service Fee Charged GBP Class IE0002RUHW32,-0.0169,-0.0200,1.1886,,
"May 15, 2025, 2:18:01 AM",Interest PAID GBP Class R IE0002RUHW32,0.2969,0.3529,1.1886,,
"May 14, 2025, 5:28:07 PM",Interest WITHDRAWN GBP Class R IE0002RUHW32,-3.74,-4.44,1.1862,,
"May 14, 2025, 2:17:58 AM",Service Fee Charged GBP Class IE0002RUHW32,-0.0169,-0.0200,1.1862,,
"May 14, 2025, 2:17:58 AM",Interest PAID GBP Class R IE0002RUHW32,0.3069,0.3641,1.1862,,
"May 13, 2025, 2:21:12 AM",Service Fee Charged GBP Class IE0002RUHW32,-0.0169,-0.0201,1.1893,,
"May 13, 2025, 2:21:12 AM",Interest PAID GBP Class R IE0002RUHW32,0.2969,0.3531,1.1893,,
"May 12, 2025, 2:19:43 AM",Service Fee Charged GBP Class IE0002RUHW32,-0.0169,-0.0200,1.1876,,
"May 12, 2025, 2:19:43 AM",Interest PAID GBP Class R IE0002RUHW32,0.3069,0.3645,1.1876,,
"May 11, 2025, 2:20:14 AM",Service Fee Charged GBP Class IE0002RUHW32,-0.0169,-0.0200,1.1832,,
"May 11, 2025, 2:20:14 AM",Interest PAID GBP Class R IE0002RUHW32,0.2969,0.3513,1.1832,,
"May 10, 2025, 2:20:02 AM",Service Fee Charged GBP Class IE0002RUHW32,-0.0169,-0.0199,1.1824,,
"May 10, 2025, 2:20:02 AM",Interest PAID GBP Class R IE0002RUHW32,0.2969,0.3510,1.1824,,
"May 9, 2025, 2:18:04 AM",Service Fee Charged GBP Class IE0002RUHW32,-0.0169,-0.0199,1.1824,,
"May 9, 2025, 2:18:04 AM",Interest PAID GBP Class R IE0002RUHW32,0.3069,0.3629,1.1824,,
"May 8, 2025, 2:20:08 AM",Service Fee Charged GBP Class IE0002RUHW32,-0.0169,-0.0199,1.1792,,
"May 8, 2025, 2:20:08 AM",Interest PAID GBP Class R IE0002RUHW32,0.3069,0.3619,1.1792,,
"May 7, 2025, 2:21:17 AM",Service Fee Charged GBP Class IE0002RUHW32,-0.0169,-0.0198,1.1758,,
"May 7, 2025, 2:21:17 AM",Interest PAID GBP Class R IE0002RUHW32,0.3069,0.3609,1.1758,,
"May 6, 2025, 2:18:58 AM",Service Fee Charged GBP Class IE0002RUHW32,-0.0169,-0.0199,1.1775,,
"May 6, 2025, 2:18:58 AM",Interest PAID GBP Class R IE0002RUHW32,0.3069,0.3614,1.1775,,
"May 5, 2025, 2:19:11 AM",Service Fee Charged GBP Class IE0002RUHW32,-0.0169,-0.0198,1.1749,,
"May 5, 2025, 2:19:11 AM",Interest PAID GBP Class R IE0002RUHW32,0.3069,0.3606,1.1749,,
"May 4, 2025, 2:20:53 AM",Service Fee Charged GBP Class IE0002RUHW32,-0.0169,-0.0198,1.1721,,
"May 4, 2025, 2:20:53 AM",Interest PAID GBP Class R IE0002RUHW32,0.3069,0.3597,1.1721,,
"May 3, 2025, 2:20:34 AM",Service Fee Charged GBP Class IE0002RUHW32,-0.0169,-0.0198,1.1744,,
"May 3, 2025, 2:20:34 AM",Interest PAID GBP Class R IE0002RUHW32,0.3069,0.3604,1.1744,,
"May 2, 2025, 12:47:32 PM",BUY GBP Class R IE0002RUHW32,8.73,10.25,1.1744,1.00,8.73
"May 2, 2025, 2:18:23 AM",Service Fee Charged GBP Class IE0002RUHW32,-0.0168,-0.0197,1.1744,,
"May 2, 2025, 2:18:23 AM",Interest PAID GBP Class R IE0002RUHW32,0.3068,0.3603,1.1744,,
"May 1, 2025, 12:44:16 PM",Interest Reinvested Class R GBP IE0002RUHW32,-8.73,-10.27,1.1762,,
"May 1, 2025, 2:18:36 AM",Service Fee Charged GBP Class IE0002RUHW32,-0.0168,-0.0198,1.1762,,
"May 1, 2025, 2:18:36 AM",Interest PAID GBP Class R IE0002RUHW32,0.3068,0.3608,1.1762,,
"Apr 30, 2025, 2:19:05 AM",Service Fee Charged GBP Class IE0002RUHW32,-0.0168,-0.0198,1.1765,,
"Apr 30, 2025, 2:19:05 AM",Interest PAID GBP Class R IE0002RUHW32,0.3068,0.3610,1.1765,,
"Apr 29, 2025, 2:17:39 AM",Service Fee Charged GBP Class IE0002RUHW32,-0.0168,-0.0198,1.1775,,
"Apr 29, 2025, 2:17:39 AM",Interest PAID GBP Class R IE0002RUHW32,0.3068,0.3613,1.1775,,
"Apr 28, 2025, 2:17:22 AM",Service Fee Charged GBP Class IE0002RUHW32,-0.0168,-0.0198,1.1777,,
"Apr 28, 2025, 2:17:22 AM",Interest PAID GBP Class R IE0002RUHW32,0.3068,0.3613,1.1777,,
"Apr 27, 2025, 2:19:59 AM",Service Fee Charged GBP Class IE0002RUHW32,-0.0168,-0.0197,1.1715,,
"Apr 27, 2025, 2:19:59 AM",Interest PAID GBP Class R IE0002RUHW32,0.3068,0.3594,1.1715,,
"Apr 26, 2025, 2:20:06 AM",Service Fee Charged GBP Class IE0002RUHW32,-0.0168,-0.0197,1.1719,,
"Apr 26, 2025, 2:20:06 AM",Interest PAID GBP Class R IE0002RUHW32,0.3168,0.3713,1.1719,,
"Apr 25, 2025, 2:18:23 AM",Service Fee Charged GBP Class IE0002RUHW32,-0.0168,-0.0197,1.1716,,
"Apr 25, 2025, 2:18:23 AM",Interest PAID GBP Class R IE0002RUHW32,0.3068,0.3594,1.1716,,
"Apr 24, 2025, 2:20:42 AM",Service Fee Charged GBP Class IE0002RUHW32,-0.0168,-0.0197,1.1719,,
"Apr 24, 2025, 2:20:42 AM",Interest PAID GBP Class R IE0002RUHW32,0.3068,0.3595,1.1719,,
"Apr 23, 2025, 2:18:23 AM",Service Fee Charged GBP Class IE0002RUHW32,-0.0168,-0.0197,1.1708,,
"Apr 23, 2025, 2:18:23 AM",Interest PAID GBP Class R IE0002RUHW32,0.3068,0.3592,1.1708,,
"Apr 22, 2025, 2:20:24 AM",Service Fee Charged GBP Class IE0002RUHW32,-0.0168,-0.0196,1.1693,,
"Apr 22, 2025, 2:20:24 AM",Interest PAID GBP Class R IE0002RUHW32,0.3068,0.3588,1.1693,,
"Apr 21, 2025, 2:24:02 AM",Service Fee Charged GBP Class IE0002RUHW32,-0.0168,-0.0195,1.1620,,
"Apr 21, 2025, 2:24:02 AM",Interest PAID GBP Class R IE0002RUHW32,0.3068,0.3565,1.1620,,
"Apr 20, 2025, 2:19:54 AM",Service Fee Charged GBP Class IE0002RUHW32,-0.0168,-0.0195,1.1630,,
"Apr 20, 2025, 2:19:54 AM",Interest PAID GBP Class R IE0002RUHW32,0.3068,0.3568,1.1630,,
"Apr 19, 2025, 2:22:15 AM",Service Fee Charged GBP Class IE0002RUHW32,-0.0168,-0.0196,1.1669,,
"Apr 19, 2025, 2:22:15 AM",Interest PAID GBP Class R IE0002RUHW32,0.3068,0.3580,1.1669,,
"Apr 18, 2025, 2:19:16 AM",Service Fee Charged GBP Class IE0002RUHW32,-0.0168,-0.0196,1.1669,,
"Apr 18, 2025, 2:19:16 AM",Interest PAID GBP Class R IE0002RUHW32,0.3168,0.3697,1.1669,,
"Apr 17, 2025, 2:17:18 AM",Service Fee Charged GBP Class IE0002RUHW32,-0.0168,-0.0196,1.1667,,
"Apr 17, 2025, 2:17:18 AM",Interest PAID GBP Class R IE0002RUHW32,0.3068,0.3579,1.1667,,
"Apr 16, 2025, 2:20:06 AM",Service Fee Charged GBP Class IE0002RUHW32,-0.0168,-0.0195,1.1612,,
"Apr 16, 2025, 2:20:06 AM",Interest PAID GBP Class R IE0002RUHW32,0.3068,0.3563,1.1612,,
"Apr 15, 2025, 2:20:05 AM",Service Fee Charged GBP Class IE0002RUHW32,-0.0168,-0.0197,1.1715,,
"Apr 15, 2025, 2:20:05 AM",Interest PAID GBP Class R IE0002RUHW32,0.3068,0.3594,1.1715,,
"Apr 14, 2025, 2:16:48 AM",Service Fee Charged GBP Class IE0002RUHW32,-0.0168,-0.0195,1.1620,,
"Apr 14, 2025, 2:16:48 AM",Interest PAID GBP Class R IE0002RUHW32,0.3068,0.3565,1.1620,,
"Apr 13, 2025, 2:16:47 AM",Service Fee Charged GBP Class IE0002RUHW32,-0.0168,-0.0194,1.1536,,
"Apr 13, 2025, 2:16:47 AM",Interest PAID GBP Class R IE0002RUHW32,0.3068,0.3539,1.1536,,
"Apr 12, 2025, 2:15:46 AM",Service Fee Charged GBP Class IE0002RUHW32,-0.0168,-0.0194,1.1516,,
"Apr 12, 2025, 2:15:46 AM",Interest PAID GBP Class R IE0002RUHW32,0.3068,0.3533,1.1516,,
"Apr 11, 2025, 2:19:48 AM",Service Fee Charged GBP Class IE0002RUHW32,-0.0168,-0.0194,1.1516,,
"Apr 11, 2025, 2:19:48 AM",Interest PAID GBP Class R IE0002RUHW32,0.3168,0.3648,1.1516,,
"Apr 10, 2025, 2:17:52 AM",Service Fee Charged GBP Class IE0002RUHW32,-0.0168,-0.0194,1.1540,,
"Apr 10, 2025, 2:17:52 AM",Interest PAID GBP Class R IE0002RUHW32,0.3068,0.3540,1.1540,,
"Apr 9, 2025, 12:57:02 PM",BUY GBP Class R IE0002RUHW32,9.06,10.61,1.1712,1.00,9.06
"Apr 9, 2025, 3:36:30 AM",Interest Reinvested Class R GBP IE0002RUHW32,-9.06,-10.61,1.1712,,
"Apr 9, 2025, 2:20:55 AM",Service Fee Charged GBP Class IE0002RUHW32,-0.0167,-0.0196,1.1712,,
"Apr 9, 2025, 2:20:55 AM",Interest PAID GBP Class R IE0002RUHW32,0.3067,0.3592,1.1712,,
"Apr 8, 2025, 2:17:36 AM",Service Fee Charged GBP Class IE0002RUHW32,-0.0167,-0.0195,1.1648,,
"Apr 8, 2025, 2:17:36 AM",Interest PAID GBP Class R IE0002RUHW32,0.3067,0.3572,1.1648,,
"Apr 7, 2025, 2:18:21 AM",Service Fee Charged GBP Class IE0002RUHW32,-0.0167,-0.0195,1.1666,,
"Apr 7, 2025, 2:18:21 AM",Interest PAID GBP Class R IE0002RUHW32,0.3067,0.3578,1.1666,,
"Apr 6, 2025, 2:18:45 AM",Service Fee Charged GBP Class IE0002RUHW32,-0.0167,-0.0197,1.1753,,
"Apr 6, 2025, 2:18:45 AM",Interest PAID GBP Class R IE0002RUHW32,0.3067,0.3605,1.1753,,
"Apr 5, 2025, 2:18:30 AM",Service Fee Charged GBP Class IE0002RUHW32,-0.0167,-0.0197,1.1754,,
"Apr 5, 2025, 2:18:30 AM",Interest PAID GBP Class R IE0002RUHW32,0.3067,0.3605,1.1754,,
"Apr 4, 2025, 2:17:35 AM",Service Fee Charged GBP Class IE0002RUHW32,-0.0167,-0.0197,1.1754,,
"Apr 4, 2025, 2:17:35 AM",Interest PAID GBP Class R IE0002RUHW32,0.3067,0.3605,1.1754,,
"Apr 3, 2025, 2:18:48 AM",Service Fee Charged GBP Class IE0002RUHW32,-0.0167,-0.0198,1.1851,,
"Apr 3, 2025, 2:18:48 AM",Interest PAID GBP Class R IE0002RUHW32,0.3067,0.3635,1.1851,,
"Apr 2, 2025, 2:19:03 AM",Service Fee Charged GBP Class IE0002RUHW32,-0.0167,-0.0200,1.1964,,
"Apr 2, 2025, 2:19:03 AM",Interest PAID GBP Class R IE0002RUHW32,0.3067,0.3669,1.1964,,
"Apr 1, 2025, 2:17:58 AM",Service Fee Charged GBP Class IE0002RUHW32,-0.0167,-0.0200,1.1971,,
"Apr 1, 2025, 2:17:58 AM",Interest PAID GBP Class R IE0002RUHW32,0.3067,0.3671,1.1971,,
"Mar 31, 2025, 2:18:58 AM",Service Fee Charged GBP Class IE0002RUHW32,-0.0167,-0.0200,1.1943,,
"Mar 31, 2025, 2:18:58 AM",Interest PAID GBP Class R IE0002RUHW32,0.3067,0.3663,1.1943,,
"Mar 30, 2025, 1:17:09 AM",Service Fee Charged GBP Class IE0002RUHW32,-0.0167,-0.0200,1.1953,,
"Mar 30, 2025, 1:17:09 AM",Interest PAID GBP Class R IE0002RUHW32,0.3167,0.3786,1.1953,,
"Mar 29, 2025, 1:19:47 AM",Service Fee Charged GBP Class IE0002RUHW32,-0.0167,-0.0200,1.1949,,
"Mar 29, 2025, 1:19:47 AM",Interest PAID GBP Class R IE0002RUHW32,0.3067,0.3665,1.1949,,
"Mar 28, 2025, 1:18:00 AM",Service Fee Charged GBP Class IE0002RUHW32,-0.0167,-0.0200,1.1949,,
"Mar 28, 2025, 1:18:00 AM",Interest PAID GBP Class R IE0002RUHW32,0.3067,0.3665,1.1949,,
"Mar 27, 2025, 2:01:20 AM",Service Fee Charged GBP Class IE0002RUHW32,-0.0167,-0.0201,1.1991,,
"Mar 27, 2025, 2:01:20 AM",Interest PAID GBP Class R IE0002RUHW32,0.3067,0.3678,1.1991,,
"Mar 26, 2025, 1:59:36 AM",Service Fee Charged GBP Class IE0002RUHW32,-0.0167,-0.0201,1.1989,,
"Mar 26, 2025, 1:59:36 AM",Interest PAID GBP Class R IE0002RUHW32,0.3067,0.3677,1.1989,,
"Mar 25, 2025, 2:20:01 AM",Service Fee Charged GBP Class IE0002RUHW32,-0.0167,-0.0201,1.1998,,
"Mar 25, 2025, 2:20:01 AM",Interest PAID GBP Class R IE0002RUHW32,0.3167,0.3800,1.1998,,
"Mar 24, 2025, 1:58:30 AM",Service Fee Charged GBP Class IE0002RUHW32,-0.0167,-0.0200,1.1963,,
"Mar 24, 2025, 1:58:30 AM",Interest PAID GBP Class R IE0002RUHW32,0.3067,0.3669,1.1963,,
"Mar 23, 2025, 2:00:36 AM",Service Fee Charged GBP Class IE0002RUHW32,-0.0167,-0.0200,1.1928,,
"Mar 23, 2025, 2:00:36 AM",Interest PAID GBP Class R IE0002RUHW32,0.3067,0.3658,1.1928,,
"Mar 22, 2025, 1:58:34 AM",Service Fee Charged GBP Class IE0002RUHW32,-0.0167,-0.0200,1.1942,,
"Mar 22, 2025, 1:58:34 AM",Interest PAID GBP Class R IE0002RUHW32,0.3067,0.3663,1.1942,,
"Mar 21, 2025, 1:57:35 AM",Service Fee Charged GBP Class IE0002RUHW32,-0.0167,-0.0200,1.1942,,
"Mar 21, 2025, 1:57:35 AM",Interest PAID GBP Class R IE0002RUHW32,0.3067,0.3663,1.1942,,
"Mar 20, 2025, 1:57:15 AM",Service Fee Charged GBP Class IE0002RUHW32,-0.0167,-0.0200,1.1946,,
"Mar 20, 2025, 1:57:15 AM",Interest PAID GBP Class R IE0002RUHW32,0.3167,0.3783,1.1946,,
"Mar 19, 2025, 1:56:37 AM",Service Fee Charged GBP Class IE0002RUHW32,-0.0167,-0.0200,1.1923,,
"Mar 19, 2025, 1:56:37 AM",Interest PAID GBP Class R IE0002RUHW32,0.3067,0.3657,1.1923,,
"Mar 18, 2025, 1:55:53 AM",Service Fee Charged GBP Class IE0002RUHW32,-0.0167,-0.0199,1.1885,,
"Mar 18, 2025, 1:55:53 AM",Interest PAID GBP Class R IE0002RUHW32,0.3067,0.3645,1.1885,,
"Mar 17, 2025, 1:55:58 AM",Service Fee Charged GBP Class IE0002RUHW32,-0.0167,-0.0199,1.1892,,
"Mar 17, 2025, 1:55:58 AM",Interest PAID GBP Class R IE0002RUHW32,0.3067,0.3647,1.1892,,
"Mar 16, 2025, 1:57:02 AM",Service Fee Charged GBP Class IE0002RUHW32,-0.0167,-0.0199,1.1882,,
"Mar 16, 2025, 1:57:02 AM",Interest PAID GBP Class R IE0002RUHW32,0.3067,0.3644,1.1882,,
"Mar 15, 2025, 1:59:12 AM",Service Fee Charged GBP Class IE0002RUHW32,-0.0167,-0.0199,1.1884,,
"Mar 15, 2025, 1:59:12 AM",Interest PAID GBP Class R IE0002RUHW32,0.3167,0.3764,1.1884,,
"Mar 14, 2025, 1:58:15 AM",Service Fee Charged GBP Class IE0002RUHW32,-0.0167,-0.0199,1.1887,,
"Mar 14, 2025, 1:58:15 AM",Interest PAID GBP Class R IE0002RUHW32,0.3067,0.3646,1.1887,,
"Mar 13, 2025, 1:57:10 AM",Service Fee Charged GBP Class IE0002RUHW32,-0.0167,-0.0200,1.1936,,
"Mar 13, 2025, 1:57:10 AM",Interest PAID GBP Class R IE0002RUHW32,0.3067,0.3661,1.1936,,
"Mar 12, 2025, 1:58:01 AM",Service Fee Charged GBP Class IE0002RUHW32,-0.0167,-0.0199,1.1910,,
"Mar 12, 2025, 1:58:01 AM",Interest PAID GBP Class R IE0002RUHW32,0.3067,0.3653,1.1910,,
"Mar 11, 2025, 1:52:19 AM",Service Fee Charged GBP Class IE0002RUHW32,-0.0167,-0.0199,1.1860,,
"Mar 11, 2025, 1:52:19 AM",Interest PAID GBP Class R IE0002RUHW32,0.3167,0.3756,1.1860,,
"Mar 10, 2025, 1:51:01 AM",Service Fee Charged GBP Class IE0002RUHW32,-0.0167,-0.0199,1.1878,,
"Mar 10, 2025, 1:51:01 AM",Interest PAID GBP Class R IE0002RUHW32,0.3067,0.3643,1.1878,,
"Mar 9, 2025, 1:51:58 AM",Service Fee Charged GBP Class IE0002RUHW32,-0.0167,-0.0199,1.1908,,
"Mar 9, 2025, 1:51:58 AM",Interest PAID GBP Class R IE0002RUHW32,0.3067,0.3652,1.1908,,
"Mar 8, 2025, 1:53:54 AM",Service Fee Charged GBP Class IE0002RUHW32,-0.0167,-0.0200,1.1921,,
"Mar 8, 2025, 1:53:54 AM",Interest PAID GBP Class R IE0002RUHW32,0.3067,0.3656,1.1921,,
"Mar 7, 2025, 1:57:40 AM",Service Fee Charged GBP Class IE0002RUHW32,-0.0167,-0.0200,1.1921,,
"Mar 7, 2025, 1:57:40 AM",Interest PAID GBP Class R IE0002RUHW32,0.3167,0.3775,1.1921,,
"Mar 6, 2025, 1:58:05 AM",Service Fee Charged GBP Class IE0002RUHW32,-0.0167,-0.0200,1.1943,,
"Mar 6, 2025, 1:58:05 AM",Interest PAID GBP Class R IE0002RUHW32,0.3067,0.3663,1.1943,,
"Mar 5, 2025, 1:58:45 AM",Service Fee Charged GBP Class IE0002RUHW32,-0.0167,-0.0200,1.1941,,
"Mar 5, 2025, 1:58:45 AM",Interest PAID GBP Class R IE0002RUHW32,0.3067,0.3662,1.1941,,
"Mar 4, 2025, 12:58:41 PM",BUY GBP Class R IE0002RUHW32,8.26,9.95,1.2045,1.00,8.26
"Mar 4, 2025, 1:55:16 AM",Service Fee Charged GBP Class IE0002RUHW32,-0.0167,-0.0201,1.2045,,
"Mar 4, 2025, 1:55:16 AM",Interest PAID GBP Class R IE0002RUHW32,0.3067,0.3694,1.2045,,
"Mar 3, 2025, 12:48:49 PM",Interest Reinvested Class R GBP IE0002RUHW32,-8.26,-10.01,1.2113,,
"Mar 3, 2025, 2:12:34 AM",Service Fee Charged GBP Class IE0002RUHW32,-0.0167,-0.0202,1.2113,,
"Mar 3, 2025, 2:12:34 AM",Interest PAID GBP Class R IE0002RUHW32,0.3067,0.3715,1.2113,,
"Mar 2, 2025, 2:14:44 AM",Service Fee Charged GBP Class IE0002RUHW32,-0.0167,-0.0202,1.2104,,
"Mar 2, 2025, 2:14:44 AM",Interest PAID GBP Class R IE0002RUHW32,0.3167,0.3833,1.2104,,
"Mar 1, 2025, 2:20:23 AM",Service Fee Charged GBP Class IE0002RUHW32,-0.0167,-0.0202,1.2122,,
"Mar 1, 2025, 2:20:23 AM",Interest PAID GBP Class R IE0002RUHW32,0.3067,0.3718,1.2122,,
"Feb 28, 2025, 2:18:54 AM",Service Fee Charged GBP Class IE0002RUHW32,-0.0167,-0.0202,1.2122,,
"Feb 28, 2025, 2:18:54 AM",Interest PAID GBP Class R IE0002RUHW32,0.3067,0.3718,1.2122,,
"Feb 27, 2025, 2:35:03 AM",Service Fee Charged GBP Class IE0002RUHW32,-0.0167,-0.0202,1.2119,,
"Feb 27, 2025, 2:35:03 AM",Interest PAID GBP Class R IE0002RUHW32,0.3167,0.3838,1.2119,,
"Feb 26, 2025, 2:31:44 AM",Service Fee Charged GBP Class IE0002RUHW32,-0.0167,-0.0202,1.2091,,
"Feb 26, 2025, 2:31:44 AM",Interest PAID GBP Class R IE0002RUHW32,0.3067,0.3708,1.2091,,
"Feb 25, 2025, 2:11:15 AM",Service Fee Charged GBP Class IE0002RUHW32,-0.0167,-0.0201,1.2045,,
"Feb 25, 2025, 2:11:15 AM",Interest PAID GBP Class R IE0002RUHW32,0.3067,0.3694,1.2045,,
"Feb 24, 2025, 2:22:28 AM",Service Fee Charged GBP Class IE0002RUHW32,-0.0167,-0.0201,1.2061,,
"Feb 24, 2025, 2:22:28 AM",Interest PAID GBP Class R IE0002RUHW32,0.3067,0.3699,1.2061,,
"Feb 23, 2025, 2:22:27 AM",Service Fee Charged GBP Class IE0002RUHW32,-0.0167,-0.0201,1.2076,,
"Feb 23, 2025, 2:22:27 AM",Interest PAID GBP Class R IE0002RUHW32,0.3167,0.3825,1.2076,,
"Feb 22, 2025, 2:23:48 AM",Service Fee Charged GBP Class IE0002RUHW32,-0.0167,-0.0201,1.2074,,
"Feb 22, 2025, 2:23:48 AM",Interest PAID GBP Class R IE0002RUHW32,0.3067,0.3703,1.2074,,
"Feb 21, 2025, 2:26:24 AM",Service Fee Charged GBP Class IE0002RUHW32,-0.0167,-0.0201,1.2074,,
"Feb 21, 2025, 2:26:24 AM",Interest PAID GBP Class R IE0002RUHW32,0.3067,0.3703,1.2074,,
"Feb 20, 2025, 2:26:20 AM",Service Fee Charged GBP Class IE0002RUHW32,-0.0167,-0.0201,1.2065,,
"Feb 20, 2025, 2:26:20 AM",Interest PAID GBP Class R IE0002RUHW32,0.3167,0.3821,1.2065,,
"Feb 19, 2025, 2:31:40 AM",Service Fee Charged GBP Class IE0002RUHW32,-0.0167,-0.0201,1.2075,,
"Feb 19, 2025, 2:31:40 AM",Interest PAID GBP Class R IE0002RUHW32,0.3067,0.3703,1.2075,,
"Feb 18, 2025, 2:23:44 AM",Service Fee Charged GBP Class IE0002RUHW32,-0.0167,-0.0202,1.2083,,
"Feb 18, 2025, 2:23:44 AM",Interest PAID GBP Class R IE0002RUHW32,0.3067,0.3706,1.2083,,
"Feb 17, 2025, 2:22:53 AM",Service Fee Charged GBP Class IE0002RUHW32,-0.0167,-0.0201,1.2037,,
"Feb 17, 2025, 2:22:53 AM",Interest PAID GBP Class R IE0002RUHW32,0.3067,0.3692,1.2037,,
"Feb 16, 2025, 2:26:11 AM",Service Fee Charged GBP Class IE0002RUHW32,-0.0167,-0.0200,1.1998,,
"Feb 16, 2025, 2:26:11 AM",Interest PAID GBP Class R IE0002RUHW32,0.3167,0.3800,1.1998,,
"Feb 15, 2025, 2:26:21 AM",Service Fee Charged GBP Class IE0002RUHW32,-0.0167,-0.0200,1.1994,,
"Feb 15, 2025, 2:26:21 AM",Interest PAID GBP Class R IE0002RUHW32,0.3067,0.3678,1.1994,,
"Feb 14, 2025, 2:20:33 AM",Service Fee Charged GBP Class IE0002RUHW32,-0.0167,-0.0200,1.1994,,
"Feb 14, 2025, 2:20:33 AM",Interest PAID GBP Class R IE0002RUHW32,0.3067,0.3678,1.1994,,
"Feb 13, 2025, 2:21:16 AM",Service Fee Charged GBP Class IE0002RUHW32,-0.0167,-0.0200,1.2010,,
"Feb 13, 2025, 2:21:16 AM",Interest PAID GBP Class R IE0002RUHW32,0.3167,0.3804,1.2010,,
"Feb 12, 2025, 2:20:51 AM",Service Fee Charged GBP Class IE0002RUHW32,-0.0167,-0.0200,1.1980,,
"Feb 12, 2025, 2:20:51 AM",Interest PAID GBP Class R IE0002RUHW32,0.3067,0.3674,1.1980,,
"Feb 11, 2025, 2:18:54 AM",Service Fee Charged GBP Class IE0002RUHW32,-0.0167,-0.0200,1.2015,,
"Feb 11, 2025, 2:18:54 AM",Interest PAID GBP Class R IE0002RUHW32,0.3167,0.3805,1.2015,,
"Feb 10, 2025, 2:23:43 AM",Service Fee Charged GBP Class IE0002RUHW32,-0.0167,-0.0200,1.1999,,
"Feb 10, 2025, 2:23:43 AM",Interest PAID GBP Class R IE0002RUHW32,0.3167,0.3800,1.1999,,
"Feb 9, 2025, 2:24:43 AM",Service Fee Charged GBP Class IE0002RUHW32,-0.0167,-0.0201,1.2017,,
"Feb 9, 2025, 2:24:43 AM",Interest PAID GBP Class R IE0002RUHW32,0.3067,0.3686,1.2017,,
"Feb 8, 2025, 2:27:20 AM",Service Fee Charged GBP Class IE0002RUHW32,-0.0167,-0.0200,1.2013,,
"Feb 8, 2025, 2:27:20 AM",Interest PAID GBP Class R IE0002RUHW32,0.3167,0.3804,1.2013,,
"Feb 7, 2025, 12:43:53 PM",BUY GBP Class R IE0002RUHW32,6.77,8.13,1.2013,1.00,6.77
"Feb 7, 2025, 2:17:41 AM",Service Fee Charged GBP Class IE0002RUHW32,-0.0166,-0.0200,1.2013,,
"Feb 7, 2025, 2:17:41 AM",Interest PAID GBP Class R IE0002RUHW32,0.3066,0.3683,1.2013,,
"Feb 6, 2025, 2:59:24 PM",Interest Reinvested Class R GBP IE0002RUHW32,-6.77,-8.11,1.1973,,
"Feb 6, 2025, 2:22:53 AM",Service Fee Charged GBP Class IE0002RUHW32,-0.0166,-0.0199,1.1973,,
"Feb 6, 2025, 2:22:53 AM",Interest PAID GBP Class R IE0002RUHW32,0.3166,0.3791,1.1973,,
"Feb 5, 2025, 2:10:28 AM",Service Fee Charged GBP Class IE0002RUHW32,-0.0166,-0.0200,1.2022,,
"Feb 5, 2025, 2:10:28 AM",Interest PAID GBP Class R IE0002RUHW32,0.3166,0.3806,1.2022,,
"Feb 4, 2025, 1:07:28 PM",Service Fee Charged GBP Class IE0002RUHW32,-0.0166,-0.0200,1.2029,,
"Feb 4, 2025, 1:07:28 PM",Interest PAID GBP Class R IE0002RUHW32,0.3266,0.3929,1.2029,,
"Feb 4, 2025, 2:17:32 AM",Service Fee Charged GBP Class IE0002RUHW32,-0.0166,-0.0200,1.2029,,
"Feb 4, 2025, 2:17:32 AM",Interest PAID GBP Class R IE0002RUHW32,0.3166,0.3808,1.2029,,
"Feb 3, 2025, 7:29:17 PM",Service Fee Charged GBP Class IE0002RUHW32,-0.0166,-0.0200,1.2039,,
"Feb 3, 2025, 7:29:17 PM",Interest PAID GBP Class R IE0002RUHW32,0.3166,0.3811,1.2039,,
"Feb 3, 2025, 2:08:36 AM",Service Fee Charged GBP Class IE0002RUHW32,-0.0166,-0.0200,1.2039,,
"Feb 3, 2025, 2:08:36 AM",Interest PAID GBP Class R IE0002RUHW32,0.3166,0.3811,1.2039,,
"Feb 2, 2025, 2:21:34 AM",Service Fee Charged GBP Class IE0002RUHW32,-0.0166,-0.0200,1.1994,,
"Feb 2, 2025, 2:21:34 AM",Interest PAID GBP Class R IE0002RUHW32,0.3266,0.3917,1.1994,,
"Feb 1, 2025, 2:20:10 AM",Service Fee Charged GBP Class IE0002RUHW32,-0.0166,-0.0199,1.1961,,
"Feb 1, 2025, 2:20:10 AM",Interest PAID GBP Class R IE0002RUHW32,0.3166,0.3787,1.1961,,
"Jan 31, 2025, 2:53:48 AM",Service Fee Charged GBP Class IE0002RUHW32,-0.0166,-0.0199,1.1961,,
"Jan 31, 2025, 2:53:48 AM",Interest PAID GBP Class R IE0002RUHW32,0.3166,0.3787,1.1961,,
"Jan 30, 2025, 2:51:53 AM",Service Fee Charged GBP Class IE0002RUHW32,-0.0166,-0.0199,1.1948,,
"Jan 30, 2025, 2:51:53 AM",Interest PAID GBP Class R IE0002RUHW32,0.3166,0.3783,1.1948,,
"Jan 27, 2025, 2:49:33 AM",Service Fee Charged GBP Class IE0002RUHW32,-0.0166,-0.0198,1.1930,,
"Jan 27, 2025, 2:49:33 AM",Interest PAID GBP Class R IE0002RUHW32,0.3166,0.3777,1.1930,,
"Jan 26, 2025, 2:45:14 AM",Service Fee Charged GBP Class IE0002RUHW32,-0.0166,-0.0198,1.1902,,
"Jan 26, 2025, 2:45:14 AM",Interest PAID GBP Class R IE0002RUHW32,0.3266,0.3887,1.1902,,
"Jan 25, 2025, 2:41:14 AM",Service Fee Charged GBP Class IE0002RUHW32,-0.0166,-0.0198,1.1895,,
"Jan 25, 2025, 2:41:14 AM",Interest PAID GBP Class R IE0002RUHW32,0.3166,0.3766,1.1895,,
"Jan 24, 2025, 2:46:32 AM",Service Fee Charged GBP Class IE0002RUHW32,-0.0166,-0.0198,1.1895,,
"Jan 24, 2025, 2:46:32 AM",Interest PAID GBP Class R IE0002RUHW32,0.3266,0.3885,1.1895,,
"Jan 23, 2025, 2:53:22 AM",Service Fee Charged GBP Class IE0002RUHW32,-0.0166,-0.0197,1.1861,,
"Jan 23, 2025, 2:53:22 AM",Interest PAID GBP Class R IE0002RUHW32,0.3166,0.3755,1.1861,,
"Jan 22, 2025, 2:45:50 AM",Service Fee Charged GBP Class IE0002RUHW32,-0.0166,-0.0197,1.1831,,
"Jan 22, 2025, 2:45:50 AM",Interest PAID GBP Class R IE0002RUHW32,0.3166,0.3746,1.1831,,
"Jan 21, 2025, 12:21:10 PM",BUY GBP Class R IE0002RUHW32,844.50,"1,001.34",1.1857,1.00,844.50
"Jan 21, 2025, 2:36:00 AM",Service Fee Charged GBP Class IE0002RUHW32,-0.0109,-0.0129,1.1857,,
"Jan 21, 2025, 2:36:00 AM",Interest PAID GBP Class R IE0002RUHW32,0.2109,0.2501,1.1857,,
"Jan 20, 2025, 2:14:13 AM",Service Fee Charged GBP Class IE0002RUHW32,-0.0109,-0.0128,1.1834,,
"Jan 20, 2025, 2:14:13 AM",Interest PAID GBP Class R IE0002RUHW32,0.2109,0.2496,1.1834,,
"Jan 19, 2025, 2:18:43 AM",Service Fee Charged GBP Class IE0002RUHW32,-0.0109,-0.0129,1.1843,,
"Jan 19, 2025, 2:18:43 AM",Interest PAID GBP Class R IE0002RUHW32,0.2109,0.2498,1.1843,,
"Jan 18, 2025, 2:15:34 AM",Service Fee Charged GBP Class IE0002RUHW32,-0.0109,-0.0129,1.1847,,
"Jan 18, 2025, 2:15:34 AM",Interest PAID GBP Class R IE0002RUHW32,0.2109,0.2498,1.1847,,
"Jan 17, 2025, 2:15:07 AM",Service Fee Charged GBP Class IE0002RUHW32,-0.0109,-0.0129,1.1847,,
"Jan 17, 2025, 2:15:07 AM",Interest PAID GBP Class R IE0002RUHW32,0.2009,0.2380,1.1847,,
"Jan 16, 2025, 2:18:11 AM",Service Fee Charged GBP Class IE0002RUHW32,-0.0109,-0.0129,1.1877,,
"Jan 16, 2025, 2:18:11 AM",Interest PAID GBP Class R IE0002RUHW32,0.2109,0.2505,1.1877,,
"Jan 15, 2025, 2:23:04 AM",Service Fee Charged GBP Class IE0002RUHW32,-0.0109,-0.0129,1.1892,,
"Jan 15, 2025, 2:23:04 AM",Interest PAID GBP Class R IE0002RUHW32,0.2109,0.2508,1.1892,,
"Jan 14, 2025, 2:21:12 AM",Service Fee Charged GBP Class IE0002RUHW32,-0.0109,-0.0129,1.1848,,
"Jan 14, 2025, 2:21:12 AM",Interest PAID GBP Class R IE0002RUHW32,0.2109,0.2499,1.1848,,
"Jan 13, 2025, 2:18:17 AM",Service Fee Charged GBP Class IE0002RUHW32,-0.0109,-0.0129,1.1917,,
"Jan 13, 2025, 2:18:17 AM",Interest PAID GBP Class R IE0002RUHW32,0.2109,0.2513,1.1917,,
"Jan 12, 2025, 2:21:05 AM",Service Fee Charged GBP Class IE0002RUHW32,-0.0109,-0.0129,1.1914,,
"Jan 12, 2025, 2:21:05 AM",Interest PAID GBP Class R IE0002RUHW32,0.2009,0.2394,1.1914,,
"Jan 11, 2025, 2:20:02 AM",Service Fee Charged GBP Class IE0002RUHW32,-0.0109,-0.0129,1.1917,,
"Jan 11, 2025, 2:20:02 AM",Interest PAID GBP Class R IE0002RUHW32,0.2109,0.2513,1.1917,,
"Jan 10, 2025, 2:27:33 AM",Service Fee Charged GBP Class IE0002RUHW32,-0.0109,-0.0129,1.1917,,
"Jan 10, 2025, 2:27:33 AM",Interest PAID GBP Class R IE0002RUHW32,0.2109,0.2513,1.1917,,
"Jan 9, 2025, 2:28:26 AM",Service Fee Charged GBP Class IE0002RUHW32,-0.0109,-0.0130,1.1944,,
"Jan 9, 2025, 2:28:26 AM",Interest PAID GBP Class R IE0002RUHW32,0.2109,0.2519,1.1944,,
"Jan 8, 2025, 2:23:54 AM",Service Fee Charged GBP Class IE0002RUHW32,-0.0109,-0.0130,1.1983,,
"Jan 8, 2025, 2:23:54 AM",Interest PAID GBP Class R IE0002RUHW32,0.2109,0.2527,1.1983,,
"Jan 7, 2025, 2:25:43 AM",Service Fee Charged GBP Class IE0002RUHW32,-0.0109,-0.0131,1.2064,,
"Jan 7, 2025, 2:25:43 AM",Interest PAID GBP Class R IE0002RUHW32,0.2009,0.2424,1.2064,,
"Jan 6, 2025, 12:25:41 PM",BUY GBP Class R IE0002RUHW32,836.58,"1,007.92",1.2048,1.00,836.58
"Jan 6, 2025, 2:19:57 AM",Service Fee Charged GBP Class IE0002RUHW32,-0.0051,-0.0062,1.2048,,
"Jan 6, 2025, 2:19:57 AM",Interest PAID GBP Class R IE0002RUHW32,0.1051,0.1266,1.2048,,
"Jan 5, 2025, 2:21:50 AM",Service Fee Charged GBP Class IE0002RUHW32,-0.0051,-0.0062,1.2057,,
"Jan 5, 2025, 2:21:50 AM",Interest PAID GBP Class R IE0002RUHW32,0.0951,0.1147,1.2057,,
"Jan 4, 2025, 2:21:30 AM",Service Fee Charged GBP Class IE0002RUHW32,-0.0051,-0.0062,1.2054,,
"Jan 4, 2025, 2:21:30 AM",Interest PAID GBP Class R IE0002RUHW32,0.0951,0.1146,1.2054,,
"Jan 3, 2025, 12:34:01 PM",BUY GBP Class R IE0002RUHW32,2.91,3.51,1.2054,1.00,2.91
"Jan 3, 2025, 2:17:32 AM",Service Fee Charged GBP Class IE0002RUHW32,-0.0051,-0.0062,1.2054,,
"Jan 3, 2025, 2:17:32 AM",Interest PAID GBP Class R IE0002RUHW32,0.1051,0.1267,1.2054,,
"Jan 2, 2025, 10:25:21 AM",Interest Reinvested Class R GBP IE0002RUHW32,-2.91,-3.51,1.2057,,
"Jan 2, 2025, 2:17:53 AM",Service Fee Charged GBP Class IE0002RUHW32,-0.0051,-0.0062,1.2057,,
"Jan 2, 2025, 2:17:53 AM",Interest PAID GBP Class R IE0002RUHW32,0.0951,0.1147,1.2057,,
"Jan 1, 2025, 2:17:57 AM",Service Fee Charged GBP Class IE0002RUHW32,-0.0051,-0.0062,1.2095,,
"Jan 1, 2025, 2:17:57 AM",Interest PAID GBP Class R IE0002RUHW32,0.1051,0.1271,1.2095,,
"Dec 31, 2024, 2:19:28 AM",Service Fee Charged GBP Class IE0002RUHW32,-0.0051,-0.0062,1.2085,,
"Dec 31, 2024, 2:19:28 AM",Interest PAID GBP Class R IE0002RUHW32,0.0951,0.1149,1.2085,,
"Dec 30, 2024, 1:56:39 AM",Service Fee Charged GBP Class IE0002RUHW32,-0.0051,-0.0061,1.2059,,
"Dec 30, 2024, 1:56:39 AM",Interest PAID GBP Class R IE0002RUHW32,0.0951,0.1147,1.2059,,
"Dec 29, 2024, 1:57:39 AM",Service Fee Charged GBP Class IE0002RUHW32,-0.0051,-0.0061,1.2060,,
"Dec 29, 2024, 1:57:39 AM",Interest PAID GBP Class R IE0002RUHW32,0.1051,0.1267,1.2060,,
"Dec 28, 2024, 1:58:53 AM",Service Fee Charged GBP Class IE0002RUHW32,-0.0051,-0.0061,1.2067,,
"Dec 28, 2024, 1:58:53 AM",Interest PAID GBP Class R IE0002RUHW32,0.0951,0.1148,1.2067,,
"Dec 27, 2024, 1:55:46 AM",Service Fee Charged GBP Class IE0002RUHW32,-0.0051,-0.0061,1.2067,,
"Dec 27, 2024, 1:55:46 AM",Interest PAID GBP Class R IE0002RUHW32,0.1051,0.1268,1.2067,,
"Dec 26, 2024, 1:57:20 AM",Service Fee Charged GBP Class IE0002RUHW32,-0.0051,-0.0061,1.2021,,
"Dec 26, 2024, 1:57:20 AM",Interest PAID GBP Class R IE0002RUHW32,0.0951,0.1143,1.2021,,
"Dec 25, 2024, 1:57:45 AM",Service Fee Charged GBP Class IE0002RUHW32,-0.0051,-0.0061,1.2067,,
"Dec 25, 2024, 1:57:45 AM",Interest PAID GBP Class R IE0002RUHW32,0.0951,0.1148,1.2067,,
"Dec 24, 2024, 1:54:52 AM",Service Fee Charged GBP Class IE0002RUHW32,-0.0051,-0.0061,1.2056,,
"Dec 24, 2024, 1:54:52 AM",Interest PAID GBP Class R IE0002RUHW32,0.1051,0.1267,1.2056,,
"Dec 23, 2024, 1:56:12 AM",Service Fee Charged GBP Class IE0002RUHW32,-0.0051,-0.0061,1.2046,,
"Dec 23, 2024, 1:56:12 AM",Interest PAID GBP Class R IE0002RUHW32,0.0951,0.1146,1.2046,,
"Dec 22, 2024, 1:57:02 AM",Service Fee Charged GBP Class IE0002RUHW32,-0.0051,-0.0061,1.2048,,
"Dec 22, 2024, 1:57:02 AM",Interest PAID GBP Class R IE0002RUHW32,0.0951,0.1146,1.2048,,
"Dec 21, 2024, 1:57:41 AM",Service Fee Charged GBP Class IE0002RUHW32,-0.0051,-0.0061,1.2055,,
"Dec 21, 2024, 1:57:41 AM",Interest PAID GBP Class R IE0002RUHW32,0.1051,0.1267,1.2055,,
"Dec 20, 2024, 1:52:03 AM",Service Fee Charged GBP Class IE0002RUHW32,-0.0051,-0.0061,1.2054,,
"Dec 20, 2024, 1:52:03 AM",Interest PAID GBP Class R IE0002RUHW32,0.0951,0.1146,1.2054,,
"Dec 19, 2024, 1:52:15 AM",Service Fee Charged GBP Class IE0002RUHW32,-0.0051,-0.0061,1.2058,,
"Dec 19, 2024, 1:52:15 AM",Interest PAID GBP Class R IE0002RUHW32,0.1051,0.1267,1.2058,,
"Dec 18, 2024, 1:52:42 AM",Service Fee Charged GBP Class IE0002RUHW32,-0.0051,-0.0062,1.2141,,
"Dec 18, 2024, 1:52:42 AM",Interest PAID GBP Class R IE0002RUHW32,0.0951,0.1155,1.2141,,
"Dec 17, 2024, 1:52:02 AM",Service Fee Charged GBP Class IE0002RUHW32,-0.0051,-0.0062,1.2111,,
"Dec 17, 2024, 1:52:02 AM",Interest PAID GBP Class R IE0002RUHW32,0.0951,0.1152,1.2111,,
"Dec 16, 2024, 1:54:26 AM",Service Fee Charged GBP Class IE0002RUHW32,-0.0051,-0.0061,1.2066,,
"Dec 16, 2024, 1:54:26 AM",Interest PAID GBP Class R IE0002RUHW32,0.1051,0.1268,1.2066,,
"Dec 15, 2024, 1:54:21 AM",Service Fee Charged GBP Class IE0002RUHW32,-0.0051,-0.0061,1.2014,,
"Dec 15, 2024, 1:54:21 AM",Interest PAID GBP Class R IE0002RUHW32,0.0951,0.1143,1.2014,,
"Dec 14, 2024, 1:53:41 AM",Service Fee Charged GBP Class IE0002RUHW32,-0.0051,-0.0061,1.2018,,
"Dec 14, 2024, 1:53:41 AM",Interest PAID GBP Class R IE0002RUHW32,0.0951,0.1143,1.2018,,
"Dec 13, 2024, 1:54:57 AM",Service Fee Charged GBP Class IE0002RUHW32,-0.0051,-0.0061,1.2018,,
"Dec 13, 2024, 1:54:57 AM",Interest PAID GBP Class R IE0002RUHW32,0.1051,0.1263,1.2018,,
"Dec 12, 2024, 1:59:26 AM",Service Fee Charged GBP Class IE0002RUHW32,-0.0051,-0.0062,1.2104,,
"Dec 12, 2024, 1:59:26 AM",Interest PAID GBP Class R IE0002RUHW32,0.0951,0.1151,1.2104,,
"Dec 11, 2024, 1:59:04 AM",Service Fee Charged GBP Class IE0002RUHW32,-0.0051,-0.0062,1.2151,,
"Dec 11, 2024, 1:59:04 AM",Interest PAID GBP Class R IE0002RUHW32,0.1051,0.1277,1.2151,,
"Dec 10, 2024, 2:06:17 AM",Service Fee Charged GBP Class IE0002RUHW32,-0.0051,-0.0062,1.2135,,
"Dec 10, 2024, 2:06:17 AM",Interest PAID GBP Class R IE0002RUHW32,0.0951,0.1154,1.2135,,
"Dec 9, 2024, 2:17:37 AM",Service Fee Charged GBP Class IE0002RUHW32,-0.0051,-0.0061,1.2079,,
"Dec 9, 2024, 2:17:37 AM",Interest PAID GBP Class R IE0002RUHW32,0.0951,0.1149,1.2079,,
"Dec 8, 2024, 2:16:31 AM",Service Fee Charged GBP Class IE0002RUHW32,-0.0051,-0.0061,1.2066,,
"Dec 8, 2024, 2:16:31 AM",Interest PAID GBP Class R IE0002RUHW32,0.1051,0.1268,1.2066,,
"Dec 7, 2024, 2:19:02 AM",Service Fee Charged GBP Class IE0002RUHW32,-0.0051,-0.0061,1.2057,,
"Dec 7, 2024, 2:19:02 AM",Interest PAID GBP Class R IE0002RUHW32,0.0951,0.1147,1.2057,,
"Dec 6, 2024, 2:17:49 AM",Service Fee Charged GBP Class IE0002RUHW32,-0.0051,-0.0061,1.2057,,
"Dec 6, 2024, 2:17:49 AM",Interest PAID GBP Class R IE0002RUHW32,0.1051,0.1267,1.2057,,
"Dec 5, 2024, 2:19:06 AM",Service Fee Charged GBP Class IE0002RUHW32,-0.0051,-0.0061,1.2053,,
"Dec 5, 2024, 2:19:06 AM",Interest PAID GBP Class R IE0002RUHW32,0.0951,0.1146,1.2053,,
"Dec 4, 2024, 1:38:12 AM",Service Fee Charged GBP Class IE0002RUHW32,-0.0051,-0.0062,1.2082,,
"Dec 4, 2024, 1:38:12 AM",Interest PAID GBP Class R IE0002RUHW32,0.0951,0.1149,1.2082,,
"Dec 3, 2024, 1:07:37 PM",BUY GBP Class R IE0002RUHW32,2.85,3.44,1.2059,1.00,2.85
"Dec 3, 2024, 1:59:54 AM",Service Fee Charged GBP Class IE0002RUHW32,-0.0051,-0.0061,1.2059,,
"Dec 3, 2024, 1:59:54 AM",Interest PAID GBP Class R IE0002RUHW32,0.1051,0.1267,1.2059,,
"Dec 2, 2024, 2:06:48 PM",Interest Reinvested Class R GBP IE0002RUHW32,-2.85,-3.44,1.2055,,
"Dec 2, 2024, 2:23:49 AM",Service Fee Charged GBP Class IE0002RUHW32,-0.0051,-0.0061,1.2055,,
"Dec 2, 2024, 2:23:49 AM",Interest PAID GBP Class R IE0002RUHW32,0.0951,0.1146,1.2055,,
"Dec 1, 2024, 2:14:30 AM",Service Fee Charged GBP Class IE0002RUHW32,-0.0051,-0.0061,1.2046,,
"Dec 1, 2024, 2:14:30 AM",Interest PAID GBP Class R IE0002RUHW32,0.1051,0.1266,1.2046,,
"Nov 30, 2024, 2:33:29 AM",Service Fee Charged GBP Class IE0002RUHW32,-0.0051,-0.0061,1.2040,,
"Nov 30, 2024, 2:33:29 AM",Interest PAID GBP Class R IE0002RUHW32,0.0951,0.1145,1.2040,,
"Nov 29, 2024, 2:38:54 AM",Service Fee Charged GBP Class IE0002RUHW32,-0.0051,-0.0061,1.2041,,
"Nov 29, 2024, 2:38:54 AM",Interest PAID GBP Class R IE0002RUHW32,0.0951,0.1145,1.2041,,
"Nov 28, 2024, 2:43:26 AM",Service Fee Charged GBP Class IE0002RUHW32,-0.0051,-0.0061,1.2022,,
"Nov 28, 2024, 2:43:26 AM",Interest PAID GBP Class R IE0002RUHW32,0.1051,0.1264,1.2022,,
"Nov 27, 2024, 2:35:46 AM",Service Fee Charged GBP Class IE0002RUHW32,-0.0051,-0.0061,1.2003,,
"Nov 27, 2024, 2:35:46 AM",Interest PAID GBP Class R IE0002RUHW32,0.0951,0.1141,1.2003,,
"Nov 26, 2024, 2:29:07 AM",Service Fee Charged GBP Class IE0002RUHW32,-0.0051,-0.0061,1.1984,,
"Nov 26, 2024, 2:29:07 AM",Interest PAID GBP Class R IE0002RUHW32,0.1051,0.1260,1.1984,,
"Nov 25, 2024, 2:32:53 AM",Service Fee Charged GBP Class IE0002RUHW32,-0.0051,-0.0061,1.1999,,
"Nov 25, 2024, 2:32:53 AM",Interest PAID GBP Class R IE0002RUHW32,0.0951,0.1141,1.1999,,
"Nov 24, 2024, 2:27:26 AM",Service Fee Charged GBP Class IE0002RUHW32,-0.0051,-0.0061,1.2017,,
"Nov 24, 2024, 2:27:26 AM",Interest PAID GBP Class R IE0002RUHW32,0.0951,0.1143,1.2017,,
"Nov 23, 2024, 2:34:01 AM",Service Fee Charged GBP Class IE0002RUHW32,-0.0051,-0.0061,1.2030,,
"Nov 23, 2024, 2:34:01 AM",Interest PAID GBP Class R IE0002RUHW32,0.1051,0.1264,1.2030,,
"Nov 22, 2024, 2:15:22 AM",Service Fee Charged GBP Class IE0002RUHW32,-0.0051,-0.0061,1.2030,,
"Nov 22, 2024, 2:15:22 AM",Interest PAID GBP Class R IE0002RUHW32,0.0951,0.1144,1.2030,,
"Nov 21, 2024, 2:26:42 AM",Service Fee Charged GBP Class IE0002RUHW32,-0.0051,-0.0061,1.2021,,
"Nov 21, 2024, 2:26:42 AM",Interest PAID GBP Class R IE0002RUHW32,0.1051,0.1263,1.2021,,
"Nov 20, 2024, 2:23:02 AM",Service Fee Charged GBP Class IE0002RUHW32,-0.0051,-0.0061,1.2001,,
"Nov 20, 2024, 2:23:02 AM",Interest PAID GBP Class R IE0002RUHW32,0.0951,0.1141,1.2001,,
"Nov 19, 2024, 2:26:37 AM",Service Fee Charged GBP Class IE0002RUHW32,-0.0051,-0.0061,1.1967,,
"Nov 19, 2024, 2:26:37 AM",Interest PAID GBP Class R IE0002RUHW32,0.0951,0.1138,1.1967,,
"Nov 18, 2024, 2:46:51 AM",Service Fee Charged GBP Class IE0002RUHW32,-0.0051,-0.0061,1.1967,,
"Nov 18, 2024, 2:46:51 AM",Interest PAID GBP Class R IE0002RUHW32,0.1051,0.1258,1.1967,,
"Nov 17, 2024, 2:42:39 AM",Service Fee Charged GBP Class IE0002RUHW32,-0.0051,-0.0061,1.1977,,
"Nov 17, 2024, 2:42:39 AM",Interest PAID GBP Class R IE0002RUHW32,0.0951,0.1139,1.1977,,
"Nov 16, 2024, 2:01:47 AM",Service Fee Charged GBP Class IE0002RUHW32,-0.0051,-0.0061,1.1972,,
"Nov 16, 2024, 2:01:47 AM",Interest PAID GBP Class R IE0002RUHW32,0.1051,0.1258,1.1972,,
"Nov 15, 2024, 3:04:24 AM",Service Fee Charged GBP Class IE0002RUHW32,-0.0051,-0.0061,1.1972,,
"Nov 15, 2024, 3:04:24 AM",Interest PAID GBP Class R IE0002RUHW32,0.0951,0.1139,1.1972,,
"Nov 14, 2024, 3:01:08 AM",Service Fee Charged GBP Class IE0002RUHW32,-0.0051,-0.0061,1.2030,,
"Nov 14, 2024, 3:01:08 AM",Interest PAID GBP Class R IE0002RUHW32,0.1051,0.1264,1.2030,,
"Nov 13, 2024, 2:22:00 AM",Service Fee Charged GBP Class IE0002RUHW32,-0.0051,-0.0061,1.2027,,
"Nov 13, 2024, 2:22:00 AM",Interest PAID GBP Class R IE0002RUHW32,0.0951,0.1144,1.2027,,
"Nov 12, 2024, 3:22:43 AM",Service Fee Charged GBP Class IE0002RUHW32,-0.0051,-0.0061,1.1997,,
"Nov 12, 2024, 3:22:43 AM",Interest PAID GBP Class R IE0002RUHW32,0.1051,0.1261,1.1997,,
"Nov 11, 2024, 3:35:46 AM",Service Fee Charged GBP Class IE0002RUHW32,-0.0051,-0.0061,1.2073,,
"Nov 11, 2024, 3:35:46 AM",Interest PAID GBP Class R IE0002RUHW32,0.0951,0.1148,1.2073,,
"Nov 10, 2024, 2:51:31 AM",Service Fee Charged GBP Class IE0002RUHW32,-0.0051,-0.0061,1.2056,,
"Nov 10, 2024, 2:51:31 AM",Interest PAID GBP Class R IE0002RUHW32,0.1051,0.1267,1.2056,,
"Nov 9, 2024, 1:27:16 AM",Service Fee Charged GBP Class IE0002RUHW32,-0.0051,-0.0061,1.2054,,
"Nov 9, 2024, 1:27:16 AM",Interest PAID GBP Class R IE0002RUHW32,0.0951,0.1146,1.2054,,
"Nov 8, 2024, 1:32:20 AM",Service Fee Charged GBP Class IE0002RUHW32,-0.0051,-0.0061,1.2054,,
"Nov 8, 2024, 1:32:20 AM",Interest PAID GBP Class R IE0002RUHW32,0.1051,0.1267,1.2054,,
"Nov 7, 2024, 1:05:47 AM",Service Fee Charged GBP Class IE0002RUHW32,-0.0051,-0.0061,1.2026,,
"Nov 7, 2024, 1:05:47 AM",Interest PAID GBP Class R IE0002RUHW32,0.0951,0.1144,1.2026,,
"Nov 6, 2024, 2:11:57 AM",Service Fee Charged GBP Class IE0002RUHW32,-0.0051,-0.0061,1.2004,,
"Nov 6, 2024, 2:11:57 AM",Interest PAID GBP Class R IE0002RUHW32,0.1051,0.1262,1.2004,,
"Nov 5, 2024, 1:09:29 AM",Service Fee Charged GBP Class IE0002RUHW32,-0.0051,-0.0060,1.1929,,
"Nov 5, 2024, 1:09:29 AM",Interest PAID GBP Class R IE0002RUHW32,0.1051,0.1254,1.1929,,
"Nov 4, 2024, 12:44:47 PM",BUY GBP Class R IE0002RUHW32,3,3.57,1.1913,1.00,3
"Nov 4, 2024, 2:06:55 AM",Service Fee Charged GBP Class IE0002RUHW32,-0.0051,-0.0060,1.1913,,
"Nov 4, 2024, 2:06:55 AM",Interest PAID GBP Class R IE0002RUHW32,0.0951,0.1133,1.1913,,
"Nov 3, 2024, 2:07:08 AM",Service Fee Charged GBP Class IE0002RUHW32,-0.0051,-0.0060,1.1913,,
"Nov 3, 2024, 2:07:08 AM",Interest PAID GBP Class R IE0002RUHW32,0.1051,0.1252,1.1913,,
"Nov 2, 2024, 1:07:21 AM",Service Fee Charged GBP Class IE0002RUHW32,-0.0051,-0.0060,1.1922,,
"Nov 2, 2024, 1:07:21 AM",Interest PAID GBP Class R IE0002RUHW32,0.1051,0.1253,1.1922,,
"Nov 1, 2024, 6:56:50 PM",Interest Reinvested Class R GBP IE0002RUHW32,-3,-3.58,1.1922,,
"Nov 1, 2024, 2:27:38 AM",Service Fee Charged GBP Class IE0002RUHW32,-0.0051,-0.0060,1.1922,,
"Nov 1, 2024, 2:27:38 AM",Interest PAID GBP Class R IE0002RUHW32,0.0951,0.1134,1.1922,,
"Oct 31, 2024, 1:14:54 AM",Service Fee Charged GBP Class IE0002RUHW32,-0.0051,-0.0060,1.1850,,
"Oct 31, 2024, 1:14:54 AM",Interest PAID GBP Class R IE0002RUHW32,0.1051,0.1245,1.1850,,
"Oct 30, 2024, 1:01:36 AM",Service Fee Charged GBP Class IE0002RUHW32,-0.0051,-0.0060,1.1934,,
"Oct 30, 2024, 1:01:36 AM",Interest PAID GBP Class R IE0002RUHW32,0.1051,0.1254,1.1934,,
"Oct 29, 2024, 1:25:41 AM",Service Fee Charged GBP Class IE0002RUHW32,-0.0051,-0.0061,1.2025,,
"Oct 29, 2024, 1:25:41 AM",Interest PAID GBP Class R IE0002RUHW32,0.0951,0.1144,1.2025,,
"Oct 28, 2024, 2:19:26 AM",Service Fee Charged GBP Class IE0002RUHW32,-0.0051,-0.0061,1.1994,,
"Oct 28, 2024, 2:19:26 AM",Interest PAID GBP Class R IE0002RUHW32,0.1051,0.1261,1.1994,,
"Oct 27, 2024, 2:04:07 AM",Service Fee Charged GBP Class IE0002RUHW32,-0.0051,-0.0061,1.2002,,
"Oct 27, 2024, 2:04:07 AM",Interest PAID GBP Class R IE0002RUHW32,0.1051,0.1261,1.2002,,
"Oct 26, 2024, 3:06:41 AM",Service Fee Charged GBP Class IE0002RUHW32,-0.0051,-0.0061,1.2012,,
"Oct 26, 2024, 3:06:41 AM",Interest PAID GBP Class R IE0002RUHW32,0.0951,0.1142,1.2012,,
"Oct 25, 2024, 3:07:26 AM",Service Fee Charged GBP Class IE0002RUHW32,-0.0051,-0.0061,1.2012,,
"Oct 25, 2024, 3:07:26 AM",Interest PAID GBP Class R IE0002RUHW32,0.1051,0.1262,1.2012,,
"Oct 24, 2024, 2:24:14 AM",Service Fee Charged GBP Class IE0002RUHW32,-0.0051,-0.0061,1.1984,,
"Oct 24, 2024, 2:24:14 AM",Interest PAID GBP Class R IE0002RUHW32,0.1051,0.1260,1.1984,,
"Oct 23, 2024, 2:55:14 AM",Service Fee Charged GBP Class IE0002RUHW32,-0.0051,-0.0061,1.1981,,
"Oct 23, 2024, 2:55:14 AM",Interest PAID GBP Class R IE0002RUHW32,0.0951,0.1139,1.1981,,
"Oct 22, 2024, 2:14:55 AM",Service Fee Charged GBP Class IE0002RUHW32,-0.0051,-0.0061,1.2023,,
"Oct 22, 2024, 2:14:55 AM",Interest PAID GBP Class R IE0002RUHW32,0.1051,0.1264,1.2023,,
"Oct 21, 2024, 3:15:33 AM",Service Fee Charged GBP Class IE0002RUHW32,-0.0051,-0.0061,1.2004,,
"Oct 21, 2024, 3:15:33 AM",Interest PAID GBP Class R IE0002RUHW32,0.1051,0.1262,1.2004,,
"Oct 20, 2024, 3:06:09 AM",Service Fee Charged GBP Class IE0002RUHW32,-0.0051,-0.0061,1.2009,,
"Oct 20, 2024, 3:06:09 AM",Interest PAID GBP Class R IE0002RUHW32,0.0951,0.1142,1.2009,,
"Oct 19, 2024, 3:04:45 AM",Service Fee Charged GBP Class IE0002RUHW32,-0.0051,-0.0061,1.2011,,
"Oct 19, 2024, 3:04:45 AM",Interest PAID GBP Class R IE0002RUHW32,0.1051,0.1262,1.2011,,
"Oct 18, 2024, 3:21:05 AM",Service Fee Charged GBP Class IE0002RUHW32,-0.0051,-0.0061,1.2011,,
"Oct 18, 2024, 3:21:05 AM",Interest PAID GBP Class R IE0002RUHW32,0.1051,0.1262,1.2011,,
"Oct 17, 2024, 2:21:16 AM",Service Fee Charged GBP Class IE0002RUHW32,-0.0051,-0.0061,1.2018,,
"Oct 17, 2024, 2:21:16 AM",Interest PAID GBP Class R IE0002RUHW32,0.1051,0.1263,1.2018,,
"Oct 16, 2024, 2:54:42 AM",Service Fee Charged GBP Class IE0002RUHW32,-0.0051,-0.0060,1.1964,,
"Oct 16, 2024, 2:54:42 AM",Interest PAID GBP Class R IE0002RUHW32,0.0951,0.1138,1.1964,,
"Oct 15, 2024, 3:21:07 AM",Service Fee Charged GBP Class IE0002RUHW32,-0.0051,-0.0061,1.2005,,
"Oct 15, 2024, 3:21:07 AM",Interest PAID GBP Class R IE0002RUHW32,0.1051,0.1262,1.2005,,
"Oct 14, 2024, 2:24:35 AM",Service Fee Charged GBP Class IE0002RUHW32,-0.0051,-0.0060,1.1978,,
"Oct 14, 2024, 2:24:35 AM",Interest PAID GBP Class R IE0002RUHW32,0.1051,0.1259,1.1978,,
"Oct 13, 2024, 2:50:56 AM",Service Fee Charged GBP Class IE0002RUHW32,-0.0051,-0.0060,1.1946,,
"Oct 13, 2024, 2:50:56 AM",Interest PAID GBP Class R IE0002RUHW32,0.0951,0.1136,1.1946,,
"Oct 12, 2024, 3:20:29 AM",Service Fee Charged GBP Class IE0002RUHW32,-0.0051,-0.0060,1.1948,,
"Oct 12, 2024, 3:20:29 AM",Interest PAID GBP Class R IE0002RUHW32,0.1051,0.1256,1.1948,,
"Oct 11, 2024, 2:18:45 AM",Service Fee Charged GBP Class IE0002RUHW32,-0.0051,-0.0060,1.1948,,
"Oct 11, 2024, 2:18:45 AM",Interest PAID GBP Class R IE0002RUHW32,0.1051,0.1256,1.1948,,
"Oct 10, 2024, 2:00:30 AM",Service Fee Charged GBP Class IE0002RUHW32,-0.0051,-0.0060,1.1946,,
"Oct 10, 2024, 2:00:30 AM",Interest PAID GBP Class R IE0002RUHW32,0.0951,0.1136,1.1946,,
"Oct 9, 2024, 2:20:10 AM",Service Fee Charged GBP Class IE0002RUHW32,-0.0051,-0.0060,1.1942,,
"Oct 9, 2024, 2:20:10 AM",Interest PAID GBP Class R IE0002RUHW32,0.1051,0.1255,1.1942,,
"Oct 8, 2024, 3:09:54 AM",Service Fee Charged GBP Class IE0002RUHW32,-0.0051,-0.0060,1.1929,,
"Oct 8, 2024, 3:09:54 AM",Interest PAID GBP Class R IE0002RUHW32,0.1051,0.1254,1.1929,,
"Oct 7, 2024, 3:27:11 AM",Service Fee Charged GBP Class IE0002RUHW32,-0.0051,-0.0060,1.1923,,
"Oct 7, 2024, 3:27:11 AM",Interest PAID GBP Class R IE0002RUHW32,0.1051,0.1253,1.1923,,
"Oct 6, 2024, 2:18:57 AM",Service Fee Charged GBP Class IE0002RUHW32,-0.0051,-0.0060,1.1962,,
"Oct 6, 2024, 2:18:57 AM",Interest PAID GBP Class R IE0002RUHW32,0.0951,0.1138,1.1962,,
"Oct 5, 2024, 3:03:44 AM",Service Fee Charged GBP Class IE0002RUHW32,-0.0051,-0.0060,1.1959,,
"Oct 5, 2024, 3:03:44 AM",Interest PAID GBP Class R IE0002RUHW32,0.1051,0.1257,1.1959,,
"Oct 4, 2024, 3:31:55 AM",Service Fee Charged GBP Class IE0002RUHW32,-0.0051,-0.0060,1.1959,,
"Oct 4, 2024, 3:31:55 AM",Interest PAID GBP Class R IE0002RUHW32,0.1051,0.1257,1.1959,,
"Oct 3, 2024, 2:30:23 AM",Service Fee Charged GBP Class IE0002RUHW32,-0.0051,-0.0060,1.1897,,
"Oct 3, 2024, 2:30:23 AM",Interest PAID GBP Class R IE0002RUHW32,0.1051,0.1250,1.1897,,
"Oct 2, 2024, 12:43:29 PM",BUY GBP Class R IE0002RUHW32,2.93,3.52,1.2007,1.00,2.93
"Oct 2, 2024, 2:49:58 AM",Service Fee Charged GBP Class IE0002RUHW32,-0.0050,-0.0060,1.2007,,
"Oct 2, 2024, 2:49:58 AM",Interest PAID GBP Class R IE0002RUHW32,0.0950,0.1141,1.2007,,
"Oct 1, 2024, 12:37:02 PM",Interest Reinvested Class R GBP IE0002RUHW32,-2.93,-3.52,1.1997,,
"Oct 1, 2024, 2:53:53 AM",Service Fee Charged GBP Class IE0002RUHW32,-0.0050,-0.0060,1.1997,,
"Oct 1, 2024, 2:53:53 AM",Interest PAID GBP Class R IE0002RUHW32,0.1050,0.1260,1.1997,,
"Sep 30, 2024, 3:14:22 AM",Service Fee Charged GBP Class IE0002RUHW32,-0.0050,-0.0060,1.2012,,
"Sep 30, 2024, 3:14:22 AM",Interest PAID GBP Class R IE0002RUHW32,0.1050,0.1261,1.2012,,
"Sep 29, 2024, 2:24:47 AM",Service Fee Charged GBP Class IE0002RUHW32,-0.0050,-0.0060,1.1982,,
"Sep 29, 2024, 2:24:47 AM",Interest PAID GBP Class R IE0002RUHW32,0.0950,0.1138,1.1982,,
"Sep 28, 2024, 2:39:53 AM",Service Fee Charged GBP Class IE0002RUHW32,-0.0050,-0.0060,1.1980,,
"Sep 28, 2024, 2:39:53 AM",Interest PAID GBP Class R IE0002RUHW32,0.1050,0.1258,1.1980,,
"Sep 27, 2024, 2:58:28 AM",Service Fee Charged GBP Class IE0002RUHW32,-0.0050,-0.0060,1.1980,,
"Sep 27, 2024, 2:58:28 AM",Interest PAID GBP Class R IE0002RUHW32,0.1050,0.1258,1.1980,,
"Sep 26, 2024, 2:10:58 AM",Service Fee Charged GBP Class IE0002RUHW32,-0.0050,-0.0060,1.1999,,
"Sep 26, 2024, 2:10:58 AM",Interest PAID GBP Class R IE0002RUHW32,0.1050,0.1260,1.1999,,
"Sep 25, 2024, 3:04:47 AM",Service Fee Charged GBP Class IE0002RUHW32,-0.0050,-0.0060,1.1962,,
"Sep 25, 2024, 3:04:47 AM",Interest PAID GBP Class R IE0002RUHW32,0.0950,0.1136,1.1962,,
"Sep 24, 2024, 2:11:07 AM",Service Fee Charged GBP Class IE0002RUHW32,-0.0050,-0.0060,1.1998,,
"Sep 24, 2024, 2:11:07 AM",Interest PAID GBP Class R IE0002RUHW32,0.1050,0.1260,1.1998,,
"Sep 23, 2024, 2:34:18 AM",Service Fee Charged GBP Class IE0002RUHW32,-0.0050,-0.0060,1.2014,,
"Sep 23, 2024, 2:34:18 AM",Interest PAID GBP Class R IE0002RUHW32,0.1050,0.1261,1.2014,,
"Sep 22, 2024, 2:45:40 AM",Service Fee Charged GBP Class IE0002RUHW32,-0.0050,-0.0060,1.1929,,
"Sep 22, 2024, 2:45:40 AM",Interest PAID GBP Class R IE0002RUHW32,0.1050,0.1253,1.1929,,
"Sep 21, 2024, 3:11:22 AM",Service Fee Charged GBP Class IE0002RUHW32,-0.0050,-0.0060,1.1933,,
"Sep 21, 2024, 3:11:22 AM",Interest PAID GBP Class R IE0002RUHW32,0.0950,0.1134,1.1933,,
"Sep 20, 2024, 2:18:06 AM",Service Fee Charged GBP Class IE0002RUHW32,-0.0050,-0.0060,1.1933,,
"Sep 20, 2024, 2:18:06 AM",Interest PAID GBP Class R IE0002RUHW32,0.1050,0.1253,1.1933,,
"Sep 19, 2024, 3:02:25 AM",Service Fee Charged GBP Class IE0002RUHW32,-0.0050,-0.0060,1.1901,,
"Sep 19, 2024, 3:02:25 AM",Interest PAID GBP Class R IE0002RUHW32,0.1050,0.1250,1.1901,,
"Sep 18, 2024, 2:14:04 AM",Service Fee Charged GBP Class IE0002RUHW32,-0.0050,-0.0060,1.1880,,
"Sep 18, 2024, 2:14:04 AM",Interest PAID GBP Class R IE0002RUHW32,0.1050,0.1247,1.1880,,
"Sep 17, 2024, 2:33:54 AM",Service Fee Charged GBP Class IE0002RUHW32,-0.0050,-0.0060,1.1839,,
"Sep 17, 2024, 2:33:54 AM",Interest PAID GBP Class R IE0002RUHW32,0.0950,0.1125,1.1839,,
"Sep 16, 2024, 3:02:01 AM",Service Fee Charged GBP Class IE0002RUHW32,-0.0050,-0.0060,1.1870,,
"Sep 16, 2024, 3:02:01 AM",Interest PAID GBP Class R IE0002RUHW32,0.1050,0.1246,1.1870,,
"Sep 15, 2024, 3:00:19 AM",Service Fee Charged GBP Class IE0002RUHW32,-0.0050,-0.0060,1.1847,,
"Sep 15, 2024, 3:00:19 AM",Interest PAID GBP Class R IE0002RUHW32,0.1050,0.1244,1.1847,,
"Sep 14, 2024, 2:15:48 AM",Service Fee Charged GBP Class IE0002RUHW32,-0.0050,-0.0060,1.1850,,
"Sep 14, 2024, 2:15:48 AM",Interest PAID GBP Class R IE0002RUHW32,0.1050,0.1244,1.1850,,
"Sep 13, 2024, 2:32:46 AM",Service Fee Charged GBP Class IE0002RUHW32,-0.0050,-0.0060,1.1850,,
"Sep 13, 2024, 2:32:46 AM",Interest PAID GBP Class R IE0002RUHW32,0.0950,0.1126,1.1850,,
"Sep 12, 2024, 3:05:36 AM",Service Fee Charged GBP Class IE0002RUHW32,-0.0050,-0.0060,1.1854,,
"Sep 12, 2024, 3:05:36 AM",Interest PAID GBP Class R IE0002RUHW32,0.1050,0.1245,1.1854,,
"Sep 11, 2024, 3:06:58 AM",Service Fee Charged GBP Class IE0002RUHW32,-0.0050,-0.0060,1.1842,,
"Sep 11, 2024, 3:06:58 AM",Interest PAID GBP Class R IE0002RUHW32,0.1050,0.1243,1.1842,,
"Sep 10, 2024, 2:18:54 AM",Service Fee Charged GBP Class IE0002RUHW32,-0.0050,-0.0060,1.1869,,
"Sep 10, 2024, 2:18:54 AM",Interest PAID GBP Class R IE0002RUHW32,0.1050,0.1246,1.1869,,
"Sep 9, 2024, 2:39:29 AM",Service Fee Charged GBP Class IE0002RUHW32,-0.0050,-0.0060,1.1845,,
"Sep 9, 2024, 2:39:29 AM",Interest PAID GBP Class R IE0002RUHW32,0.1050,0.1244,1.1845,,
"Sep 8, 2024, 3:02:09 AM",Service Fee Charged GBP Class IE0002RUHW32,-0.0050,-0.0060,1.1844,,
"Sep 8, 2024, 3:02:09 AM",Interest PAID GBP Class R IE0002RUHW32,0.0950,0.1125,1.1844,,
"Sep 7, 2024, 2:12:42 AM",Service Fee Charged GBP Class IE0002RUHW32,-0.0050,-0.0060,1.1845,,
"Sep 7, 2024, 2:12:42 AM",Interest PAID GBP Class R IE0002RUHW32,0.1050,0.1244,1.1845,,
"Sep 6, 2024, 2:50:02 AM",Service Fee Charged GBP Class IE0002RUHW32,-0.0050,-0.0060,1.1845,,
"Sep 6, 2024, 2:50:02 AM",Interest PAID GBP Class R IE0002RUHW32,0.1050,0.1244,1.1845,,
"Sep 5, 2024, 3:08:49 AM",Service Fee Charged GBP Class IE0002RUHW32,-0.0050,-0.0060,1.1859,,
"Sep 5, 2024, 3:08:49 AM",Interest PAID GBP Class R IE0002RUHW32,0.1050,0.1245,1.1859,,
"Sep 4, 2024, 3:05:16 AM",Service Fee Charged GBP Class IE0002RUHW32,-0.0050,-0.0060,1.1863,,
"Sep 4, 2024, 3:05:16 AM",Interest PAID GBP Class R IE0002RUHW32,0.1050,0.1246,1.1863,,
"Sep 3, 2024, 12:37:34 PM",BUY GBP Class R IE0002RUHW32,3.04,3.61,1.1868,1.00,3.04
"Sep 3, 2024, 2:09:09 AM",Service Fee Charged GBP Class IE0002RUHW32,-0.0050,-0.0059,1.1868,,
"Sep 3, 2024, 2:09:09 AM",Interest PAID GBP Class R IE0002RUHW32,0.0950,0.1128,1.1868,,
"Sep 2, 2024, 3:54:06 PM",Interest Reinvested Class R GBP IE0002RUHW32,-3.04,-3.61,1.1873,,
"Sep 2, 2024, 2:39:05 AM",Service Fee Charged GBP Class IE0002RUHW32,-0.0050,-0.0059,1.1873,,
"Sep 2, 2024, 2:39:05 AM",Interest PAID GBP Class R IE0002RUHW32,0.1050,0.1247,1.1873,,
"Sep 1, 2024, 2:48:38 AM",Service Fee Charged GBP Class IE0002RUHW32,-0.0050,-0.0060,1.1888,,
"Sep 1, 2024, 2:48:38 AM",Interest PAID GBP Class R IE0002RUHW32,0.1050,0.1248,1.1888,,
"Aug 31, 2024, 2:51:49 AM",Service Fee Charged GBP Class IE0002RUHW32,-0.0050,-0.0060,1.1883,,
"Aug 31, 2024, 2:51:49 AM",Interest PAID GBP Class R IE0002RUHW32,0.1050,0.1248,1.1883,,
"Aug 30, 2024, 2:53:22 AM",Service Fee Charged GBP Class IE0002RUHW32,-0.0050,-0.0060,1.1883,,
"Aug 30, 2024, 2:53:22 AM",Interest PAID GBP Class R IE0002RUHW32,0.0950,0.1129,1.1883,,
"Aug 29, 2024, 3:06:09 AM",Service Fee Charged GBP Class IE0002RUHW32,-0.0050,-0.0060,1.1882,,
"Aug 29, 2024, 3:06:09 AM",Interest PAID GBP Class R IE0002RUHW32,0.1050,0.1248,1.1882,,
"Aug 28, 2024, 3:02:59 AM",Service Fee Charged GBP Class IE0002RUHW32,-0.0050,-0.0059,1.1859,,
"Aug 28, 2024, 3:02:59 AM",Interest PAID GBP Class R IE0002RUHW32,0.1050,0.1245,1.1859,,
"Aug 27, 2024, 2:13:03 AM",Service Fee Charged GBP Class IE0002RUHW32,-0.0050,-0.0059,1.1859,,
"Aug 27, 2024, 2:13:03 AM",Interest PAID GBP Class R IE0002RUHW32,0.1050,0.1245,1.1859,,
"Aug 26, 2024, 2:33:57 AM",Service Fee Charged GBP Class IE0002RUHW32,-0.0050,-0.0059,1.1815,,
"Aug 26, 2024, 2:33:57 AM",Interest PAID GBP Class R IE0002RUHW32,0.1050,0.1241,1.1815,,
"Aug 25, 2024, 2:53:27 AM",Service Fee Charged GBP Class IE0002RUHW32,-0.0050,-0.0059,1.1809,,
"Aug 25, 2024, 2:53:27 AM",Interest PAID GBP Class R IE0002RUHW32,0.0950,0.1122,1.1809,,
"Aug 24, 2024, 2:45:31 AM",Service Fee Charged GBP Class IE0002RUHW32,-0.0050,-0.0059,1.1803,,
"Aug 24, 2024, 2:45:31 AM",Interest PAID GBP Class R IE0002RUHW32,0.1050,0.1239,1.1803,,
"Aug 23, 2024, 2:05:45 AM",Service Fee Charged GBP Class IE0002RUHW32,-0.0050,-0.0059,1.1803,,
"Aug 23, 2024, 2:05:45 AM",Interest PAID GBP Class R IE0002RUHW32,0.1050,0.1239,1.1803,,
"Aug 22, 2024, 2:05:06 AM",Service Fee Charged GBP Class IE0002RUHW32,-0.0050,-0.0059,1.1782,,
"Aug 22, 2024, 2:05:06 AM",Interest PAID GBP Class R IE0002RUHW32,0.1050,0.1237,1.1782,,
"Aug 21, 2024, 2:27:52 AM",Service Fee Charged GBP Class IE0002RUHW32,-0.0050,-0.0059,1.1737,,
"Aug 21, 2024, 2:27:52 AM",Interest PAID GBP Class R IE0002RUHW32,0.0950,0.1115,1.1737,,
"Aug 20, 2024, 2:45:45 AM",Service Fee Charged GBP Class IE0002RUHW32,-0.0050,-0.0059,1.1713,,
"Aug 20, 2024, 2:45:45 AM",Interest PAID GBP Class R IE0002RUHW32,0.1050,0.1230,1.1713,,
"Aug 19, 2024, 3:10:43 AM",Service Fee Charged GBP Class IE0002RUHW32,-0.0050,-0.0059,1.1717,,
"Aug 19, 2024, 3:10:43 AM",Interest PAID GBP Class R IE0002RUHW32,0.1050,0.1230,1.1717,,
"Aug 18, 2024, 3:08:07 AM",Service Fee Charged GBP Class IE0002RUHW32,-0.0050,-0.0059,1.1743,,
"Aug 18, 2024, 3:08:07 AM",Interest PAID GBP Class R IE0002RUHW32,0.1050,0.1233,1.1743,,
"Aug 17, 2024, 2:17:10 AM",Service Fee Charged GBP Class IE0002RUHW32,-0.0050,-0.0059,1.1741,,
"Aug 17, 2024, 2:17:10 AM",Interest PAID GBP Class R IE0002RUHW32,0.0950,0.1115,1.1741,,
"Aug 16, 2024, 2:40:05 AM",Service Fee Charged GBP Class IE0002RUHW32,-0.0050,-0.0059,1.1741,,
"Aug 16, 2024, 2:40:05 AM",Interest PAID GBP Class R IE0002RUHW32,0.1050,0.1233,1.1741,,
"Aug 15, 2024, 2:04:09 AM",Service Fee Charged GBP Class IE0002RUHW32,-0.0050,-0.0059,1.1719,,
"Aug 15, 2024, 2:04:09 AM",Interest PAID GBP Class R IE0002RUHW32,0.1050,0.1231,1.1719,,
"Aug 14, 2024, 2:09:58 AM",Service Fee Charged GBP Class IE0002RUHW32,-0.0050,-0.0058,1.1646,,
"Aug 14, 2024, 2:09:58 AM",Interest PAID GBP Class R IE0002RUHW32,0.1050,0.1223,1.1646,,
"Aug 13, 2024, 2:33:21 AM",Service Fee Charged GBP Class IE0002RUHW32,-0.0050,-0.0059,1.1700,,
"Aug 13, 2024, 2:33:21 AM",Interest PAID GBP Class R IE0002RUHW32,0.1050,0.1228,1.1700,,
"Aug 12, 2024, 2:42:58 AM",Service Fee Charged GBP Class IE0002RUHW32,-0.0050,-0.0059,1.1678,,
"Aug 12, 2024, 2:42:58 AM",Interest PAID GBP Class R IE0002RUHW32,0.0950,0.1109,1.1678,,
"Aug 11, 2024, 3:05:06 AM",Service Fee Charged GBP Class IE0002RUHW32,-0.0050,-0.0059,1.1682,,
"Aug 11, 2024, 3:05:06 AM",Interest PAID GBP Class R IE0002RUHW32,0.1050,0.1227,1.1682,,
"Aug 10, 2024, 3:03:37 AM",Service Fee Charged GBP Class IE0002RUHW32,-0.0050,-0.0059,1.1684,,
"Aug 10, 2024, 3:03:37 AM",Interest PAID GBP Class R IE0002RUHW32,0.1050,0.1227,1.1684,,
"Aug 9, 2024, 3:03:21 AM",Service Fee Charged GBP Class IE0002RUHW32,-0.0050,-0.0059,1.1684,,
"Aug 9, 2024, 3:03:21 AM",Interest PAID GBP Class R IE0002RUHW32,0.1050,0.1227,1.1684,,
"Aug 8, 2024, 3:05:05 AM",Service Fee Charged GBP Class IE0002RUHW32,-0.0050,-0.0059,1.1677,,
"Aug 8, 2024, 3:05:05 AM",Interest PAID GBP Class R IE0002RUHW32,0.1050,0.1226,1.1677,,
"Aug 7, 2024, 3:08:06 AM",Service Fee Charged GBP Class IE0002RUHW32,-0.0050,-0.0058,1.1606,,
"Aug 7, 2024, 3:08:06 AM",Interest PAID GBP Class R IE0002RUHW32,0.1050,0.1219,1.1606,,
"Aug 6, 2024, 2:20:49 AM",Service Fee Charged GBP Class IE0002RUHW32,-0.0050,-0.0058,1.1609,,
"Aug 6, 2024, 2:20:49 AM",Interest PAID GBP Class R IE0002RUHW32,0.0950,0.1103,1.1609,,
"Aug 5, 2024, 12:57:08 PM",Service Fee Charged GBP Class IE0002RUHW32,-0.0050,-0.0059,1.1678,,
"Aug 5, 2024, 12:57:08 PM",Interest PAID GBP Class R IE0002RUHW32,0.1050,0.1226,1.1678,,
"Aug 4, 2024, 3:21:00 AM",Service Fee Charged GBP Class IE0002RUHW32,-0.0050,-0.0059,1.1721,,
"Aug 4, 2024, 3:21:00 AM",Interest PAID GBP Class R IE0002RUHW32,0.1050,0.1231,1.1721,,
"Aug 3, 2024, 2:24:15 AM",Service Fee Charged GBP Class IE0002RUHW32,-0.0050,-0.0059,1.1733,,
"Aug 3, 2024, 2:24:15 AM",Interest PAID GBP Class R IE0002RUHW32,0.1050,0.1232,1.1733,,
"Aug 2, 2024, 12:52:29 PM",BUY GBP Class R IE0002RUHW32,3.12,3.66,1.1733,1.00,3.12
"Aug 2, 2024, 3:15:07 AM",Service Fee Charged GBP Class IE0002RUHW32,-0.0050,-0.0059,1.1733,,
"Aug 2, 2024, 3:15:07 AM",Interest PAID GBP Class R IE0002RUHW32,0.1050,0.1232,1.1733,,
"Aug 1, 2024, 12:04:21 PM",Interest Reinvested Class R GBP IE0002RUHW32,-3.12,-3.68,1.1800,,
"Aug 1, 2024, 3:01:48 AM",Service Fee Charged GBP Class IE0002RUHW32,-0.0050,-0.0059,1.1800,,
"Aug 1, 2024, 3:01:48 AM",Interest PAID GBP Class R IE0002RUHW32,0.1050,0.1239,1.1800,,
"Jul 31, 2024, 3:05:32 AM",Service Fee Charged GBP Class IE0002RUHW32,-0.0050,-0.0059,1.1875,,
"Jul 31, 2024, 3:05:32 AM",Interest PAID GBP Class R IE0002RUHW32,0.1050,0.1247,1.1875,,
"Jul 30, 2024, 2:57:47 AM",Service Fee Charged GBP Class IE0002RUHW32,-0.0050,-0.0059,1.1869,,
"Jul 30, 2024, 2:57:47 AM",Interest PAID GBP Class R IE0002RUHW32,0.1050,0.1246,1.1869,,
"Jul 29, 2024, 2:58:10 AM",Service Fee Charged GBP Class IE0002RUHW32,-0.0050,-0.0059,1.1886,,
"Jul 29, 2024, 2:58:10 AM",Interest PAID GBP Class R IE0002RUHW32,0.1050,0.1248,1.1886,,
"Jul 28, 2024, 2:58:07 AM",Service Fee Charged GBP Class IE0002RUHW32,-0.0050,-0.0059,1.1856,,
"Jul 28, 2024, 2:58:07 AM",Interest PAID GBP Class R IE0002RUHW32,0.1050,0.1245,1.1856,,
"Jul 27, 2024, 2:57:33 AM",Service Fee Charged GBP Class IE0002RUHW32,-0.0050,-0.0059,1.1856,,
"Jul 27, 2024, 2:57:33 AM",Interest PAID GBP Class R IE0002RUHW32,0.1050,0.1245,1.1856,,
"Jul 26, 2024, 2:21:08 AM",Service Fee Charged GBP Class IE0002RUHW32,-0.0050,-0.0059,1.1856,,
"Jul 26, 2024, 2:21:08 AM",Interest PAID GBP Class R IE0002RUHW32,0.1050,0.1245,1.1856,,
"Jul 25, 2024, 2:19:18 AM",Service Fee Charged GBP Class IE0002RUHW32,-0.0050,-0.0059,1.1847,,
"Jul 25, 2024, 2:19:18 AM",Interest PAID GBP Class R IE0002RUHW32,0.1050,0.1244,1.1847,,
"Jul 24, 2024, 2:44:38 AM",Service Fee Charged GBP Class IE0002RUHW32,-0.0050,-0.0059,1.1901,,
"Jul 24, 2024, 2:44:38 AM",Interest PAID GBP Class R IE0002RUHW32,0.1050,0.1250,1.1901,,
"Jul 23, 2024, 2:42:43 AM",Service Fee Charged GBP Class IE0002RUHW32,-0.0050,-0.0059,1.1891,,
"Jul 23, 2024, 2:42:43 AM",Interest PAID GBP Class R IE0002RUHW32,0.1150,0.1367,1.1891,,
"Jul 22, 2024, 2:01:26 AM",Service Fee Charged GBP Class IE0002RUHW32,-0.0050,-0.0059,1.1875,,
"Jul 22, 2024, 2:01:26 AM",Interest PAID GBP Class R IE0002RUHW32,0.1050,0.1247,1.1875,,
"Jul 21, 2024, 2:04:36 AM",Service Fee Charged GBP Class IE0002RUHW32,-0.0050,-0.0059,1.1866,,
"Jul 21, 2024, 2:04:36 AM",Interest PAID GBP Class R IE0002RUHW32,0.1050,0.1246,1.1866,,
"Jul 20, 2024, 2:29:51 AM",Service Fee Charged GBP Class IE0002RUHW32,-0.0050,-0.0059,1.1865,,
"Jul 20, 2024, 2:29:51 AM",Interest PAID GBP Class R IE0002RUHW32,0.1050,0.1246,1.1865,,
"Jul 19, 2024, 3:02:29 AM",Service Fee Charged GBP Class IE0002RUHW32,-0.0050,-0.0059,1.1865,,
"Jul 19, 2024, 3:02:29 AM",Interest PAID GBP Class R IE0002RUHW32,0.1050,0.1246,1.1865,,
"Jul 18, 2024, 2:16:19 AM",Service Fee Charged GBP Class IE0002RUHW32,-0.0050,-0.0059,1.1879,,
"Jul 18, 2024, 2:16:19 AM",Interest PAID GBP Class R IE0002RUHW32,0.1050,0.1247,1.1879,,
"Jul 17, 2024, 3:09:55 AM",Service Fee Charged GBP Class IE0002RUHW32,-0.0050,-0.0059,1.1890,,
"Jul 17, 2024, 3:09:55 AM",Interest PAID GBP Class R IE0002RUHW32,0.1050,0.1248,1.1890,,
"Jul 16, 2024, 3:12:15 AM",Service Fee Charged GBP Class IE0002RUHW32,-0.0050,-0.0059,1.1904,,
"Jul 16, 2024, 3:12:15 AM",Interest PAID GBP Class R IE0002RUHW32,0.1050,0.1250,1.1904,,
"Jul 15, 2024, 3:12:11 AM",Service Fee Charged GBP Class IE0002RUHW32,-0.0050,-0.0059,1.1900,,
"Jul 15, 2024, 3:12:11 AM",Interest PAID GBP Class R IE0002RUHW32,0.1050,0.1250,1.1900,,
"Jul 14, 2024, 3:12:00 AM",Service Fee Charged GBP Class IE0002RUHW32,-0.0050,-0.0059,1.1912,,
"Jul 14, 2024, 3:12:00 AM",Interest PAID GBP Class R IE0002RUHW32,0.1050,0.1251,1.1912,,
"Jul 13, 2024, 3:11:49 AM",Service Fee Charged GBP Class IE0002RUHW32,-0.0050,-0.0059,1.1907,,
"Jul 13, 2024, 3:11:49 AM",Interest PAID GBP Class R IE0002RUHW32,0.1050,0.1250,1.1907,,
"Jul 12, 2024, 3:13:04 AM",Service Fee Charged GBP Class IE0002RUHW32,-0.0050,-0.0059,1.1907,,
"Jul 12, 2024, 3:13:04 AM",Interest PAID GBP Class R IE0002RUHW32,0.1050,0.1250,1.1907,,
"Jul 11, 2024, 3:10:32 AM",Service Fee Charged GBP Class IE0002RUHW32,-0.0050,-0.0059,1.1885,,
"Jul 11, 2024, 3:10:32 AM",Interest PAID GBP Class R IE0002RUHW32,0.1050,0.1248,1.1885,,
"Jul 10, 2024, 3:09:59 AM",Service Fee Charged GBP Class IE0002RUHW32,-0.0050,-0.0059,1.1865,,
"Jul 10, 2024, 3:09:59 AM",Interest PAID GBP Class R IE0002RUHW32,0.1050,0.1246,1.1865,,
"Jul 9, 2024, 3:09:14 AM",Service Fee Charged GBP Class IE0002RUHW32,-0.0050,-0.0059,1.1825,,
"Jul 9, 2024, 3:09:14 AM",Interest PAID GBP Class R IE0002RUHW32,0.1150,0.1360,1.1825,,
"Jul 8, 2024, 3:03:47 AM",Service Fee Charged GBP Class IE0002RUHW32,-0.0050,-0.0059,1.1832,,
"Jul 8, 2024, 3:03:47 AM",Interest PAID GBP Class R IE0002RUHW32,0.1050,0.1242,1.1832,,
"Jul 7, 2024, 3:03:03 AM",Service Fee Charged GBP Class IE0002RUHW32,-0.0050,-0.0059,1.1829,,
"Jul 7, 2024, 3:03:03 AM",Interest PAID GBP Class R IE0002RUHW32,0.1050,0.1242,1.1829,,
"Jul 6, 2024, 3:09:01 AM",Service Fee Charged GBP Class IE0002RUHW32,-0.0050,-0.0059,1.1821,,
"Jul 6, 2024, 3:09:01 AM",Interest PAID GBP Class R IE0002RUHW32,0.1050,0.1241,1.1821,,
"Jul 5, 2024, 3:04:54 AM",Service Fee Charged GBP Class IE0002RUHW32,-0.0050,-0.0059,1.1821,,
"Jul 5, 2024, 3:04:54 AM",Interest PAID GBP Class R IE0002RUHW32,0.1050,0.1241,1.1821,,
"Jul 4, 2024, 3:09:13 AM",Service Fee Charged GBP Class IE0002RUHW32,-0.0050,-0.0059,1.1799,,
"Jul 4, 2024, 3:09:13 AM",Interest PAID GBP Class R IE0002RUHW32,0.1050,0.1239,1.1799,,
"Jul 3, 2024, 3:03:42 AM",Service Fee Charged GBP Class IE0002RUHW32,-0.0050,-0.0059,1.1813,,
"Jul 3, 2024, 3:03:42 AM",Interest PAID GBP Class R IE0002RUHW32,0.1050,0.1240,1.1813,,
"Jul 2, 2024, 12:51:04 PM",BUY GBP Class R IE0002RUHW32,2.60,3.07,1.1804,1.00,2.60
"Jul 2, 2024, 3:09:43 AM",Service Fee Charged GBP Class IE0002RUHW32,-0.0050,-0.0059,1.1804,,
"Jul 2, 2024, 3:09:43 AM",Interest PAID GBP Class R IE0002RUHW32,0.1050,0.1239,1.1804,,
"Jul 1, 2024, 6:49:13 PM",Interest Reinvested Class R GBP IE0002RUHW32,-2.60,-3.06,1.1778,,
"Jul 1, 2024, 2:54:50 AM",Service Fee Charged GBP Class IE0002RUHW32,-0.0050,-0.0059,1.1778,,
"Jul 1, 2024, 2:54:50 AM",Interest PAID GBP Class R IE0002RUHW32,0.1050,0.1237,1.1778,,
"Jun 30, 2024, 3:04:04 AM",Service Fee Charged GBP Class IE0002RUHW32,-0.0050,-0.0059,1.1783,,
"Jun 30, 2024, 3:04:04 AM",Interest PAID GBP Class R IE0002RUHW32,0.1050,0.1237,1.1783,,
"Jun 29, 2024, 3:07:56 AM",Service Fee Charged GBP Class IE0002RUHW32,-0.0050,-0.0059,1.1802,,
"Jun 29, 2024, 3:07:56 AM",Interest PAID GBP Class R IE0002RUHW32,0.1050,0.1239,1.1802,,
"Jun 28, 2024, 3:05:39 AM",Service Fee Charged GBP Class IE0002RUHW32,-0.0050,-0.0059,1.1802,,
"Jun 28, 2024, 3:05:39 AM",Interest PAID GBP Class R IE0002RUHW32,0.1050,0.1239,1.1802,,
"Jun 27, 2024, 3:05:12 AM",Service Fee Charged GBP Class IE0002RUHW32,-0.0050,-0.0059,1.1808,,
"Jun 27, 2024, 3:05:12 AM",Interest PAID GBP Class R IE0002RUHW32,0.1050,0.1240,1.1808,,
"Jun 26, 2024, 3:05:25 AM",Service Fee Charged GBP Class IE0002RUHW32,-0.0249,-0.0294,1.1818,,
"Jun 26, 2024, 3:05:25 AM",Interest PAID GBP Class R IE0002RUHW32,0.1049,0.1240,1.1818,,
"Jun 25, 2024, 3:08:08 AM",Service Fee Charged GBP Class IE0002RUHW32,-0.0249,-0.0294,1.1844,,
"Jun 25, 2024, 3:08:08 AM",Interest PAID GBP Class R IE0002RUHW32,0.1049,0.1242,1.1844,,
"Jun 24, 2024, 3:07:19 AM",Service Fee Charged GBP Class IE0002RUHW32,-0.0249,-0.0294,1.1817,,
"Jun 24, 2024, 3:07:19 AM",Interest PAID GBP Class R IE0002RUHW32,0.1049,0.1240,1.1817,,
"Jun 23, 2024, 3:07:51 AM",Service Fee Charged GBP Class IE0002RUHW32,-0.0249,-0.0294,1.1825,,
"Jun 23, 2024, 3:07:51 AM",Interest PAID GBP Class R IE0002RUHW32,0.1049,0.1240,1.1825,,
"Jun 22, 2024, 3:07:20 AM",Service Fee Charged GBP Class IE0002RUHW32,-0.0249,-0.0294,1.1827,,
"Jun 22, 2024, 3:07:20 AM",Interest PAID GBP Class R IE0002RUHW32,0.1049,0.1241,1.1827,,
"Jun 21, 2024, 3:04:25 AM",Service Fee Charged GBP Class IE0002RUHW32,-0.0249,-0.0294,1.1827,,
"Jun 21, 2024, 3:04:25 AM",Interest PAID GBP Class R IE0002RUHW32,0.1049,0.1241,1.1827,,
"Jun 20, 2024, 3:04:00 AM",Service Fee Charged GBP Class IE0002RUHW32,-0.0249,-0.0294,1.1825,,
"Jun 20, 2024, 3:04:00 AM",Interest PAID GBP Class R IE0002RUHW32,0.1049,0.1240,1.1825,,
"Jun 19, 2024, 3:04:34 AM",Service Fee Charged GBP Class IE0002RUHW32,-0.0249,-0.0294,1.1836,,
"Jun 19, 2024, 3:04:34 AM",Interest PAID GBP Class R IE0002RUHW32,0.1149,0.1360,1.1836,,
"Jun 18, 2024, 3:00:19 AM",Service Fee Charged GBP Class IE0002RUHW32,-0.0249,-0.0294,1.1832,,
"Jun 18, 2024, 3:00:19 AM",Interest PAID GBP Class R IE0002RUHW32,0.1049,0.1241,1.1832,,
"Jun 17, 2024, 3:00:33 AM",Service Fee Charged GBP Class IE0002RUHW32,-0.0249,-0.0294,1.1838,,
"Jun 17, 2024, 3:00:33 AM",Interest PAID GBP Class R IE0002RUHW32,0.1049,0.1242,1.1838,,
"Jun 16, 2024, 3:01:30 AM",Service Fee Charged GBP Class IE0002RUHW32,-0.0249,-0.0295,1.1851,,
"Jun 16, 2024, 3:01:30 AM",Interest PAID GBP Class R IE0002RUHW32,0.1049,0.1243,1.1851,,
"Jun 15, 2024, 2:59:22 AM",Service Fee Charged GBP Class IE0002RUHW32,-0.0249,-0.0294,1.1847,,
"Jun 15, 2024, 2:59:22 AM",Interest PAID GBP Class R IE0002RUHW32,0.1049,0.1243,1.1847,,
"Jun 14, 2024, 3:00:09 AM",Service Fee Charged GBP Class IE0002RUHW32,-0.0249,-0.0294,1.1847,,
"Jun 14, 2024, 3:00:09 AM",Interest PAID GBP Class R IE0002RUHW32,0.1049,0.1243,1.1847,,
"Jun 13, 2024, 2:58:34 AM",Service Fee Charged GBP Class IE0002RUHW32,-0.0249,-0.0295,1.1878,,
"Jun 13, 2024, 2:58:34 AM",Interest PAID GBP Class R IE0002RUHW32,0.1049,0.1246,1.1878,,
"Jun 12, 2024, 8:27:53 AM",Service Fee Charged GBP Class IE0002RUHW32,-0.0249,-0.0294,1.1834,,
"Jun 12, 2024, 8:27:53 AM",Interest PAID GBP Class R IE0002RUHW32,0.1049,0.1241,1.1834,,
"Jun 11, 2024, 3:00:59 AM",Service Fee Charged GBP Class IE0002RUHW32,-0.0249,-0.0295,1.1862,,
"Jun 11, 2024, 3:00:59 AM",Interest PAID GBP Class R IE0002RUHW32,0.1049,0.1244,1.1862,,
"Jun 10, 2024, 3:00:23 AM",Service Fee Charged GBP Class IE0002RUHW32,-0.0249,-0.0294,1.1823,,
"Jun 10, 2024, 3:00:23 AM",Interest PAID GBP Class R IE0002RUHW32,0.1049,0.1240,1.1823,,
"Jun 9, 2024, 2:59:34 AM",Service Fee Charged GBP Class IE0002RUHW32,-0.0249,-0.0293,1.1809,,
"Jun 9, 2024, 2:59:34 AM",Interest PAID GBP Class R IE0002RUHW32,0.1049,0.1239,1.1809,,
"Jun 8, 2024, 2:59:11 AM",Service Fee Charged GBP Class IE0002RUHW32,-0.0249,-0.0293,1.1776,,
"Jun 8, 2024, 2:59:11 AM",Interest PAID GBP Class R IE0002RUHW32,0.1049,0.1235,1.1776,,
"Jun 7, 2024, 3:01:03 AM",Service Fee Charged GBP Class IE0002RUHW32,-0.0249,-0.0293,1.1776,,
"Jun 7, 2024, 3:01:03 AM",Interest PAID GBP Class R IE0002RUHW32,0.1049,0.1235,1.1776,,
"Jun 6, 2024, 2:55:59 AM",Service Fee Charged GBP Class IE0002RUHW32,-0.0249,-0.0292,1.1745,,
"Jun 6, 2024, 2:55:59 AM",Interest PAID GBP Class R IE0002RUHW32,0.1049,0.1232,1.1745,,
"Jun 5, 2024, 2:59:36 AM",Service Fee Charged GBP Class IE0002RUHW32,-0.0249,-0.0292,1.1765,,
"Jun 5, 2024, 2:59:36 AM",Interest PAID GBP Class R IE0002RUHW32,0.1049,0.1234,1.1765,,
"Jun 4, 2024, 2:55:41 AM",Service Fee Charged GBP Class IE0002RUHW32,-0.0249,-0.0292,1.1738,,
"Jun 4, 2024, 2:55:41 AM",Interest PAID GBP Class R IE0002RUHW32,0.1049,0.1231,1.1738,,
"Jun 3, 2024, 12:30:47 PM",SELL GBP Class R IE0002RUHW32,-388.35,-456.09,1.1744,1.00,388.35
"Jun 3, 2024, 2:43:06 AM",Service Fee Charged GBP Class IE0002RUHW32,-0.0381,-0.0448,1.1744,,
"Jun 3, 2024, 2:43:06 AM",Interest PAID GBP Class R IE0002RUHW32,0.1681,0.1974,1.1744,,
"Jun 2, 2024, 2:44:09 AM",Service Fee Charged GBP Class IE0002RUHW32,-0.0381,-0.0448,1.1743,,
"Jun 2, 2024, 2:44:09 AM",Interest PAID GBP Class R IE0002RUHW32,0.1581,0.1857,1.1743,,
"Jun 1, 2024, 8:38:39 PM",Interest WITHDRAWN GBP Class R IE0002RUHW32,-1.65,-1.94,1.1746,,
"Jun 1, 2024, 2:44:47 AM",Service Fee Charged GBP Class IE0002RUHW32,-0.0381,-0.0448,1.1746,,
"Jun 1, 2024, 2:44:47 AM",Interest PAID GBP Class R IE0002RUHW32,0.1581,0.1857,1.1746,,
"May 31, 2024, 2:50:01 AM",Service Fee Charged GBP Class IE0002RUHW32,-0.0381,-0.0448,1.1746,,
"May 31, 2024, 2:50:01 AM",Interest PAID GBP Class R IE0002RUHW32,0.1681,0.1975,1.1746,,
"May 30, 2024, 2:53:41 AM",Service Fee Charged GBP Class IE0002RUHW32,-0.0381,-0.0448,1.1752,,
"May 30, 2024, 2:53:41 AM",Interest PAID GBP Class R IE0002RUHW32,0.1581,0.1858,1.1752,,
"May 29, 2024, 2:53:25 AM",Service Fee Charged GBP Class IE0002RUHW32,-0.0381,-0.0448,1.1756,,
"May 29, 2024, 2:53:25 AM",Interest PAID GBP Class R IE0002RUHW32,0.1581,0.1859,1.1756,,
"May 28, 2024, 2:50:59 AM",Service Fee Charged GBP Class IE0002RUHW32,-0.0381,-0.0448,1.1757,,
"May 28, 2024, 2:50:59 AM",Interest PAID GBP Class R IE0002RUHW32,0.1681,0.1976,1.1757,,
"May 27, 2024, 5:35:50 AM",Service Fee Charged GBP Class IE0002RUHW32,-0.0381,-0.0448,1.1759,,
"May 27, 2024, 5:35:50 AM",Interest PAID GBP Class R IE0002RUHW32,0.1581,0.1859,1.1759,,
"May 26, 2024, 6:03:24 AM",Service Fee Charged GBP Class IE0002RUHW32,-0.0381,-0.0447,1.1740,,
"May 26, 2024, 6:03:24 AM",Interest PAID GBP Class R IE0002RUHW32,0.1681,0.1974,1.1740,,
"May 25, 2024, 5:45:26 AM",Service Fee Charged GBP Class IE0002RUHW32,-0.0381,-0.0447,1.1740,,
"May 25, 2024, 5:45:26 AM",Interest PAID GBP Class R IE0002RUHW32,0.1581,0.1856,1.1740,,
"May 24, 2024, 5:24:48 AM",Service Fee Charged GBP Class IE0002RUHW32,-0.0381,-0.0447,1.1740,,
"May 24, 2024, 5:24:48 AM",Interest PAID GBP Class R IE0002RUHW32,0.1581,0.1856,1.1740,,
"May 23, 2024, 6:14:16 AM",Service Fee Charged GBP Class IE0002RUHW32,-0.0381,-0.0448,1.1741,,
"May 23, 2024, 6:14:16 AM",Interest PAID GBP Class R IE0002RUHW32,0.1681,0.1974,1.1741,,
"May 22, 2024, 2:55:58 AM",Service Fee Charged GBP Class IE0002RUHW32,-0.0381,-0.0448,1.1751,,
"May 22, 2024, 2:55:58 AM",Interest PAID GBP Class R IE0002RUHW32,0.1581,0.1858,1.1751,,
"May 21, 2024, 3:04:45 AM",Service Fee Charged GBP Class IE0002RUHW32,-0.0381,-0.0446,1.1710,,
"May 21, 2024, 3:04:45 AM",Interest PAID GBP Class R IE0002RUHW32,0.1581,0.1851,1.1710,,
"May 20, 2024, 12:27:27 PM",SELL GBP Class R IE0002RUHW32,-396.98,-464.58,1.1703,1.00,396.98
"May 20, 2024, 3:12:07 AM",Service Fee Charged GBP Class IE0002RUHW32,-0.0517,-0.0605,1.1703,,
"May 20, 2024, 3:12:07 AM",Interest PAID GBP Class R IE0002RUHW32,0.2217,0.2595,1.1703,,
"May 19, 2024, 10:15:56 PM",Interest WITHDRAWN GBP Class R IE0002RUHW32,-3.02,-3.53,1.1686,,
"May 19, 2024, 6:40:13 AM",Service Fee Charged GBP Class IE0002RUHW32,-0.0517,-0.0604,1.1686,,
"May 19, 2024, 6:40:13 AM",Interest PAID GBP Class R IE0002RUHW32,0.2217,0.2591,1.1686,,
"May 18, 2024, 6:38:35 AM",Service Fee Charged GBP Class IE0002RUHW32,-0.0517,-0.0604,1.1686,,
"May 18, 2024, 6:38:35 AM",Interest PAID GBP Class R IE0002RUHW32,0.2217,0.2591,1.1686,,
"May 17, 2024, 6:42:35 AM",Service Fee Charged GBP Class IE0002RUHW32,-0.0517,-0.0604,1.1686,,
"May 17, 2024, 6:42:35 AM",Interest PAID GBP Class R IE0002RUHW32,0.2117,0.2474,1.1686,,
"May 16, 2024, 6:35:24 AM",Service Fee Charged GBP Class IE0002RUHW32,-0.0517,-0.0603,1.1659,,
"May 16, 2024, 6:35:24 AM",Interest PAID GBP Class R IE0002RUHW32,0.2217,0.2585,1.1659,,
"May 15, 2024, 2:56:53 AM",Service Fee Charged GBP Class IE0002RUHW32,-0.0517,-0.0602,1.1654,,
"May 15, 2024, 2:56:53 AM",Interest PAID GBP Class R IE0002RUHW32,0.2217,0.2584,1.1654,,
"May 14, 2024, 7:22:06 AM",Service Fee Charged GBP Class IE0002RUHW32,-0.0517,-0.0601,1.1637,,
"May 14, 2024, 7:22:06 AM",Interest PAID GBP Class R IE0002RUHW32,0.2217,0.2580,1.1637,,
"May 13, 2024, 7:18:16 AM",Service Fee Charged GBP Class IE0002RUHW32,-0.0517,-0.0601,1.1638,,
"May 13, 2024, 7:18:16 AM",Interest PAID GBP Class R IE0002RUHW32,0.2117,0.2464,1.1638,,
"May 12, 2024, 7:09:26 AM",Service Fee Charged GBP Class IE0002RUHW32,-0.0517,-0.0601,1.1626,,
"May 12, 2024, 7:09:26 AM",Interest PAID GBP Class R IE0002RUHW32,0.2217,0.2578,1.1626,,
"May 11, 2024, 7:27:17 AM",Service Fee Charged GBP Class IE0002RUHW32,-0.0517,-0.0601,1.1631,,
"May 11, 2024, 7:27:17 AM",Interest PAID GBP Class R IE0002RUHW32,0.2217,0.2579,1.1631,,
"May 10, 2024, 7:49:02 AM",Service Fee Charged GBP Class IE0002RUHW32,-0.0517,-0.0601,1.1631,,
"May 10, 2024, 7:49:02 AM",Interest PAID GBP Class R IE0002RUHW32,0.2217,0.2579,1.1631,,
"May 9, 2024, 3:06:44 AM",Service Fee Charged GBP Class IE0002RUHW32,-0.0517,-0.0600,1.1616,,
"May 9, 2024, 3:06:44 AM",Interest PAID GBP Class R IE0002RUHW32,0.2217,0.2575,1.1616,,
"May 8, 2024, 7:46:59 AM",Service Fee Charged GBP Class IE0002RUHW32,-0.0517,-0.0601,1.1625,,
"May 8, 2024, 7:46:59 AM",Interest PAID GBP Class R IE0002RUHW32,0.2117,0.2461,1.1625,,
"May 7, 2024, 7:19:32 AM",Service Fee Charged GBP Class IE0002RUHW32,-0.0517,-0.0601,1.1630,,
"May 7, 2024, 7:19:32 AM",Interest PAID GBP Class R IE0002RUHW32,0.2217,0.2578,1.1630,,
"May 6, 2024, 7:19:51 AM",Service Fee Charged GBP Class IE0002RUHW32,-0.0517,-0.0603,1.1664,,
"May 6, 2024, 7:19:51 AM",Interest PAID GBP Class R IE0002RUHW32,0.2217,0.2586,1.1664,,
"May 5, 2024, 7:25:15 AM",Service Fee Charged GBP Class IE0002RUHW32,-0.0517,-0.0602,1.1657,,
"May 5, 2024, 7:25:15 AM",Interest PAID GBP Class R IE0002RUHW32,0.2217,0.2584,1.1657,,
"May 4, 2024, 3:09:07 AM",Service Fee Charged GBP Class IE0002RUHW32,-0.0517,-0.0602,1.1656,,
"May 4, 2024, 3:09:07 AM",Interest PAID GBP Class R IE0002RUHW32,0.2117,0.2468,1.1656,,
"May 3, 2024, 2:55:58 AM",Service Fee Charged GBP Class IE0002RUHW32,-0.0517,-0.0602,1.1656,,
"May 3, 2024, 2:55:58 AM",Interest PAID GBP Class R IE0002RUHW32,0.2217,0.2584,1.1656,,
"May 2, 2024, 12:39:35 PM",BUY GBP Class R IE0002RUHW32,5.03,5.88,1.1687,1.00,5.03
"May 2, 2024, 6:43:34 AM",Service Fee Charged GBP Class IE0002RUHW32,-0.0515,-0.0602,1.1687,,
"May 2, 2024, 6:43:34 AM",Interest PAID GBP Class R IE0002RUHW32,0.2215,0.2589,1.1687,,
"May 1, 2024, 4:48:40 PM",Interest Reinvested Class R GBP IE0002RUHW32,-5.03,-5.88,1.1698,,
"May 1, 2024, 5:19:23 AM",Service Fee Charged GBP Class IE0002RUHW32,-0.0515,-0.0602,1.1698,,
"May 1, 2024, 5:19:23 AM",Interest PAID GBP Class R IE0002RUHW32,0.2115,0.2474,1.1698,,
"Apr 30, 2024, 6:48:26 AM",Service Fee Charged GBP Class IE0002RUHW32,-0.0515,-0.0603,1.1709,,
"Apr 30, 2024, 6:48:26 AM",Interest PAID GBP Class R IE0002RUHW32,0.2215,0.2594,1.1709,,
"Apr 29, 2024, 2:52:58 AM",Service Fee Charged GBP Class IE0002RUHW32,-0.0515,-0.0604,1.1722,,
"Apr 29, 2024, 2:52:58 AM",Interest PAID GBP Class R IE0002RUHW32,0.2215,0.2596,1.1722,,
"Apr 28, 2024, 6:44:03 AM",Service Fee Charged GBP Class IE0002RUHW32,-0.0515,-0.0602,1.1683,,
"Apr 28, 2024, 6:44:03 AM",Interest PAID GBP Class R IE0002RUHW32,0.2115,0.2471,1.1683,,
"Apr 27, 2024, 6:40:59 AM",Service Fee Charged GBP Class IE0002RUHW32,-0.0515,-0.0602,1.1683,,
"Apr 27, 2024, 6:40:59 AM",Interest PAID GBP Class R IE0002RUHW32,0.2215,0.2588,1.1683,,
"Apr 26, 2024, 6:37:35 AM",Service Fee Charged GBP Class IE0002RUHW32,-0.0515,-0.0602,1.1683,,
"Apr 26, 2024, 6:37:35 AM",Interest PAID GBP Class R IE0002RUHW32,0.2215,0.2588,1.1683,,
"Apr 25, 2024, 3:16:11 AM",Service Fee Charged GBP Class IE0002RUHW32,-0.0515,-0.0601,1.1660,,
"Apr 25, 2024, 3:16:11 AM",Interest PAID GBP Class R IE0002RUHW32,0.2215,0.2583,1.1660,,
"Apr 24, 2024, 3:17:36 AM",Service Fee Charged GBP Class IE0002RUHW32,-0.0515,-0.0600,1.1644,,
"Apr 24, 2024, 3:17:36 AM",Interest PAID GBP Class R IE0002RUHW32,0.2115,0.2463,1.1644,,
"Apr 23, 2024, 6:25:57 AM",Service Fee Charged GBP Class IE0002RUHW32,-0.0515,-0.0599,1.1637,,
"Apr 23, 2024, 6:25:57 AM",Interest PAID GBP Class R IE0002RUHW32,0.2215,0.2578,1.1637,,
"Apr 22, 2024, 6:07:55 AM",Service Fee Charged GBP Class IE0002RUHW32,-0.0515,-0.0597,1.1592,,
"Apr 22, 2024, 6:07:55 AM",Interest PAID GBP Class R IE0002RUHW32,0.2215,0.2568,1.1592,,
"Apr 21, 2024, 6:39:56 AM",Service Fee Charged GBP Class IE0002RUHW32,-0.0515,-0.0598,1.1612,,
"Apr 21, 2024, 6:39:56 AM",Interest PAID GBP Class R IE0002RUHW32,0.2215,0.2572,1.1612,,
"Apr 20, 2024, 3:18:43 AM",Service Fee Charged GBP Class IE0002RUHW32,-0.0515,-0.0598,1.1607,,
"Apr 20, 2024, 3:18:43 AM",Interest PAID GBP Class R IE0002RUHW32,0.2115,0.2455,1.1607,,
"Apr 19, 2024, 6:33:22 AM",Service Fee Charged GBP Class IE0002RUHW32,-0.0515,-0.0598,1.1607,,
"Apr 19, 2024, 6:33:22 AM",Interest PAID GBP Class R IE0002RUHW32,0.2215,0.2571,1.1607,,
"Apr 18, 2024, 7:00:17 AM",Service Fee Charged GBP Class IE0002RUHW32,-0.0515,-0.0602,1.1684,,
"Apr 18, 2024, 7:00:17 AM",Interest PAID GBP Class R IE0002RUHW32,0.2215,0.2588,1.1684,,
"Apr 17, 2024, 6:48:49 AM",Service Fee Charged GBP Class IE0002RUHW32,-0.0515,-0.0601,1.1672,,
"Apr 17, 2024, 6:48:49 AM",Interest PAID GBP Class R IE0002RUHW32,0.2215,0.2585,1.1672,,
"Apr 16, 2024, 6:50:09 AM",Service Fee Charged GBP Class IE0002RUHW32,-0.0515,-0.0603,1.1704,,
"Apr 16, 2024, 6:50:09 AM",Interest PAID GBP Class R IE0002RUHW32,0.2215,0.2592,1.1704,,
"Apr 15, 2024, 6:28:39 AM",Service Fee Charged GBP Class IE0002RUHW32,-0.0515,-0.0603,1.1714,,
"Apr 15, 2024, 6:28:39 AM",Interest PAID GBP Class R IE0002RUHW32,0.2215,0.2595,1.1714,,
"Apr 14, 2024, 6:31:30 AM",Service Fee Charged GBP Class IE0002RUHW32,-0.0515,-0.0603,1.1704,,
"Apr 14, 2024, 6:31:30 AM",Interest PAID GBP Class R IE0002RUHW32,0.2115,0.2475,1.1704,,
"Apr 13, 2024, 6:51:07 AM",Service Fee Charged GBP Class IE0002RUHW32,-0.0515,-0.0602,1.1696,,
"Apr 13, 2024, 6:51:07 AM",Interest PAID GBP Class R IE0002RUHW32,0.2215,0.2591,1.1696,,
"Apr 12, 2024, 6:36:12 AM",Service Fee Charged GBP Class IE0002RUHW32,-0.0515,-0.0602,1.1696,,
"Apr 12, 2024, 6:36:12 AM",Interest PAID GBP Class R IE0002RUHW32,0.2215,0.2591,1.1696,,
"Apr 11, 2024, 6:47:41 AM",Service Fee Charged GBP Class IE0002RUHW32,-0.0515,-0.0603,1.1705,,
"Apr 11, 2024, 6:47:41 AM",Interest PAID GBP Class R IE0002RUHW32,0.2215,0.2593,1.1705,,
"Apr 10, 2024, 6:23:32 AM",Service Fee Charged GBP Class IE0002RUHW32,-0.0515,-0.0601,1.1671,,
"Apr 10, 2024, 6:23:32 AM",Interest PAID GBP Class R IE0002RUHW32,0.2215,0.2585,1.1671,,
"Apr 9, 2024, 6:42:45 AM",Service Fee Charged GBP Class IE0002RUHW32,-0.0515,-0.0601,1.1674,,
"Apr 9, 2024, 6:42:45 AM",Interest PAID GBP Class R IE0002RUHW32,0.2115,0.2469,1.1674,,
"Apr 8, 2024, 6:09:12 AM",Service Fee Charged GBP Class IE0002RUHW32,-0.0515,-0.0600,1.1653,,
"Apr 8, 2024, 6:09:12 AM",Interest PAID GBP Class R IE0002RUHW32,0.2215,0.2581,1.1653,,
"Apr 7, 2024, 5:33:42 AM",Service Fee Charged GBP Class IE0002RUHW32,-0.0515,-0.0600,1.1657,,
"Apr 7, 2024, 5:33:42 AM",Interest PAID GBP Class R IE0002RUHW32,0.2215,0.2582,1.1657,,
"Apr 6, 2024, 6:27:44 AM",Service Fee Charged GBP Class IE0002RUHW32,-0.0515,-0.0601,1.1660,,
"Apr 6, 2024, 6:27:44 AM",Interest PAID GBP Class R IE0002RUHW32,0.2215,0.2583,1.1660,,
"Apr 5, 2024, 6:35:40 AM",Service Fee Charged GBP Class IE0002RUHW32,-0.0515,-0.0601,1.1660,,
"Apr 5, 2024, 6:35:40 AM",Interest PAID GBP Class R IE0002RUHW32,0.2115,0.2466,1.1660,,
"Apr 4, 2024, 12:45:48 PM",BUY GBP Class R IE0002RUHW32,5.22,6.09,1.1664,1.00,5.22
"Apr 4, 2024, 6:38:25 AM",Service Fee Charged GBP Class IE0002RUHW32,-0.0513,-0.0599,1.1664,,
"Apr 4, 2024, 6:38:25 AM",Interest PAID GBP Class R IE0002RUHW32,0.2213,0.2581,1.1664,,
"Apr 3, 2024, 2:36:29 PM",Interest Reinvested Class R GBP IE0002RUHW32,-5.22,-6.09,1.1673,,
"Apr 3, 2024, 6:01:59 AM",Service Fee Charged GBP Class IE0002RUHW32,-0.0513,-0.0599,1.1673,,
"Apr 3, 2024, 6:01:59 AM",Interest PAID GBP Class R IE0002RUHW32,0.2213,0.2583,1.1673,,
"Apr 2, 2024, 6:03:12 AM",Service Fee Charged GBP Class IE0002RUHW32,-0.0513,-0.0599,1.1679,,
"Apr 2, 2024, 6:03:12 AM",Interest PAID GBP Class R IE0002RUHW32,0.2213,0.2585,1.1679,,
"Apr 1, 2024, 5:54:12 AM",Service Fee Charged GBP Class IE0002RUHW32,-0.0513,-0.0600,1.1685,,
"Apr 1, 2024, 5:54:12 AM",Interest PAID GBP Class R IE0002RUHW32,0.2113,0.2469,1.1685,,
"Mar 31, 2024, 5:41:22 AM",Service Fee Charged GBP Class IE0002RUHW32,-0.0513,-0.0601,1.1709,,
"Mar 31, 2024, 5:41:22 AM",Interest PAID GBP Class R IE0002RUHW32,0.2213,0.2591,1.1709,,
"Mar 30, 2024, 3:54:14 AM",Service Fee Charged GBP Class IE0002RUHW32,-0.0513,-0.0600,1.1699,,
"Mar 30, 2024, 3:54:14 AM",Interest PAID GBP Class R IE0002RUHW32,0.2213,0.2589,1.1699,,
"Mar 29, 2024, 2:04:32 AM",Service Fee Charged GBP Class IE0002RUHW32,-0.0513,-0.0600,1.1699,,
"Mar 29, 2024, 2:04:32 AM",Interest PAID GBP Class R IE0002RUHW32,0.2213,0.2589,1.1699,,
"Mar 28, 2024, 4:45:42 AM",Service Fee Charged GBP Class IE0002RUHW32,-0.0513,-0.0600,1.1696,,
"Mar 28, 2024, 4:45:42 AM",Interest PAID GBP Class R IE0002RUHW32,0.2213,0.2588,1.1696,,
"Mar 27, 2024, 4:53:58 AM",Service Fee Charged GBP Class IE0002RUHW32,-0.0513,-0.0599,1.1669,,
"Mar 27, 2024, 4:53:58 AM",Interest PAID GBP Class R IE0002RUHW32,0.2213,0.2582,1.1669,,
"Mar 26, 2024, 2:55:57 PM",Service Fee Charged GBP Class IE0002RUHW32,-0.0513,-0.0598,1.1657,,
"Mar 26, 2024, 2:55:57 PM",Interest PAID GBP Class R IE0002RUHW32,0.2113,0.2463,1.1657,,
"Mar 25, 2024, 5:03:22 AM",Service Fee Charged GBP Class IE0002RUHW32,-0.0513,-0.0598,1.1660,,
"Mar 25, 2024, 5:03:22 AM",Interest PAID GBP Class R IE0002RUHW32,0.2213,0.2580,1.1660,,
"Mar 24, 2024, 2:09:20 AM",Service Fee Charged GBP Class IE0002RUHW32,-0.0513,-0.0598,1.1657,,
"Mar 24, 2024, 2:09:20 AM",Interest PAID GBP Class R IE0002RUHW32,0.2213,0.2580,1.1657,,
"Mar 23, 2024, 5:19:52 AM",Service Fee Charged GBP Class IE0002RUHW32,-0.0513,-0.0598,1.1655,,
"Mar 23, 2024, 5:19:52 AM",Interest PAID GBP Class R IE0002RUHW32,0.2213,0.2579,1.1655,,
"Mar 22, 2024, 4:37:58 AM",Service Fee Charged GBP Class IE0002RUHW32,-0.0513,-0.0598,1.1655,,
"Mar 22, 2024, 4:37:58 AM",Interest PAID GBP Class R IE0002RUHW32,0.2213,0.2579,1.1655,,
"Mar 21, 2024, 2:03:02 AM",Service Fee Charged GBP Class IE0002RUHW32,-0.0513,-0.0598,1.1656,,
"Mar 21, 2024, 2:03:02 AM",Interest PAID GBP Class R IE0002RUHW32,0.2213,0.2579,1.1656,,
"Mar 20, 2024, 4:23:50 AM",Service Fee Charged GBP Class IE0002RUHW32,-0.0513,-0.0601,1.1701,,
"Mar 20, 2024, 4:23:50 AM",Interest PAID GBP Class R IE0002RUHW32,0.2213,0.2589,1.1701,,
"Mar 19, 2024, 4:39:37 AM",Service Fee Charged GBP Class IE0002RUHW32,-0.0513,-0.0601,1.1709,,
"Mar 19, 2024, 4:39:37 AM",Interest PAID GBP Class R IE0002RUHW32,0.2213,0.2591,1.1709,,
"Mar 18, 2024, 1:58:16 AM",Service Fee Charged GBP Class IE0002RUHW32,-0.0513,-0.0601,1.1704,,
"Mar 18, 2024, 1:58:16 AM",Interest PAID GBP Class R IE0002RUHW32,0.2113,0.2473,1.1704,,
"Mar 17, 2024, 5:06:29 AM",Service Fee Charged GBP Class IE0002RUHW32,-0.0513,-0.0600,1.1697,,
"Mar 17, 2024, 5:06:29 AM",Interest PAID GBP Class R IE0002RUHW32,0.2213,0.2589,1.1697,,
"Mar 16, 2024, 2:06:08 AM",Service Fee Charged GBP Class IE0002RUHW32,-0.0513,-0.0600,1.1695,,
"Mar 16, 2024, 2:06:08 AM",Interest PAID GBP Class R IE0002RUHW32,0.2213,0.2588,1.1695,,
"Mar 15, 2024, 1:57:19 AM",Service Fee Charged GBP Class IE0002RUHW32,-0.0513,-0.0600,1.1695,,
"Mar 15, 2024, 1:57:19 AM",Interest PAID GBP Class R IE0002RUHW32,0.2213,0.2588,1.1695,,
"Mar 14, 2024, 4:50:25 AM",Service Fee Charged GBP Class IE0002RUHW32,-0.0513,-0.0601,1.1711,,
"Mar 14, 2024, 4:50:25 AM",Interest PAID GBP Class R IE0002RUHW32,0.2113,0.2475,1.1711,,
"Mar 13, 2024, 1:59:06 AM",Service Fee Charged GBP Class IE0002RUHW32,-0.0513,-0.0600,1.1687,,
"Mar 13, 2024, 1:59:06 AM",Interest PAID GBP Class R IE0002RUHW32,0.2213,0.2586,1.1687,,
"Mar 12, 2024, 1:56:37 AM",Service Fee Charged GBP Class IE0002RUHW32,-0.0513,-0.0601,1.1710,,
"Mar 12, 2024, 1:56:37 AM",Interest PAID GBP Class R IE0002RUHW32,0.2213,0.2591,1.1710,,
"Mar 11, 2024, 4:51:39 AM",Service Fee Charged GBP Class IE0002RUHW32,-0.0513,-0.0602,1.1727,,
"Mar 11, 2024, 4:51:39 AM",Interest PAID GBP Class R IE0002RUHW32,0.2213,0.2595,1.1727,,
"Mar 10, 2024, 4:54:05 AM",Service Fee Charged GBP Class IE0002RUHW32,-0.0513,-0.0603,1.1748,,
"Mar 10, 2024, 4:54:05 AM",Interest PAID GBP Class R IE0002RUHW32,0.2213,0.2600,1.1748,,
"Mar 9, 2024, 4:51:17 AM",Service Fee Charged GBP Class IE0002RUHW32,-0.0513,-0.0603,1.1752,,
"Mar 9, 2024, 4:51:17 AM",Interest PAID GBP Class R IE0002RUHW32,0.2213,0.2601,1.1752,,
"Mar 8, 2024, 4:39:53 AM",Service Fee Charged GBP Class IE0002RUHW32,-0.0513,-0.0603,1.1752,,
"Mar 8, 2024, 4:39:53 AM",Interest PAID GBP Class R IE0002RUHW32,0.2213,0.2601,1.1752,,
"Mar 7, 2024, 4:50:57 AM",Service Fee Charged GBP Class IE0002RUHW32,-0.0513,-0.0601,1.1701,,
"Mar 7, 2024, 4:50:57 AM",Interest PAID GBP Class R IE0002RUHW32,0.2213,0.2589,1.1701,,
"Mar 6, 2024, 12:16:01 PM",Service Fee Charged GBP Class IE0002RUHW32,-0.0513,-0.0600,1.1685,,
"Mar 6, 2024, 12:16:01 PM",Interest PAID GBP Class R IE0002RUHW32,0.2213,0.2586,1.1685,,
"Mar 5, 2024, 4:42:36 AM",Service Fee Charged GBP Class IE0002RUHW32,-0.0513,-0.0601,1.1703,,
"Mar 5, 2024, 4:42:36 AM",Interest PAID GBP Class R IE0002RUHW32,0.2113,0.2473,1.1703,,
"Mar 4, 2024, 12:24:42 PM",BUY GBP Class R IE0002RUHW32,4.89,5.72,1.1691,1.00,4.89
"Mar 4, 2024, 1:52:35 AM",Service Fee Charged GBP Class IE0002RUHW32,-0.0512,-0.0598,1.1691,,
"Mar 4, 2024, 1:52:35 AM",Interest PAID GBP Class R IE0002RUHW32,0.2212,0.2586,1.1691,,
"Mar 3, 2024, 6:14:07 PM",Service Fee Charged GBP Class IE0002RUHW32,-0.0512,-0.0597,1.1677,,
"Mar 3, 2024, 6:14:07 PM",Interest PAID GBP Class R IE0002RUHW32,0.2212,0.2583,1.1677,,
"Mar 2, 2024, 2:08:26 AM",Service Fee Charged GBP Class IE0002RUHW32,-0.0512,-0.0597,1.1676,,
"Mar 2, 2024, 2:08:26 AM",Interest PAID GBP Class R IE0002RUHW32,0.2212,0.2583,1.1676,,
"Mar 1, 2024, 6:37:54 PM",Interest Reinvested Class R GBP IE0002RUHW32,-4.89,-5.71,1.1676,,
"Mar 1, 2024, 9:21:20 AM",Service Fee Charged GBP Class IE0002RUHW32,-0.0512,-0.0597,1.1676,,
"Mar 1, 2024, 9:21:20 AM",Interest PAID GBP Class R IE0002RUHW32,0.2212,0.2583,1.1676,,
"Feb 29, 2024, 4:40:08 AM",Service Fee Charged GBP Class IE0002RUHW32,-0.0512,-0.0598,1.1685,,
"Feb 29, 2024, 4:40:08 AM",Interest PAID GBP Class R IE0002RUHW32,0.2212,0.2585,1.1685,,
"Feb 28, 2024, 1:48:50 AM",Service Fee Charged GBP Class IE0002RUHW32,-0.0512,-0.0598,1.1682,,
"Feb 28, 2024, 1:48:50 AM",Interest PAID GBP Class R IE0002RUHW32,0.2112,0.2467,1.1682,,
"Feb 27, 2024, 1:50:38 AM",Service Fee Charged GBP Class IE0002RUHW32,-0.0512,-0.0598,1.1696,,
"Feb 27, 2024, 1:50:38 AM",Interest PAID GBP Class R IE0002RUHW32,0.2212,0.2587,1.1696,,
"Feb 26, 2024, 1:49:27 AM",Service Fee Charged GBP Class IE0002RUHW32,-0.0512,-0.0598,1.1690,,
"Feb 26, 2024, 1:49:27 AM",Interest PAID GBP Class R IE0002RUHW32,0.2212,0.2586,1.1690,,
"Feb 25, 2024, 4:23:58 AM",Service Fee Charged GBP Class IE0002RUHW32,-0.0512,-0.0599,1.1711,,
"Feb 25, 2024, 4:23:58 AM",Interest PAID GBP Class R IE0002RUHW32,0.2212,0.2591,1.1711,,
"Feb 24, 2024, 4:00:18 AM",Service Fee Charged GBP Class IE0002RUHW32,-0.0512,-0.0599,1.1708,,
"Feb 24, 2024, 4:00:18 AM",Interest PAID GBP Class R IE0002RUHW32,0.2212,0.2590,1.1708,,
"Feb 23, 2024, 3:19:50 AM",Service Fee Charged GBP Class IE0002RUHW32,-0.0512,-0.0599,1.1708,,
"Feb 23, 2024, 3:19:50 AM",Interest PAID GBP Class R IE0002RUHW32,0.2212,0.2590,1.1708,,
"Feb 22, 2024, 4:11:45 AM",Service Fee Charged GBP Class IE0002RUHW32,-0.0512,-0.0598,1.1696,,
"Feb 22, 2024, 4:11:45 AM",Interest PAID GBP Class R IE0002RUHW32,0.2212,0.2587,1.1696,,
"Feb 21, 2024, 4:18:51 AM",Service Fee Charged GBP Class IE0002RUHW32,-0.0512,-0.0598,1.1680,,
"Feb 21, 2024, 4:18:51 AM",Interest PAID GBP Class R IE0002RUHW32,0.2112,0.2467,1.1680,,
"Feb 20, 2024, 4:10:30 AM",Service Fee Charged GBP Class IE0002RUHW32,-0.0512,-0.0597,1.1679,,
"Feb 20, 2024, 4:10:30 AM",Interest PAID GBP Class R IE0002RUHW32,0.2212,0.2583,1.1679,,
"Feb 19, 2024, 4:08:41 AM",Service Fee Charged GBP Class IE0002RUHW32,-0.0512,-0.0598,1.1682,,
"Feb 19, 2024, 4:08:41 AM",Interest PAID GBP Class R IE0002RUHW32,0.2212,0.2584,1.1682,,
"Feb 18, 2024, 4:14:55 AM",Service Fee Charged GBP Class IE0002RUHW32,-0.0512,-0.0598,1.1694,,
"Feb 18, 2024, 4:14:55 AM",Interest PAID GBP Class R IE0002RUHW32,0.2212,0.2587,1.1694,,
"Feb 17, 2024, 1:57:24 AM",Service Fee Charged GBP Class IE0002RUHW32,-0.0512,-0.0598,1.1692,,
"Feb 17, 2024, 1:57:24 AM",Interest PAID GBP Class R IE0002RUHW32,0.2212,0.2586,1.1692,,
"Feb 16, 2024, 4:28:36 AM",Service Fee Charged GBP Class IE0002RUHW32,-0.0512,-0.0598,1.1692,,
"Feb 16, 2024, 4:28:36 AM",Interest PAID GBP Class R IE0002RUHW32,0.2212,0.2586,1.1692,,
"Feb 15, 2024, 4:15:14 AM",Service Fee Charged GBP Class IE0002RUHW32,-0.0512,-0.0598,1.1695,,
"Feb 15, 2024, 4:15:14 AM",Interest PAID GBP Class R IE0002RUHW32,0.2212,0.2587,1.1695,,
"Feb 14, 2024, 4:14:18 AM",Service Fee Charged GBP Class IE0002RUHW32,-0.0512,-0.0599,1.1710,,
"Feb 14, 2024, 4:14:18 AM",Interest PAID GBP Class R IE0002RUHW32,0.2212,0.2590,1.1710,,
"Feb 13, 2024, 3:41:38 AM",Service Fee Charged GBP Class IE0002RUHW32,-0.0512,-0.0601,1.1757,,
"Feb 13, 2024, 3:41:38 AM",Interest PAID GBP Class R IE0002RUHW32,0.2112,0.2483,1.1757,,
"Feb 12, 2024, 1:54:06 AM",Service Fee Charged GBP Class IE0002RUHW32,-0.0512,-0.0600,1.1722,,
"Feb 12, 2024, 1:54:06 AM",Interest PAID GBP Class R IE0002RUHW32,0.2212,0.2593,1.1722,,
"Feb 11, 2024, 4:10:16 AM",Service Fee Charged GBP Class IE0002RUHW32,-0.0512,-0.0599,1.1703,,
"Feb 11, 2024, 4:10:16 AM",Interest PAID GBP Class R IE0002RUHW32,0.2212,0.2589,1.1703,,
"Feb 10, 2024, 2:01:59 AM",Service Fee Charged GBP Class IE0002RUHW32,-0.0512,-0.0599,1.1709,,
"Feb 10, 2024, 2:01:59 AM",Interest PAID GBP Class R IE0002RUHW32,0.2212,0.2590,1.1709,,
"Feb 9, 2024, 4:47:21 AM",Service Fee Charged GBP Class IE0002RUHW32,-0.0512,-0.0599,1.1709,,
"Feb 9, 2024, 4:47:21 AM",Interest PAID GBP Class R IE0002RUHW32,0.2212,0.2590,1.1709,,
"Feb 8, 2024, 3:54:57 AM",Service Fee Charged GBP Class IE0002RUHW32,-0.0512,-0.0599,1.1710,,
"Feb 8, 2024, 3:54:57 AM",Interest PAID GBP Class R IE0002RUHW32,0.2212,0.2590,1.1710,,
"Feb 7, 2024, 10:44:18 AM",Service Fee Charged GBP Class IE0002RUHW32,-0.0512,-0.0599,1.1718,,
"Feb 7, 2024, 10:44:18 AM",Interest PAID GBP Class R IE0002RUHW32,0.2212,0.2592,1.1718,,
"Feb 6, 2024, 1:35:54 PM",Service Fee Charged GBP Class IE0002RUHW32,-0.0512,-0.0599,1.1717,,
"Feb 6, 2024, 1:35:54 PM",Interest PAID GBP Class R IE0002RUHW32,0.2112,0.2475,1.1717,,
"Feb 5, 2024, 12:27:30 PM",Service Fee Charged GBP Class IE0002RUHW32,-0.0512,-0.0597,1.1669,,
"Feb 5, 2024, 12:27:30 PM",Interest PAID GBP Class R IE0002RUHW32,0.2212,0.2581,1.1669,,
"Feb 4, 2024, 12:24:04 PM",Service Fee Charged GBP Class IE0002RUHW32,-0.0512,-0.0599,1.1709,,
"Feb 4, 2024, 12:24:04 PM",Interest PAID GBP Class R IE0002RUHW32,0.2212,0.2590,1.1709,,
"Feb 3, 2024, 10:59:38 AM",Service Fee Charged GBP Class IE0002RUHW32,-0.0512,-0.0599,1.1710,,
"Feb 3, 2024, 10:59:38 AM",Interest PAID GBP Class R IE0002RUHW32,0.2212,0.2590,1.1710,,
"Feb 2, 2024, 12:39:53 PM",BUY GBP Class R IE0002RUHW32,5.24,6.14,1.1710,1.00,5.24
"Feb 2, 2024, 12:25:56 PM",Service Fee Charged GBP Class IE0002RUHW32,-0.0510,-0.0597,1.1710,,
"Feb 2, 2024, 12:25:56 PM",Interest PAID GBP Class R IE0002RUHW32,0.2210,0.2588,1.1710,,
"Feb 1, 2024, 4:45:12 PM",Interest Reinvested Class R GBP IE0002RUHW32,-5.24,-6.14,1.1721,,
"Feb 1, 2024, 12:46:11 PM",Service Fee Charged GBP Class IE0002RUHW32,-0.0510,-0.0598,1.1721,,
"Feb 1, 2024, 12:46:11 PM",Interest PAID GBP Class R IE0002RUHW32,0.2210,0.2590,1.1721,,
"Jan 31, 2024, 10:40:07 AM",Service Fee Charged GBP Class IE0002RUHW32,-0.0510,-0.0598,1.1736,,
"Jan 31, 2024, 10:40:07 AM",Interest PAID GBP Class R IE0002RUHW32,0.2210,0.2594,1.1736,,
"Jan 30, 2024, 12:21:45 PM",Service Fee Charged GBP Class IE0002RUHW32,-0.0510,-0.0597,1.1708,,
"Jan 30, 2024, 12:21:45 PM",Interest PAID GBP Class R IE0002RUHW32,0.2210,0.2587,1.1708,,
"Jan 29, 2024, 12:07:49 PM",Service Fee Charged GBP Class IE0002RUHW32,-0.0510,-0.0598,1.1734,,
"Jan 29, 2024, 12:07:49 PM",Interest PAID GBP Class R IE0002RUHW32,0.2210,0.2593,1.1734,,
"Jan 28, 2024, 12:20:45 PM",Service Fee Charged GBP Class IE0002RUHW32,-0.0510,-0.0597,1.1710,,
"Jan 28, 2024, 12:20:45 PM",Interest PAID GBP Class R IE0002RUHW32,0.2210,0.2588,1.1710,,
"Jan 27, 2024, 9:43:33 AM",Service Fee Charged GBP Class IE0002RUHW32,-0.0510,-0.0597,1.1701,,
"Jan 27, 2024, 9:43:33 AM",Interest PAID GBP Class R IE0002RUHW32,0.2210,0.2586,1.1701,,
"Jan 26, 2024, 9:19:17 AM",Service Fee Charged GBP Class IE0002RUHW32,-0.0510,-0.0597,1.1701,,
"Jan 26, 2024, 9:19:17 AM",Interest PAID GBP Class R IE0002RUHW32,0.2210,0.2586,1.1701,,
"Jan 25, 2024, 10:11:55 AM",Service Fee Charged GBP Class IE0002RUHW32,-0.0510,-0.0597,1.1716,,
"Jan 25, 2024, 10:11:55 AM",Interest PAID GBP Class R IE0002RUHW32,0.2210,0.2589,1.1716,,
"Jan 24, 2024, 12:06:42 PM",Service Fee Charged GBP Class IE0002RUHW32,-0.0510,-0.0596,1.1688,,
"Jan 24, 2024, 12:06:42 PM",Interest PAID GBP Class R IE0002RUHW32,0.2210,0.2583,1.1688,,
"Jan 23, 2024, 12:42:32 PM",Service Fee Charged GBP Class IE0002RUHW32,-0.0510,-0.0596,1.1689,,
"Jan 23, 2024, 12:42:32 PM",Interest PAID GBP Class R IE0002RUHW32,0.2210,0.2583,1.1689,,
"Jan 22, 2024, 9:14:23 AM",Service Fee Charged GBP Class IE0002RUHW32,-0.0510,-0.0595,1.1681,,
"Jan 22, 2024, 9:14:23 AM",Interest PAID GBP Class R IE0002RUHW32,0.2210,0.2582,1.1681,,
"Jan 21, 2024, 9:05:03 AM",Service Fee Charged GBP Class IE0002RUHW32,-0.0510,-0.0594,1.1660,,
"Jan 21, 2024, 9:05:03 AM",Interest PAID GBP Class R IE0002RUHW32,0.2210,0.2577,1.1660,,
"Jan 20, 2024, 11:41:03 AM",Service Fee Charged GBP Class IE0002RUHW32,-0.0510,-0.0594,1.1657,,
"Jan 20, 2024, 11:41:03 AM",Interest PAID GBP Class R IE0002RUHW32,0.2210,0.2576,1.1657,,
"Jan 19, 2024, 9:31:17 PM",Service Fee Charged GBP Class IE0002RUHW32,-0.0510,-0.0594,1.1657,,
"Jan 19, 2024, 9:31:17 PM",Interest PAID GBP Class R IE0002RUHW32,0.2210,0.2576,1.1657,,
"Jan 18, 2024, 4:20:11 PM",Service Fee Charged GBP Class IE0002RUHW32,-0.0510,-0.0596,1.1684,,
"Jan 18, 2024, 4:20:11 PM",Interest PAID GBP Class R IE0002RUHW32,0.2210,0.2582,1.1684,,
"Jan 17, 2024, 8:42:16 PM",Interest PAID GBP Class R IE0002RUHW32,0.16,0.1863,1.1645,,
"Jan 16, 2024, 5:28:31 PM",Interest PAID GBP Class R IE0002RUHW32,0.17,0.1975,1.1617,,
"Jan 15, 2024, 3:52:32 PM",Interest PAID GBP Class R IE0002RUHW32,0.17,0.1975,1.1618,,
"Jan 14, 2024, 11:57:06 AM",Interest PAID GBP Class R IE0002RUHW32,0.17,0.1978,1.1636,,
"Jan 13, 2024, 6:05:50 PM",Interest PAID GBP Class R IE0002RUHW32,0.17,0.1979,1.1641,,
"Jan 12, 2024, 9:52:41 PM",Interest PAID GBP Class R IE0002RUHW32,0.17,0.1979,1.1641,,
"Jan 11, 2024, 10:39:22 AM",Service Fee Charged GBP Class IE0002RUHW32,-0.0510,-0.0593,1.1636,,
"Jan 11, 2024, 10:39:22 AM",Interest PAID GBP Class R IE0002RUHW32,0.2210,0.2571,1.1636,,
"Jan 10, 2024, 7:08:23 PM",Service Fee Charged GBP Class IE0002RUHW32,-0.0510,-0.0592,1.1613,,
"Jan 10, 2024, 7:08:23 PM",Interest PAID GBP Class R IE0002RUHW32,0.2210,0.2567,1.1613,,
"Jan 9, 2024, 9:06:06 PM",Service Fee Charged GBP Class IE0002RUHW32,-0.0510,-0.0593,1.1628,,
"Jan 9, 2024, 9:06:06 PM",Interest PAID GBP Class R IE0002RUHW32,0.2110,0.2453,1.1628,,
"Jan 8, 2024, 6:19:17 PM",Service Fee Charged GBP Class IE0002RUHW32,-0.0510,-0.0593,1.1636,,
"Jan 8, 2024, 6:19:17 PM",Interest PAID GBP Class R IE0002RUHW32,0.2210,0.2572,1.1636,,
"Jan 7, 2024, 10:29:45 PM",Service Fee Charged GBP Class IE0002RUHW32,-0.0510,-0.0593,1.1623,,
"Jan 7, 2024, 10:29:45 PM",Interest PAID GBP Class R IE0002RUHW32,0.2210,0.2569,1.1623,,
"Jan 6, 2024, 8:01:42 PM",Service Fee Charged GBP Class IE0002RUHW32,-0.0510,-0.0593,1.1626,,
"Jan 6, 2024, 8:01:42 PM",Interest PAID GBP Class R IE0002RUHW32,0.2210,0.2569,1.1626,,
"Jan 5, 2024, 7:50:40 PM",Service Fee Charged GBP Class IE0002RUHW32,-0.0510,-0.0593,1.1626,,
"Jan 5, 2024, 7:50:40 PM",Interest PAID GBP Class R IE0002RUHW32,0.2210,0.2569,1.1626,,
"Jan 4, 2024, 2:29:47 PM",Service Fee Charged GBP Class IE0002RUHW32,-0.0510,-0.0591,1.1585,,
"Jan 4, 2024, 2:29:47 PM",Interest PAID GBP Class R IE0002RUHW32,0.2110,0.2444,1.1585,,
"Jan 3, 2024, 11:44:28 PM",Service Fee Charged GBP Class IE0002RUHW32,-0.0510,-0.0591,1.1599,,
"Jan 3, 2024, 11:44:28 PM",Interest PAID GBP Class R IE0002RUHW32,0.2310,0.2679,1.1599,,
"Jan 2, 2024, 5:47:33 PM",Service Fee Charged GBP Class IE0002RUHW32,-0.0508,-0.0586,1.1537,,
"Jan 2, 2024, 5:47:33 PM",Interest PAID GBP Class R IE0002RUHW32,0.2108,0.2432,1.1537,,
"Jan 2, 2024, 2:26:46 PM",BUY GBP Class R IE0002RUHW32,5.24,6.05,1.1537,1.00,5.24
"Jan 2, 2024, 2:39:17 AM",Interest Reinvested Class R GBP IE0002RUHW32,-5.24,-6.05,1.1537,,
"Jan 1, 2024, 7:38:00 PM",Service Fee Charged GBP Class IE0002RUHW32,-0.0509,-0.0587,1.1532,,
"Jan 1, 2024, 7:38:00 PM",Interest PAID GBP Class R IE0002RUHW32,0.2209,0.2547,1.1532,,
"Dec 31, 2023, 12:20:37 PM",Service Fee Charged GBP Class IE0002RUHW32,-0.0509,-0.0588,1.1542,,
"Dec 31, 2023, 12:20:37 PM",Interest PAID GBP Class R IE0002RUHW32,0.2209,0.2550,1.1542,,
"Dec 30, 2023, 6:13:08 PM",Service Fee Charged GBP Class IE0002RUHW32,-0.0509,-0.0588,1.1542,,
"Dec 30, 2023, 6:13:08 PM",Interest PAID GBP Class R IE0002RUHW32,0.2209,0.2550,1.1542,,
"Dec 29, 2023, 6:16:13 PM",Service Fee Charged GBP Class IE0002RUHW32,-0.0509,-0.0588,1.1542,,
"Dec 29, 2023, 6:16:13 PM",Interest PAID GBP Class R IE0002RUHW32,0.2209,0.2550,1.1542,,
"Dec 28, 2023, 3:03:18 PM",Service Fee Charged GBP Class IE0002RUHW32,-0.0509,-0.0586,1.1506,,
"Dec 28, 2023, 3:03:18 PM",Interest PAID GBP Class R IE0002RUHW32,0.2209,0.2542,1.1506,,
"Dec 27, 2023, 2:07:00 PM",Service Fee Charged GBP Class IE0002RUHW32,-0.0509,-0.0587,1.1523,,
"Dec 27, 2023, 2:07:00 PM",Interest PAID GBP Class R IE0002RUHW32,0.2109,0.2430,1.1523,,
"Dec 26, 2023, 9:21:52 AM",Service Fee Charged GBP Class IE0002RUHW32,-0.0509,-0.0587,1.1525,,
"Dec 26, 2023, 9:21:52 AM",Interest PAID GBP Class R IE0002RUHW32,0.2209,0.2546,1.1525,,
"Dec 25, 2023, 2:24:16 PM",Service Fee Charged GBP Class IE0002RUHW32,-0.0509,-0.0587,1.1529,,
"Dec 25, 2023, 2:24:16 PM",Interest PAID GBP Class R IE0002RUHW32,0.2209,0.2547,1.1529,,
"Dec 24, 2023, 9:26:23 AM",Service Fee Charged GBP Class IE0002RUHW32,-0.0509,-0.0587,1.1532,,
"Dec 24, 2023, 9:26:23 AM",Interest PAID GBP Class R IE0002RUHW32,0.2209,0.2547,1.1532,,
"Dec 23, 2023, 10:45:09 AM",Service Fee Charged GBP Class IE0002RUHW32,-0.0509,-0.0587,1.1532,,
"Dec 23, 2023, 10:45:09 AM",Interest PAID GBP Class R IE0002RUHW32,0.2209,0.2547,1.1532,,
"Dec 22, 2023, 7:43:38 PM",Service Fee Charged GBP Class IE0002RUHW32,-0.0509,-0.0587,1.1532,,
"Dec 22, 2023, 7:43:38 PM",Interest PAID GBP Class R IE0002RUHW32,0.2209,0.2547,1.1532,,
"Dec 21, 2023, 1:37:21 PM",Service Fee Charged GBP Class IE0002RUHW32,-0.0509,-0.0587,1.1524,,
"Dec 21, 2023, 1:37:21 PM",Interest PAID GBP Class R IE0002RUHW32,0.2209,0.2546,1.1524,,
"Dec 20, 2023, 2:30:39 PM",Service Fee Charged GBP Class IE0002RUHW32,-0.0509,-0.0588,1.1550,,
"Dec 20, 2023, 2:30:39 PM",Interest PAID GBP Class R IE0002RUHW32,0.2209,0.2551,1.1550,,
"Dec 19, 2023, 3:11:36 PM",Service Fee Charged GBP Class IE0002RUHW32,-0.0509,-0.0591,1.1595,,
"Dec 19, 2023, 3:11:36 PM",Interest PAID GBP Class R IE0002RUHW32,0.2209,0.2561,1.1595,,
"Dec 18, 2023, 9:18:48 AM",Service Fee Charged GBP Class IE0002RUHW32,-0.0509,-0.0590,1.1583,,
"Dec 18, 2023, 9:18:48 AM",Interest PAID GBP Class R IE0002RUHW32,0.2209,0.2559,1.1583,,
"Dec 17, 2023, 4:36:46 PM",Service Fee Charged GBP Class IE0002RUHW32,-0.0509,-0.0592,1.1631,,
"Dec 17, 2023, 4:36:46 PM",Interest PAID GBP Class R IE0002RUHW32,0.2209,0.2569,1.1631,,
"Dec 16, 2023, 11:46:33 AM",Service Fee Charged GBP Class IE0002RUHW32,-0.0509,-0.0593,1.1636,,
"Dec 16, 2023, 11:46:33 AM",Interest PAID GBP Class R IE0002RUHW32,0.2209,0.2570,1.1636,,
"Dec 15, 2023, 10:37:32 AM",Service Fee Charged GBP Class IE0002RUHW32,-0.0509,-0.0593,1.1636,,
"Dec 15, 2023, 10:37:32 AM",Interest PAID GBP Class R IE0002RUHW32,0.2109,0.2454,1.1636,,
"Dec 14, 2023, 5:56:09 PM",Service Fee Charged GBP Class IE0002RUHW32,-0.0509,-0.0592,1.1617,,
"Dec 14, 2023, 5:56:09 PM",Interest PAID GBP Class R IE0002RUHW32,0.2209,0.2566,1.1617,,
"Dec 13, 2023, 1:06:56 PM",Service Fee Charged GBP Class IE0002RUHW32,-0.0509,-0.0591,1.1597,,
"Dec 13, 2023, 1:06:56 PM",Interest PAID GBP Class R IE0002RUHW32,0.2209,0.2562,1.1597,,
"Dec 12, 2023, 5:35:41 PM",Service Fee Charged GBP Class IE0002RUHW32,-0.0509,-0.0593,1.1640,,
"Dec 12, 2023, 5:35:41 PM",Interest PAID GBP Class R IE0002RUHW32,0.2209,0.2571,1.1640,,
"Dec 11, 2023, 4:42:31 PM",Service Fee Charged GBP Class IE0002RUHW32,-0.0509,-0.0594,1.1661,,
"Dec 11, 2023, 4:42:31 PM",Interest PAID GBP Class R IE0002RUHW32,0.2209,0.2576,1.1661,,
"Dec 10, 2023, 4:10:48 PM",Service Fee Charged GBP Class IE0002RUHW32,-0.0509,-0.0594,1.1662,,
"Dec 10, 2023, 4:10:48 PM",Interest PAID GBP Class R IE0002RUHW32,0.2209,0.2576,1.1662,,
"Dec 9, 2023, 7:27:39 PM",Service Fee Charged GBP Class IE0002RUHW32,-0.0509,-0.0594,1.1659,,
"Dec 9, 2023, 7:27:39 PM",Interest PAID GBP Class R IE0002RUHW32,0.2209,0.2575,1.1659,,
"Dec 8, 2023, 5:16:18 PM",Service Fee Charged GBP Class IE0002RUHW32,-0.0509,-0.0594,1.1659,,
"Dec 8, 2023, 5:16:18 PM",Interest PAID GBP Class R IE0002RUHW32,0.2209,0.2575,1.1659,,
"Dec 7, 2023, 5:29:35 PM",Service Fee Charged GBP Class IE0002RUHW32,-0.0509,-0.0594,1.1666,,
"Dec 7, 2023, 5:29:35 PM",Interest PAID GBP Class R IE0002RUHW32,0.2209,0.2577,1.1666,,
"Dec 6, 2023, 3:48:17 PM",Service Fee Charged GBP Class IE0002RUHW32,-0.0509,-0.0594,1.1664,,
"Dec 6, 2023, 3:48:17 PM",Interest PAID GBP Class R IE0002RUHW32,0.2209,0.2577,1.1664,,
"Dec 5, 2023, 3:46:53 PM",Service Fee Charged GBP Class IE0002RUHW32,-0.0509,-0.0594,1.1669,,
"Dec 5, 2023, 3:46:53 PM",Interest PAID GBP Class R IE0002RUHW32,0.2209,0.2578,1.1669,,
"Dec 4, 2023, 1:32:28 PM",Service Fee Charged GBP Class IE0002RUHW32,-0.0508,-0.0592,1.1657,,
"Dec 4, 2023, 1:32:28 PM",Interest PAID GBP Class R IE0002RUHW32,0.2208,0.2574,1.1657,,
"Dec 4, 2023, 12:41:16 PM",BUY GBP Class R IE0002RUHW32,5.05,5.89,1.1657,1.00,5.05
"Dec 3, 2023, 3:06:24 PM",Interest Reinvested Class R GBP IE0002RUHW32,-5.05,-5.90,1.1677,,
"Dec 3, 2023, 2:26:41 PM",Service Fee Charged GBP Class IE0002RUHW32,-0.0508,-0.0593,1.1677,,
"Dec 3, 2023, 2:26:41 PM",Interest PAID GBP Class R IE0002RUHW32,0.2208,0.2578,1.1677,,
"Dec 2, 2023, 12:17:19 PM",Service Fee Charged GBP Class IE0002RUHW32,-0.0508,-0.0593,1.1683,,
"Dec 2, 2023, 12:17:19 PM",Interest PAID GBP Class R IE0002RUHW32,0.2108,0.2463,1.1683,,
"Dec 1, 2023, 9:34:19 AM",Service Fee Charged GBP Class IE0002RUHW32,-0.0508,-0.0593,1.1683,,
"Dec 1, 2023, 9:34:19 AM",Interest PAID GBP Class R IE0002RUHW32,0.2208,0.2580,1.1683,,
"Nov 30, 2023, 10:06:17 AM",Service Fee Charged GBP Class IE0002RUHW32,-0.0508,-0.0589,1.1597,,
"Nov 30, 2023, 10:06:17 AM",Interest PAID GBP Class R IE0002RUHW32,0.2208,0.2561,1.1597,,
"Nov 29, 2023, 1:59:02 PM",Service Fee Charged GBP Class IE0002RUHW32,-0.0508,-0.0587,1.1569,,
"Nov 29, 2023, 1:59:02 PM",Interest PAID GBP Class R IE0002RUHW32,0.2208,0.2554,1.1569,,
"Nov 28, 2023, 1:49:00 PM",Service Fee Charged GBP Class IE0002RUHW32,-0.0508,-0.0586,1.1553,,
"Nov 28, 2023, 1:49:00 PM",Interest PAID GBP Class R IE0002RUHW32,0.2208,0.2551,1.1553,,
"Nov 27, 2023, 12:39:32 PM",Service Fee Charged GBP Class IE0002RUHW32,-0.0508,-0.0585,1.1529,,
"Nov 27, 2023, 12:39:32 PM",Interest PAID GBP Class R IE0002RUHW32,0.2208,0.2546,1.1529,,
"Nov 26, 2023, 1:50:38 PM",Service Fee Charged GBP Class IE0002RUHW32,-0.0508,-0.0585,1.1517,,
"Nov 26, 2023, 1:50:38 PM",Interest PAID GBP Class R IE0002RUHW32,0.2208,0.2543,1.1517,,
"Nov 25, 2023, 12:02:11 PM",Service Fee Charged GBP Class IE0002RUHW32,-0.0508,-0.0585,1.1528,,
"Nov 25, 2023, 12:02:11 PM",Interest PAID GBP Class R IE0002RUHW32,0.2208,0.2545,1.1528,,
"Nov 24, 2023, 12:30:47 PM",Service Fee Charged GBP Class IE0002RUHW32,-0.0508,-0.0585,1.1528,,
"Nov 24, 2023, 12:30:47 PM",Interest PAID GBP Class R IE0002RUHW32,0.2208,0.2545,1.1528,,
"Nov 23, 2023, 3:45:57 PM",Service Fee Charged GBP Class IE0002RUHW32,-0.0508,-0.0583,1.1493,,
"Nov 23, 2023, 3:45:57 PM",Interest PAID GBP Class R IE0002RUHW32,0.2208,0.2538,1.1493,,
"Nov 22, 2023, 9:32:14 AM",Service Fee Charged GBP Class IE0002RUHW32,-0.0508,-0.0582,1.1471,,
"Nov 22, 2023, 9:32:14 AM",Interest PAID GBP Class R IE0002RUHW32,0.2108,0.2418,1.1471,,
"Nov 21, 2023, 4:05:19 PM",Service Fee Charged GBP Class IE0002RUHW32,-0.0508,-0.0583,1.1490,,
"Nov 21, 2023, 4:05:19 PM",Interest PAID GBP Class R IE0002RUHW32,0.2208,0.2537,1.1490,,
"Nov 20, 2023, 4:45:35 PM",Service Fee Charged GBP Class IE0002RUHW32,-0.0508,-0.0580,1.1429,,
"Nov 20, 2023, 4:45:35 PM",Interest PAID GBP Class R IE0002RUHW32,0.2208,0.2523,1.1429,,
"Nov 19, 2023, 2:05:50 PM",Service Fee Charged GBP Class IE0002RUHW32,-0.0508,-0.0580,1.1419,,
"Nov 19, 2023, 2:05:50 PM",Interest PAID GBP Class R IE0002RUHW32,0.2208,0.2521,1.1419,,
"Nov 18, 2023, 3:45:05 PM",Service Fee Charged GBP Class IE0002RUHW32,-0.0508,-0.0580,1.1423,,
"Nov 18, 2023, 3:45:05 PM",Interest PAID GBP Class R IE0002RUHW32,0.2208,0.2522,1.1423,,
"Nov 17, 2023, 1:44:28 PM",Service Fee Charged GBP Class IE0002RUHW32,-0.0508,-0.0580,1.1423,,
"Nov 17, 2023, 1:44:28 PM",Interest PAID GBP Class R IE0002RUHW32,0.2208,0.2522,1.1423,,
"Nov 16, 2023, 12:58:24 PM",Service Fee Charged GBP Class IE0002RUHW32,-0.0508,-0.0581,1.1439,,
"Nov 16, 2023, 12:58:24 PM",Interest PAID GBP Class R IE0002RUHW32,0.2108,0.2411,1.1439,,
"Nov 15, 2023, 3:30:31 PM",Service Fee Charged GBP Class IE0002RUHW32,-0.0508,-0.0581,1.1444,,
"Nov 15, 2023, 3:30:31 PM",Interest PAID GBP Class R IE0002RUHW32,0.2208,0.2527,1.1444,,
"Nov 14, 2023, 9:51:46 AM",Service Fee Charged GBP Class IE0002RUHW32,-0.0508,-0.0583,1.1485,,
"Nov 14, 2023, 9:51:46 AM",Interest PAID GBP Class R IE0002RUHW32,0.2208,0.2536,1.1485,,
"Nov 13, 2023, 9:13:17 AM",Service Fee Charged GBP Class IE0002RUHW32,-0.0508,-0.0583,1.1475,,
"Nov 13, 2023, 9:13:17 AM",Interest PAID GBP Class R IE0002RUHW32,0.2208,0.2534,1.1475,,
"Nov 12, 2023, 9:25:49 AM",Service Fee Charged GBP Class IE0002RUHW32,-0.0508,-0.0581,1.1440,,
"Nov 12, 2023, 9:25:49 AM",Interest PAID GBP Class R IE0002RUHW32,0.2208,0.2526,1.1440,,
"Nov 11, 2023, 9:25:05 AM",Service Fee Charged GBP Class IE0002RUHW32,-0.0508,-0.0581,1.1441,,
"Nov 11, 2023, 9:25:05 AM",Interest PAID GBP Class R IE0002RUHW32,0.2108,0.2412,1.1441,,
"Nov 10, 2023, 1:17:20 PM",Service Fee Charged GBP Class IE0002RUHW32,-0.0508,-0.0581,1.1441,,
"Nov 10, 2023, 1:17:20 PM",Interest PAID GBP Class R IE0002RUHW32,0.2208,0.2526,1.1441,,
"Nov 9, 2023, 11:13:10 AM",Service Fee Charged GBP Class IE0002RUHW32,-0.0508,-0.0581,1.1453,,
"Nov 9, 2023, 11:13:10 AM",Interest PAID GBP Class R IE0002RUHW32,0.2208,0.2529,1.1453,,
"Nov 8, 2023, 10:53:30 AM",Service Fee Charged GBP Class IE0002RUHW32,-0.0508,-0.0582,1.1470,,
"Nov 8, 2023, 10:53:30 AM",Interest PAID GBP Class R IE0002RUHW32,0.2208,0.2532,1.1470,,
"Nov 7, 2023, 2:03:43 PM",Service Fee Charged GBP Class IE0002RUHW32,-0.0508,-0.0583,1.1491,,
"Nov 7, 2023, 2:03:43 PM",Interest PAID GBP Class R IE0002RUHW32,0.2208,0.2537,1.1491,,
"Nov 6, 2023, 10:05:41 AM",Service Fee Charged GBP Class IE0002RUHW32,-0.0508,-0.0585,1.1516,,
"Nov 6, 2023, 10:05:41 AM",Interest PAID GBP Class R IE0002RUHW32,0.2108,0.2428,1.1516,,
"Nov 5, 2023, 2:51:28 PM",Service Fee Charged GBP Class IE0002RUHW32,-0.0508,-0.0585,1.1529,,
"Nov 5, 2023, 2:51:28 PM",Interest PAID GBP Class R IE0002RUHW32,0.2208,0.2546,1.1529,,
"Nov 4, 2023, 1:50:11 PM",Service Fee Charged GBP Class IE0002RUHW32,-0.0508,-0.0586,1.1538,,
"Nov 4, 2023, 1:50:11 PM",Interest PAID GBP Class R IE0002RUHW32,0.2208,0.2547,1.1538,,
"Nov 3, 2023, 1:05:23 PM",Service Fee Charged GBP Class IE0002RUHW32,-0.0508,-0.0586,1.1538,,
"Nov 3, 2023, 1:05:23 PM",Interest PAID GBP Class R IE0002RUHW32,0.2208,0.2547,1.1538,,
"Nov 2, 2023, 12:51:28 PM",BUY GBP Class R IE0002RUHW32,5.18,5.95,1.1482,1.00,5.18
"Nov 2, 2023, 10:59:32 AM",Service Fee Charged GBP Class IE0002RUHW32,-0.0506,-0.0581,1.1482,,
"Nov 2, 2023, 10:59:32 AM",Interest PAID GBP Class R IE0002RUHW32,0.2106,0.2418,1.1482,,
"Nov 1, 2023, 2:17:52 PM",Interest Reinvested Class R GBP IE0002RUHW32,-5.18,-5.96,1.1506,,
"Nov 1, 2023, 12:17:10 PM",Service Fee Charged GBP Class IE0002RUHW32,-0.0506,-0.0582,1.1506,,
"Nov 1, 2023, 12:17:10 PM",Interest PAID GBP Class R IE0002RUHW32,0.2206,0.2538,1.1506,,
"Oct 31, 2023, 11:39:30 AM",Service Fee Charged GBP Class IE0002RUHW32,-0.0506,-0.0581,1.1487,,
"Oct 31, 2023, 11:39:30 AM",Interest PAID GBP Class R IE0002RUHW32,0.2206,0.2534,1.1487,,
"Oct 30, 2023, 10:00:36 AM",Service Fee Charged GBP Class IE0002RUHW32,-0.0506,-0.0580,1.1460,,
"Oct 30, 2023, 10:00:36 AM",Interest PAID GBP Class R IE0002RUHW32,0.2206,0.2528,1.1460,,
"Oct 29, 2023, 12:25:33 PM",Service Fee Charged GBP Class IE0002RUHW32,-0.0506,-0.0580,1.1469,,
"Oct 29, 2023, 12:25:33 PM",Interest PAID GBP Class R IE0002RUHW32,0.2206,0.2530,1.1469,,
"Oct 28, 2023, 1:21:33 PM",Service Fee Charged GBP Class IE0002RUHW32,-0.0506,-0.0580,1.1472,,
"Oct 28, 2023, 1:21:33 PM",Interest PAID GBP Class R IE0002RUHW32,0.2106,0.2416,1.1472,,
"Oct 27, 2023, 2:00:01 PM",Service Fee Charged GBP Class IE0002RUHW32,-0.0506,-0.0580,1.1472,,
"Oct 27, 2023, 2:00:01 PM",Interest PAID GBP Class R IE0002RUHW32,0.2206,0.2531,1.1472,,
"Oct 26, 2023, 12:58:44 PM",Service Fee Charged GBP Class IE0002RUHW32,-0.0506,-0.0581,1.1489,,
"Oct 26, 2023, 12:58:44 PM",Interest PAID GBP Class R IE0002RUHW32,0.2206,0.2534,1.1489,,
"Oct 25, 2023, 10:21:35 AM",Service Fee Charged GBP Class IE0002RUHW32,-0.0506,-0.0579,1.1453,,
"Oct 25, 2023, 10:21:35 AM",Interest PAID GBP Class R IE0002RUHW32,0.2206,0.2526,1.1453,,
"Oct 24, 2023, 10:58:25 AM",Service Fee Charged GBP Class IE0002RUHW32,-0.0506,-0.0581,1.1479,,
"Oct 24, 2023, 10:58:25 AM",Interest PAID GBP Class R IE0002RUHW32,0.2206,0.2532,1.1479,,
"Oct 23, 2023, 2:13:06 PM",Service Fee Charged GBP Class IE0002RUHW32,-0.0506,-0.0581,1.1481,,
"Oct 23, 2023, 2:13:06 PM",Interest PAID GBP Class R IE0002RUHW32,0.2106,0.2418,1.1481,,
"Oct 22, 2023, 10:43:38 AM",Service Fee Charged GBP Class IE0002RUHW32,-0.0506,-0.0581,1.1487,,
"Oct 22, 2023, 10:43:38 AM",Interest PAID GBP Class R IE0002RUHW32,0.2206,0.2534,1.1487,,
"Oct 21, 2023, 10:33:18 AM",Service Fee Charged GBP Class IE0002RUHW32,-0.0506,-0.0581,1.1485,,
"Oct 21, 2023, 10:33:18 AM",Interest PAID GBP Class R IE0002RUHW32,0.2206,0.2534,1.1485,,
"Oct 20, 2023, 1:18:52 PM",Service Fee Charged GBP Class IE0002RUHW32,-0.0506,-0.0581,1.1485,,
"Oct 20, 2023, 1:18:52 PM",Interest PAID GBP Class R IE0002RUHW32,0.2206,0.2534,1.1485,,
"Oct 19, 2023, 11:28:12 AM",Service Fee Charged GBP Class IE0002RUHW32,-0.0506,-0.0580,1.1463,,
"Oct 19, 2023, 11:28:12 AM",Interest PAID GBP Class R IE0002RUHW32,0.2106,0.2414,1.1463,,
"Oct 18, 2023, 12:03:09 PM",Service Fee Charged GBP Class IE0002RUHW32,-0.0506,-0.0583,1.1522,,
"Oct 18, 2023, 12:03:09 PM",Interest PAID GBP Class R IE0002RUHW32,0.2206,0.2542,1.1522,,
"Oct 17, 2023, 12:17:19 PM",Service Fee Charged GBP Class IE0002RUHW32,-0.0506,-0.0583,1.1519,,
"Oct 17, 2023, 12:17:19 PM",Interest PAID GBP Class R IE0002RUHW32,0.2206,0.2541,1.1519,,
"Oct 16, 2023, 1:20:18 PM",Service Fee Charged GBP Class IE0002RUHW32,-0.0506,-0.0585,1.1571,,
"Oct 16, 2023, 1:20:18 PM",Interest PAID GBP Class R IE0002RUHW32,0.2106,0.2437,1.1571,,
"Oct 15, 2023, 10:59:39 AM",Service Fee Charged GBP Class IE0002RUHW32,-0.0506,-0.0584,1.1551,,
"Oct 15, 2023, 10:59:39 AM",Interest PAID GBP Class R IE0002RUHW32,0.2206,0.2548,1.1551,,
"Oct 14, 2023, 2:11:50 PM",Service Fee Charged GBP Class IE0002RUHW32,-0.0506,-0.0584,1.1551,,
"Oct 14, 2023, 2:11:50 PM",Interest PAID GBP Class R IE0002RUHW32,0.2206,0.2548,1.1551,,
"Oct 13, 2023, 1:55:07 PM",Service Fee Charged GBP Class IE0002RUHW32,-0.0506,-0.0584,1.1551,,
"Oct 13, 2023, 1:55:07 PM",Interest PAID GBP Class R IE0002RUHW32,0.2106,0.2433,1.1551,,
"Oct 12, 2023, 12:48:07 PM",Service Fee Charged GBP Class IE0002RUHW32,-0.0506,-0.0585,1.1563,,
"Oct 12, 2023, 12:48:07 PM",Interest PAID GBP Class R IE0002RUHW32,0.2206,0.2551,1.1563,,
"Oct 11, 2023, 10:13:14 AM",Service Fee Charged GBP Class IE0002RUHW32,-0.0506,-0.0586,1.1593,,
"Oct 11, 2023, 10:13:14 AM",Interest PAID GBP Class R IE0002RUHW32,0.2206,0.2557,1.1593,,
"Oct 10, 2023, 10:50:28 AM",Service Fee Charged GBP Class IE0002RUHW32,-0.0506,-0.0586,1.1589,,
"Oct 10, 2023, 10:50:28 AM",Interest PAID GBP Class R IE0002RUHW32,0.2106,0.2441,1.1589,,
"Oct 9, 2023, 1:30:34 PM",Service Fee Charged GBP Class IE0002RUHW32,-0.0506,-0.0586,1.1580,,
"Oct 9, 2023, 1:30:34 PM",Interest PAID GBP Class R IE0002RUHW32,0.2206,0.2554,1.1580,,
"Oct 8, 2023, 1:05:25 PM",Service Fee Charged GBP Class IE0002RUHW32,-0.0506,-0.0585,1.1565,,
"Oct 8, 2023, 1:05:25 PM",Interest PAID GBP Class R IE0002RUHW32,0.2206,0.2551,1.1565,,
"Oct 7, 2023, 1:30:23 PM",Service Fee Charged GBP Class IE0002RUHW32,-0.0506,-0.0585,1.1559,,
"Oct 7, 2023, 1:30:23 PM",Interest PAID GBP Class R IE0002RUHW32,0.2106,0.2434,1.1559,,
"Oct 6, 2023, 10:19:10 AM",Service Fee Charged GBP Class IE0002RUHW32,-0.0506,-0.0585,1.1559,,
"Oct 6, 2023, 10:19:10 AM",Interest PAID GBP Class R IE0002RUHW32,0.2206,0.2550,1.1559,,
"Oct 5, 2023, 3:15:51 PM",BUY GBP Class R IE0002RUHW32,4.64,5.36,1.1556,1.00,4.64
"Oct 5, 2023, 10:16:12 AM",Service Fee Charged GBP Class IE0002RUHW32,-0.0504,-0.0583,1.1556,,
"Oct 5, 2023, 10:16:12 AM",Interest PAID GBP Class R IE0002RUHW32,0.2204,0.2547,1.1556,,
"Oct 4, 2023, 1:26:14 PM",Interest Reinvested Class R GBP IE0002RUHW32,-4.64,-5.36,1.1552,,
"Oct 4, 2023, 11:48:53 AM",Service Fee Charged GBP Class IE0002RUHW32,-0.0504,-0.0583,1.1552,,
"Oct 4, 2023, 11:48:53 AM",Interest PAID GBP Class R IE0002RUHW32,0.2104,0.2430,1.1552,,
"Oct 3, 2023, 12:59:11 PM",Service Fee Charged GBP Class IE0002RUHW32,-0.0504,-0.0582,1.1537,,
"Oct 3, 2023, 12:59:11 PM",Interest PAID GBP Class R IE0002RUHW32,0.2204,0.2543,1.1537,,
"Oct 2, 2023, 10:03:31 AM",Service Fee Charged GBP Class IE0002RUHW32,-0.0504,-0.0582,1.1536,,
"Oct 2, 2023, 10:03:31 AM",Interest PAID GBP Class R IE0002RUHW32,0.2104,0.2427,1.1536,,
"Oct 1, 2023, 10:06:21 AM",Service Fee Charged GBP Class IE0002RUHW32,-0.0504,-0.0582,1.1542,,
"Oct 1, 2023, 10:06:21 AM",Interest PAID GBP Class R IE0002RUHW32,0.2204,0.2544,1.1542,,
"Sep 30, 2023, 10:04:15 AM",Service Fee Charged GBP Class IE0002RUHW32,-0.0504,-0.0582,1.1541,,
"Sep 30, 2023, 10:04:15 AM",Interest PAID GBP Class R IE0002RUHW32,0.2204,0.2544,1.1541,,
"Sep 29, 2023, 11:12:31 AM",Service Fee Charged GBP Class IE0002RUHW32,-0.0504,-0.0582,1.1541,,
"Sep 29, 2023, 11:12:31 AM",Interest PAID GBP Class R IE0002RUHW32,0.2104,0.2428,1.1541,,
"Sep 28, 2023, 10:24:28 AM",Service Fee Charged GBP Class IE0002RUHW32,-0.0504,-0.0583,1.1554,,
"Sep 28, 2023, 10:24:28 AM",Interest PAID GBP Class R IE0002RUHW32,0.2204,0.2547,1.1554,,
"Sep 27, 2023, 12:01:51 PM",Service Fee Charged GBP Class IE0002RUHW32,-0.0504,-0.0583,1.1552,,
"Sep 27, 2023, 12:01:51 PM",Interest PAID GBP Class R IE0002RUHW32,0.2104,0.2431,1.1552,,
"Sep 26, 2023, 10:27:24 AM",Service Fee Charged GBP Class IE0002RUHW32,-0.0504,-0.0580,1.1491,,
"Sep 26, 2023, 10:27:24 AM",Interest PAID GBP Class R IE0002RUHW32,0.2204,0.2533,1.1491,,
"Sep 25, 2023, 10:30:27 AM",Service Fee Charged GBP Class IE0002RUHW32,-0.0504,-0.0581,1.1531,,
"Sep 25, 2023, 10:30:27 AM",Interest PAID GBP Class R IE0002RUHW32,0.2204,0.2541,1.1531,,
"Sep 24, 2023, 11:10:40 AM",Service Fee Charged GBP Class IE0002RUHW32,-0.0504,-0.0580,1.1496,,
"Sep 24, 2023, 11:10:40 AM",Interest PAID GBP Class R IE0002RUHW32,0.2104,0.2419,1.1496,,
"Sep 23, 2023, 12:05:05 PM",Service Fee Charged GBP Class IE0002RUHW32,-0.0504,-0.0580,1.1497,,
"Sep 23, 2023, 12:05:05 PM",Interest PAID GBP Class R IE0002RUHW32,0.2204,0.2534,1.1497,,
"Sep 22, 2023, 11:37:09 AM",Service Fee Charged GBP Class IE0002RUHW32,-0.0504,-0.0580,1.1497,,
"Sep 22, 2023, 11:37:09 AM",Interest PAID GBP Class R IE0002RUHW32,0.2104,0.2419,1.1497,,
"Sep 21, 2023, 11:40:43 AM",Service Fee Charged GBP Class IE0002RUHW32,-0.0504,-0.0582,1.1532,,
"Sep 21, 2023, 11:40:43 AM",Interest PAID GBP Class R IE0002RUHW32,0.2204,0.2542,1.1532,,
"Sep 20, 2023, 12:04:52 PM",Service Fee Charged GBP Class IE0002RUHW32,-0.0504,-0.0584,1.1575,,
"Sep 20, 2023, 12:04:52 PM",Interest PAID GBP Class R IE0002RUHW32,0.2104,0.2435,1.1575,,
"Sep 19, 2023, 11:24:49 AM",Service Fee Charged GBP Class IE0002RUHW32,-0.0504,-0.0585,1.1602,,
"Sep 19, 2023, 11:24:49 AM",Interest PAID GBP Class R IE0002RUHW32,0.2204,0.2557,1.1602,,
"Sep 18, 2023, 11:38:35 AM",Service Fee Charged GBP Class IE0002RUHW32,-0.0504,-0.0584,1.1581,,
"Sep 18, 2023, 11:38:35 AM",Interest PAID GBP Class R IE0002RUHW32,0.2204,0.2553,1.1581,,
"Sep 17, 2023, 11:22:46 AM",Service Fee Charged GBP Class IE0002RUHW32,-0.0504,-0.0586,1.1621,,
"Sep 17, 2023, 11:22:46 AM",Interest PAID GBP Class R IE0002RUHW32,0.2104,0.2445,1.1621,,
"Sep 16, 2023, 11:12:26 AM",Service Fee Charged GBP Class IE0002RUHW32,-0.0504,-0.0586,1.1615,,
"Sep 16, 2023, 11:12:26 AM",Interest PAID GBP Class R IE0002RUHW32,0.2204,0.2560,1.1615,,
"Sep 15, 2023, 11:19:05 AM",Service Fee Charged GBP Class IE0002RUHW32,-0.0504,-0.0586,1.1615,,
"Sep 15, 2023, 11:19:05 AM",Interest PAID GBP Class R IE0002RUHW32,0.2104,0.2444,1.1615,,
"Sep 14, 2023, 10:59:23 AM",Service Fee Charged GBP Class IE0002RUHW32,-0.0504,-0.0588,1.1660,,
"Sep 14, 2023, 10:59:23 AM",Interest PAID GBP Class R IE0002RUHW32,0.2204,0.2570,1.1660,,
"Sep 13, 2023, 5:50:24 PM",Service Fee Charged GBP Class IE0002RUHW32,-0.0504,-0.0587,1.1637,,
"Sep 13, 2023, 5:50:24 PM",Interest PAID GBP Class R IE0002RUHW32,0.2104,0.2448,1.1637,,
"Sep 13, 2023, 11:09:55 AM",Service Fee Charged GBP Class IE0002RUHW32,-0.0504,-0.0587,1.1637,,
"Sep 13, 2023, 11:09:55 AM",Interest PAID GBP Class R IE0002RUHW32,0.2204,0.2565,1.1637,,
"Sep 12, 2023, 12:10:01 PM",Service Fee Charged GBP Class IE0002RUHW32,-0.0504,-0.0586,1.1616,,
"Sep 12, 2023, 12:10:01 PM",Interest PAID GBP Class R IE0002RUHW32,0.2104,0.2444,1.1616,,
"Sep 11, 2023, 8:17:01 PM",Service Fee Charged GBP Class IE0002RUHW32,-0.0504,-0.0586,1.1638,,
"Sep 11, 2023, 8:17:01 PM",Interest PAID GBP Class R IE0002RUHW32,0.2204,0.2565,1.1638,,
"Sep 11, 2023, 11:23:21 AM",Service Fee Charged GBP Class IE0002RUHW32,-0.0504,-0.0587,1.1638,,
"Sep 11, 2023, 11:23:21 AM",Interest PAID GBP Class R IE0002RUHW32,0.2104,0.2449,1.1638,,
"Sep 10, 2023, 11:39:04 AM",Service Fee Charged GBP Class IE0002RUHW32,-0.0504,-0.0588,1.1654,,
"Sep 10, 2023, 11:39:04 AM",Interest PAID GBP Class R IE0002RUHW32,0.2204,0.2568,1.1654,,
"Sep 9, 2023, 11:51:49 AM",Service Fee Charged GBP Class IE0002RUHW32,-0.0504,-0.0587,1.1644,,
"Sep 9, 2023, 11:51:49 AM",Interest PAID GBP Class R IE0002RUHW32,0.2104,0.2450,1.1644,,
"Sep 8, 2023, 12:22:37 PM",Service Fee Charged GBP Class IE0002RUHW32,-0.0504,-0.0587,1.1644,,
"Sep 8, 2023, 12:22:37 PM",Interest PAID GBP Class R IE0002RUHW32,0.2204,0.2566,1.1644,,
"Sep 6, 2023, 11:49:55 AM",Service Fee Charged GBP Class IE0002RUHW32,-0.0504,-0.0588,1.1655,,
"Sep 6, 2023, 11:49:55 AM",Interest PAID GBP Class R IE0002RUHW32,0.2104,0.2452,1.1655,,
"Sep 5, 2023, 3:22:16 PM",BUY GBP Class R IE0002RUHW32,1.80,2.11,1.1721,1.00,1.80
"Sep 5, 2023, 11:35:17 AM",Service Fee Charged GBP Class IE0002RUHW32,-0.0504,-0.0590,1.1721,,
"Sep 5, 2023, 11:35:17 AM",Interest PAID GBP Class R IE0002RUHW32,0.2204,0.2583,1.1721,,
"Sep 4, 2023, 4:35:00 PM",Interest Reinvested Class R GBP IE0002RUHW32,-1.80,-2.11,1.1697,,
"Sep 4, 2023, 11:24:17 AM",Service Fee Charged GBP Class IE0002RUHW32,-0.0504,-0.0589,1.1697,,
"Sep 4, 2023, 11:24:17 AM",Interest PAID GBP Class R IE0002RUHW32,0.2104,0.2461,1.1697,,
"Sep 3, 2023, 12:30:23 PM",Service Fee Charged GBP Class IE0002RUHW32,-0.0504,-0.0589,1.1685,,
"Sep 3, 2023, 12:30:23 PM",Interest PAID GBP Class R IE0002RUHW32,0.2204,0.2575,1.1685,,
"Sep 1, 2023, 11:30:45 AM",Service Fee Charged GBP Class IE0002RUHW32,-0.0504,-0.0589,1.1684,,
"Sep 1, 2023, 11:30:45 AM",Interest PAID GBP Class R IE0002RUHW32,0.2104,0.2458,1.1684,,
"Aug 31, 2023, 12:07:55 PM",Service Fee Charged GBP Class IE0002RUHW32,-0.0504,-0.0589,1.1687,,
"Aug 31, 2023, 12:07:55 PM",Interest PAID GBP Class R IE0002RUHW32,0.2204,0.2576,1.1687,,
"Aug 30, 2023, 11:17:01 AM",Service Fee Charged GBP Class IE0002RUHW32,-0.0504,-0.0586,1.1630,,
"Aug 30, 2023, 11:17:01 AM",Interest PAID GBP Class R IE0002RUHW32,0.2104,0.2447,1.1630,,
"Aug 29, 2023, 11:38:54 AM",Service Fee Charged GBP Class IE0002RUHW32,-0.0504,-0.0586,1.1626,,
"Aug 29, 2023, 11:38:54 AM",Interest PAID GBP Class R IE0002RUHW32,0.2104,0.2446,1.1626,,
"Aug 28, 2023, 11:35:12 AM",Service Fee Charged GBP Class IE0002RUHW32,-0.0504,-0.0587,1.1649,,
"Aug 28, 2023, 11:35:12 AM",Interest PAID GBP Class R IE0002RUHW32,0.2204,0.2568,1.1649,,
"Aug 27, 2023, 11:28:04 AM",Service Fee Charged GBP Class IE0002RUHW32,-0.0504,-0.0587,1.1660,,
"Aug 27, 2023, 11:28:04 AM",Interest PAID GBP Class R IE0002RUHW32,0.2104,0.2453,1.1660,,
"Aug 26, 2023, 11:37:37 AM",Service Fee Charged GBP Class IE0002RUHW32,-0.0504,-0.0587,1.1653,,
"Aug 26, 2023, 11:37:37 AM",Interest PAID GBP Class R IE0002RUHW32,0.2204,0.2568,1.1653,,
"Aug 25, 2023, 10:57:13 AM",Service Fee Charged GBP Class IE0002RUHW32,-0.0504,-0.0587,1.1653,,
"Aug 25, 2023, 10:57:13 AM",Interest PAID GBP Class R IE0002RUHW32,0.2104,0.2452,1.1653,,
"Aug 24, 2023, 11:13:04 AM",Service Fee Charged GBP Class IE0002RUHW32,-0.0504,-0.0587,1.1661,,
"Aug 24, 2023, 11:13:04 AM",Interest PAID GBP Class R IE0002RUHW32,0.2104,0.2454,1.1661,,
"Aug 23, 2023, 12:29:50 PM",BUY GBP Class R IE0002RUHW32,"1,470.75","1,721.81",1.1707,1.00,"1,470.75"

Date,Description,"Value, EUR",Price per share,Quantity of shares
"Apr 10, 2026, 2:05:53 AM",Service Fee Charged EUR Class IE000AZVL3K0,-0.0517,,
"Apr 10, 2026, 2:05:53 AM",Interest PAID EUR Class R IE000AZVL3K0,0.7217,,
"Apr 9, 2026, 2:01:40 AM",Service Fee Charged EUR Class IE000AZVL3K0,-0.0517,,
"Apr 9, 2026, 2:01:40 AM",Interest PAID EUR Class R IE000AZVL3K0,0.7317,,
"Apr 8, 2026, 2:09:00 AM",Service Fee Charged EUR Class IE000AZVL3K0,-0.0517,,
"Apr 8, 2026, 2:09:00 AM",Interest PAID EUR Class R IE000AZVL3K0,0.7217,,
"Apr 7, 2026, 1:13:31 PM",BUY EUR Class R IE000AZVL3K0,17.80,1.00,17.80
"Apr 7, 2026, 2:02:58 AM",Service Fee Charged EUR Class IE000AZVL3K0,-0.0517,,
"Apr 7, 2026, 2:02:58 AM",Interest PAID EUR Class R IE000AZVL3K0,0.7317,,
"Apr 6, 2026, 1:13:31 PM",Interest Reinvested Class R EUR IE000AZVL3K0,-17.80,,
"Apr 6, 2026, 2:03:06 AM",Service Fee Charged EUR Class IE000AZVL3K0,-0.0517,,
"Apr 6, 2026, 2:03:06 AM",Interest PAID EUR Class R IE000AZVL3K0,0.7317,,
"Apr 5, 2026, 2:00:18 AM",Service Fee Charged EUR Class IE000AZVL3K0,-0.0517,,
"Apr 5, 2026, 2:00:18 AM",Interest PAID EUR Class R IE000AZVL3K0,0.7217,,
"Apr 4, 2026, 2:08:16 AM",Service Fee Charged EUR Class IE000AZVL3K0,-0.0517,,
"Apr 4, 2026, 2:08:16 AM",Interest PAID EUR Class R IE000AZVL3K0,0.7317,,
"Apr 3, 2026, 2:05:35 AM",Service Fee Charged EUR Class IE000AZVL3K0,-0.0517,,
"Apr 3, 2026, 2:05:35 AM",Interest PAID EUR Class R IE000AZVL3K0,0.7217,,
"Apr 2, 2026, 2:01:06 AM",Service Fee Charged EUR Class IE000AZVL3K0,-0.0517,,
"Apr 2, 2026, 2:01:06 AM",Interest PAID EUR Class R IE000AZVL3K0,0.7317,,
"Apr 1, 2026, 2:07:28 AM",Service Fee Charged EUR Class IE000AZVL3K0,-0.0517,,
"Apr 1, 2026, 2:07:28 AM",Interest PAID EUR Class R IE000AZVL3K0,0.7317,,
"Mar 31, 2026, 2:04:12 AM",Service Fee Charged EUR Class IE000AZVL3K0,-0.0517,,
"Mar 31, 2026, 2:04:12 AM",Interest PAID EUR Class R IE000AZVL3K0,0.7317,,
"Mar 30, 2026, 2:07:59 AM",Service Fee Charged EUR Class IE000AZVL3K0,-0.0517,,
"Mar 30, 2026, 2:07:59 AM",Interest PAID EUR Class R IE000AZVL3K0,0.7317,,
"Mar 29, 2026, 1:05:31 AM",Service Fee Charged EUR Class IE000AZVL3K0,-0.0517,,
"Mar 29, 2026, 1:05:31 AM",Interest PAID EUR Class R IE000AZVL3K0,0.7317,,
"Mar 28, 2026, 1:04:15 AM",Service Fee Charged EUR Class IE000AZVL3K0,-0.0517,,
"Mar 28, 2026, 1:04:15 AM",Interest PAID EUR Class R IE000AZVL3K0,0.7317,,
"Mar 27, 2026, 1:04:49 AM",Service Fee Charged EUR Class IE000AZVL3K0,-0.0517,,
"Mar 27, 2026, 1:04:49 AM",Interest PAID EUR Class R IE000AZVL3K0,0.7317,,
"Mar 26, 2026, 1:02:14 AM",Service Fee Charged EUR Class IE000AZVL3K0,-0.0517,,
"Mar 26, 2026, 1:02:14 AM",Interest PAID EUR Class R IE000AZVL3K0,0.7217,,
"Mar 25, 2026, 1:05:39 AM",Service Fee Charged EUR Class IE000AZVL3K0,-0.0517,,
"Mar 25, 2026, 1:05:39 AM",Interest PAID EUR Class R IE000AZVL3K0,0.7317,,
"Mar 24, 2026, 1:04:35 AM",Service Fee Charged EUR Class IE000AZVL3K0,-0.0517,,
"Mar 24, 2026, 1:04:35 AM",Interest PAID EUR Class R IE000AZVL3K0,0.7317,,
"Mar 23, 2026, 1:05:03 AM",Service Fee Charged EUR Class IE000AZVL3K0,-0.0517,,
"Mar 23, 2026, 1:05:03 AM",Interest PAID EUR Class R IE000AZVL3K0,0.7317,,
"Mar 22, 2026, 1:04:50 AM",Service Fee Charged EUR Class IE000AZVL3K0,-0.0517,,
"Mar 22, 2026, 1:04:50 AM",Interest PAID EUR Class R IE000AZVL3K0,0.7317,,
"Mar 21, 2026, 1:07:03 AM",Service Fee Charged EUR Class IE000AZVL3K0,-0.0517,,
"Mar 21, 2026, 1:07:03 AM",Interest PAID EUR Class R IE000AZVL3K0,0.7317,,
"Mar 20, 2026, 1:00:51 AM",Service Fee Charged EUR Class IE000AZVL3K0,-0.0517,,
"Mar 20, 2026, 1:00:51 AM",Interest PAID EUR Class R IE000AZVL3K0,0.7317,,
"Mar 19, 2026, 1:02:19 AM",Service Fee Charged EUR Class IE000AZVL3K0,-0.0517,,
"Mar 19, 2026, 1:02:19 AM",Interest PAID EUR Class R IE000AZVL3K0,0.7217,,
"Mar 18, 2026, 1:00:43 AM",Service Fee Charged EUR Class IE000AZVL3K0,-0.0517,,
"Mar 18, 2026, 1:00:43 AM",Interest PAID EUR Class R IE000AZVL3K0,0.7317,,
"Mar 17, 2026, 1:05:54 AM",Service Fee Charged EUR Class IE000AZVL3K0,-0.0517,,
"Mar 17, 2026, 1:05:54 AM",Interest PAID EUR Class R IE000AZVL3K0,0.7217,,
"Mar 16, 2026, 12:46:01 PM",BUY EUR Class R IE000AZVL3K0,"3,500",1.00,"3,500"
"Mar 16, 2026, 1:03:19 AM",Service Fee Charged EUR Class IE000AZVL3K0,-0.0373,,
"Mar 16, 2026, 1:03:19 AM",Interest PAID EUR Class R IE000AZVL3K0,0.5173,,
"Mar 15, 2026, 1:01:04 AM",Service Fee Charged EUR Class IE000AZVL3K0,-0.0373,,
"Mar 15, 2026, 1:01:04 AM",Interest PAID EUR Class R IE000AZVL3K0,0.5273,,
"Mar 14, 2026, 1:05:15 AM",Service Fee Charged EUR Class IE000AZVL3K0,-0.0373,,
"Mar 14, 2026, 1:05:15 AM",Interest PAID EUR Class R IE000AZVL3K0,0.5173,,
"Mar 13, 2026, 1:01:11 AM",Service Fee Charged EUR Class IE000AZVL3K0,-0.0373,,
"Mar 13, 2026, 1:01:11 AM",Interest PAID EUR Class R IE000AZVL3K0,0.5173,,
"Mar 12, 2026, 1:05:50 AM",Service Fee Charged EUR Class IE000AZVL3K0,-0.0373,,
"Mar 12, 2026, 1:05:50 AM",Interest PAID EUR Class R IE000AZVL3K0,0.5273,,
"Mar 11, 2026, 1:00:49 AM",Service Fee Charged EUR Class IE000AZVL3K0,-0.0373,,
"Mar 11, 2026, 1:00:49 AM",Interest PAID EUR Class R IE000AZVL3K0,0.5173,,
"Mar 10, 2026, 12:42:29 PM",BUY EUR Class R IE000AZVL3K0,750,1.00,750
"Mar 10, 2026, 1:05:36 AM",Service Fee Charged EUR Class IE000AZVL3K0,-0.0342,,
"Mar 10, 2026, 1:05:36 AM",Interest PAID EUR Class R IE000AZVL3K0,0.4742,,
"Mar 9, 2026, 1:01:16 AM",Service Fee Charged EUR Class IE000AZVL3K0,-0.0342,,
"Mar 9, 2026, 1:01:16 AM",Interest PAID EUR Class R IE000AZVL3K0,0.4842,,
"Mar 8, 2026, 1:02:30 AM",Service Fee Charged EUR Class IE000AZVL3K0,-0.0342,,
"Mar 8, 2026, 1:02:30 AM",Interest PAID EUR Class R IE000AZVL3K0,0.4742,,
"Mar 7, 2026, 1:06:00 AM",Service Fee Charged EUR Class IE000AZVL3K0,-0.0342,,
"Mar 7, 2026, 1:06:00 AM",Interest PAID EUR Class R IE000AZVL3K0,0.4842,,
"Mar 6, 2026, 1:01:09 AM",Service Fee Charged EUR Class IE000AZVL3K0,-0.0342,,
"Mar 6, 2026, 1:01:09 AM",Interest PAID EUR Class R IE000AZVL3K0,0.4742,,
"Mar 5, 2026, 12:36:22 PM",SELL EUR Class R IE000AZVL3K0,-250,1.00,250
"Mar 5, 2026, 1:04:44 AM",Service Fee Charged EUR Class IE000AZVL3K0,-0.0352,,
"Mar 5, 2026, 1:04:44 AM",Interest PAID EUR Class R IE000AZVL3K0,0.4952,,
"Mar 4, 2026, 1:08:48 AM",Service Fee Charged EUR Class IE000AZVL3K0,-0.0352,,
"Mar 4, 2026, 1:08:48 AM",Interest PAID EUR Class R IE000AZVL3K0,0.4852,,
"Mar 3, 2026, 2:17:55 PM",BUY EUR Class R IE000AZVL3K0,11.84,1.00,11.84
"Mar 3, 2026, 1:07:57 AM",Service Fee Charged EUR Class IE000AZVL3K0,-0.0352,,
"Mar 3, 2026, 1:07:57 AM",Interest PAID EUR Class R IE000AZVL3K0,0.4952,,
"Mar 2, 2026, 2:17:55 PM",Interest Reinvested Class R EUR IE000AZVL3K0,-11.84,,
"Mar 2, 2026, 1:01:20 AM",Service Fee Charged EUR Class IE000AZVL3K0,-0.0352,,
"Mar 2, 2026, 1:01:20 AM",Interest PAID EUR Class R IE000AZVL3K0,0.4952,,
"Mar 1, 2026, 1:02:04 AM",Service Fee Charged EUR Class IE000AZVL3K0,-0.0352,,
"Mar 1, 2026, 1:02:04 AM",Interest PAID EUR Class R IE000AZVL3K0,0.4952,,
"Feb 28, 2026, 1:00:51 AM",Service Fee Charged EUR Class IE000AZVL3K0,-0.0352,,
"Feb 28, 2026, 1:00:51 AM",Interest PAID EUR Class R IE000AZVL3K0,0.4952,,
"Feb 27, 2026, 1:07:26 AM",Service Fee Charged EUR Class IE000AZVL3K0,-0.0352,,
"Feb 27, 2026, 1:07:26 AM",Interest PAID EUR Class R IE000AZVL3K0,0.4952,,
"Feb 26, 2026, 1:06:48 AM",Service Fee Charged EUR Class IE000AZVL3K0,-0.0352,,
"Feb 26, 2026, 1:06:48 AM",Interest PAID EUR Class R IE000AZVL3K0,0.4852,,
"Feb 25, 2026, 1:06:26 AM",Service Fee Charged EUR Class IE000AZVL3K0,-0.0352,,
"Feb 25, 2026, 1:06:26 AM",Interest PAID EUR Class R IE000AZVL3K0,0.4952,,
"Feb 24, 2026, 1:05:11 AM",Service Fee Charged EUR Class IE000AZVL3K0,-0.0352,,
"Feb 24, 2026, 1:05:11 AM",Interest PAID EUR Class R IE000AZVL3K0,0.4952,,
"Feb 23, 2026, 1:05:18 AM",Service Fee Charged EUR Class IE000AZVL3K0,-0.0352,,
"Feb 23, 2026, 1:05:18 AM",Interest PAID EUR Class R IE000AZVL3K0,0.4952,,
"Feb 22, 2026, 1:07:43 AM",Service Fee Charged EUR Class IE000AZVL3K0,-0.0352,,
"Feb 22, 2026, 1:07:43 AM",Interest PAID EUR Class R IE000AZVL3K0,0.4852,,
"Feb 21, 2026, 1:05:54 AM",Service Fee Charged EUR Class IE000AZVL3K0,-0.0352,,
"Feb 21, 2026, 1:05:54 AM",Interest PAID EUR Class R IE000AZVL3K0,0.4952,,
"Feb 20, 2026, 1:06:07 AM",Service Fee Charged EUR Class IE000AZVL3K0,-0.0352,,
"Feb 20, 2026, 1:06:07 AM",Interest PAID EUR Class R IE000AZVL3K0,0.4952,,
"Feb 19, 2026, 1:06:04 AM",Service Fee Charged EUR Class IE000AZVL3K0,-0.0352,,
"Feb 19, 2026, 1:06:04 AM",Interest PAID EUR Class R IE000AZVL3K0,0.4952,,
"Feb 18, 2026, 1:02:55 AM",Service Fee Charged EUR Class IE000AZVL3K0,-0.0352,,
"Feb 18, 2026, 1:02:55 AM",Interest PAID EUR Class R IE000AZVL3K0,0.4852,,
"Feb 17, 2026, 1:04:45 AM",Service Fee Charged EUR Class IE000AZVL3K0,-0.0352,,
"Feb 17, 2026, 1:04:45 AM",Interest PAID EUR Class R IE000AZVL3K0,0.4952,,
"Feb 16, 2026, 1:11:50 PM",BUY EUR Class R IE000AZVL3K0,800,1.00,800
"Feb 16, 2026, 1:02:51 AM",Service Fee Charged EUR Class IE000AZVL3K0,-0.0319,,
"Feb 16, 2026, 1:02:51 AM",Interest PAID EUR Class R IE000AZVL3K0,0.4419,,
"Feb 15, 2026, 1:04:02 AM",Service Fee Charged EUR Class IE000AZVL3K0,-0.0319,,
"Feb 15, 2026, 1:04:02 AM",Interest PAID EUR Class R IE000AZVL3K0,0.4519,,
"Feb 14, 2026, 1:03:57 AM",Service Fee Charged EUR Class IE000AZVL3K0,-0.0319,,
"Feb 14, 2026, 1:03:57 AM",Interest PAID EUR Class R IE000AZVL3K0,0.4419,,
"Feb 13, 2026, 1:03:04 AM",Service Fee Charged EUR Class IE000AZVL3K0,-0.0319,,
"Feb 13, 2026, 1:03:04 AM",Interest PAID EUR Class R IE000AZVL3K0,0.4519,,
"Feb 12, 2026, 1:03:18 AM",Service Fee Charged EUR Class IE000AZVL3K0,-0.0319,,
"Feb 12, 2026, 1:03:18 AM",Interest PAID EUR Class R IE000AZVL3K0,0.4419,,
"Feb 11, 2026, 12:23:54 PM",BUY EUR Class R IE000AZVL3K0,600,1.00,600
"Feb 11, 2026, 1:03:37 AM",Service Fee Charged EUR Class IE000AZVL3K0,-0.0294,,
"Feb 11, 2026, 1:03:37 AM",Interest PAID EUR Class R IE000AZVL3K0,0.4094,,
"Feb 10, 2026, 1:03:54 AM",Service Fee Charged EUR Class IE000AZVL3K0,-0.0294,,
"Feb 10, 2026, 1:03:54 AM",Interest PAID EUR Class R IE000AZVL3K0,0.4094,,
"Feb 9, 2026, 1:03:29 AM",Service Fee Charged EUR Class IE000AZVL3K0,-0.0294,,
"Feb 9, 2026, 1:03:29 AM",Interest PAID EUR Class R IE000AZVL3K0,0.4194,,
"Feb 8, 2026, 1:03:11 AM",Service Fee Charged EUR Class IE000AZVL3K0,-0.0294,,
"Feb 8, 2026, 1:03:11 AM",Interest PAID EUR Class R IE000AZVL3K0,0.4094,,
"Feb 7, 2026, 1:04:25 AM",Service Fee Charged EUR Class IE000AZVL3K0,-0.0294,,
"Feb 7, 2026, 1:04:25 AM",Interest PAID EUR Class R IE000AZVL3K0,0.4094,,
"Feb 6, 2026, 3:18:07 PM",BUY EUR Class R IE000AZVL3K0,10.67,1.00,10.67
"Feb 6, 2026, 5:24:26 AM",Interest Reinvested Class R EUR IE000AZVL3K0,-10.67,,
"Feb 6, 2026, 1:03:26 AM",Service Fee Charged EUR Class IE000AZVL3K0,-0.0294,,
"Feb 6, 2026, 1:03:26 AM",Interest PAID EUR Class R IE000AZVL3K0,0.4094,,
"Feb 5, 2026, 1:03:24 AM",Service Fee Charged EUR Class IE000AZVL3K0,-0.0294,,
"Feb 5, 2026, 1:03:24 AM",Interest PAID EUR Class R IE000AZVL3K0,0.4094,,
"Feb 4, 2026, 1:02:40 AM",Service Fee Charged EUR Class IE000AZVL3K0,-0.0294,,
"Feb 4, 2026, 1:02:40 AM",Interest PAID EUR Class R IE000AZVL3K0,0.4194,,
"Feb 3, 2026, 1:04:02 AM",Service Fee Charged EUR Class IE000AZVL3K0,-0.0294,,
"Feb 3, 2026, 1:04:02 AM",Interest PAID EUR Class R IE000AZVL3K0,0.4094,,
"Feb 2, 2026, 1:03:13 AM",Service Fee Charged EUR Class IE000AZVL3K0,-0.0294,,
"Feb 2, 2026, 1:03:13 AM",Interest PAID EUR Class R IE000AZVL3K0,0.4094,,
"Feb 1, 2026, 1:03:04 AM",Service Fee Charged EUR Class IE000AZVL3K0,-0.0294,,
"Feb 1, 2026, 1:03:04 AM",Interest PAID EUR Class R IE000AZVL3K0,0.4094,,
"Jan 31, 2026, 1:03:11 AM",Service Fee Charged EUR Class IE000AZVL3K0,-0.0294,,
"Jan 31, 2026, 1:03:11 AM",Interest PAID EUR Class R IE000AZVL3K0,0.4094,,
"Jan 30, 2026, 1:02:58 AM",Service Fee Charged EUR Class IE000AZVL3K0,-0.0294,,
"Jan 30, 2026, 1:02:58 AM",Interest PAID EUR Class R IE000AZVL3K0,0.4194,,
"Jan 29, 2026, 1:03:40 AM",Service Fee Charged EUR Class IE000AZVL3K0,-0.0294,,
"Jan 29, 2026, 1:03:40 AM",Interest PAID EUR Class R IE000AZVL3K0,0.4094,,
"Jan 28, 2026, 1:02:52 AM",Service Fee Charged EUR Class IE000AZVL3K0,-0.0294,,
"Jan 28, 2026, 1:02:52 AM",Interest PAID EUR Class R IE000AZVL3K0,0.4094,,
"Jan 27, 2026, 1:02:52 AM",Service Fee Charged EUR Class IE000AZVL3K0,-0.0294,,
"Jan 27, 2026, 1:02:52 AM",Interest PAID EUR Class R IE000AZVL3K0,0.4094,,
"Jan 26, 2026, 1:03:30 AM",Service Fee Charged EUR Class IE000AZVL3K0,-0.0294,,
"Jan 26, 2026, 1:03:30 AM",Interest PAID EUR Class R IE000AZVL3K0,0.4194,,
"Jan 25, 2026, 1:03:55 AM",Service Fee Charged EUR Class IE000AZVL3K0,-0.0294,,
"Jan 25, 2026, 1:03:55 AM",Interest PAID EUR Class R IE000AZVL3K0,0.4094,,
"Jan 24, 2026, 1:02:54 AM",Service Fee Charged EUR Class IE000AZVL3K0,-0.0294,,
"Jan 24, 2026, 1:02:54 AM",Interest PAID EUR Class R IE000AZVL3K0,0.4094,,
"Jan 23, 2026, 1:04:24 AM",Service Fee Charged EUR Class IE000AZVL3K0,-0.0294,,
"Jan 23, 2026, 1:04:24 AM",Interest PAID EUR Class R IE000AZVL3K0,0.4094,,
"Jan 22, 2026, 1:02:19 AM",Service Fee Charged EUR Class IE000AZVL3K0,-0.0294,,
"Jan 22, 2026, 1:02:19 AM",Interest PAID EUR Class R IE000AZVL3K0,0.4194,,
"Jan 21, 2026, 1:03:04 AM",Service Fee Charged EUR Class IE000AZVL3K0,-0.0294,,
"Jan 21, 2026, 1:03:04 AM",Interest PAID EUR Class R IE000AZVL3K0,0.4094,,
"Jan 20, 2026, 1:03:37 AM",Service Fee Charged EUR Class IE000AZVL3K0,-0.0294,,
"Jan 20, 2026, 1:03:37 AM",Interest PAID EUR Class R IE000AZVL3K0,0.4094,,
"Jan 19, 2026, 1:02:46 AM",Service Fee Charged EUR Class IE000AZVL3K0,-0.0294,,
"Jan 19, 2026, 1:02:46 AM",Interest PAID EUR Class R IE000AZVL3K0,0.4094,,
"Jan 18, 2026, 1:03:57 AM",Service Fee Charged EUR Class IE000AZVL3K0,-0.0294,,
"Jan 18, 2026, 1:03:57 AM",Interest PAID EUR Class R IE000AZVL3K0,0.4094,,
"Jan 17, 2026, 1:03:23 AM",Service Fee Charged EUR Class IE000AZVL3K0,-0.0294,,
"Jan 17, 2026, 1:03:23 AM",Interest PAID EUR Class R IE000AZVL3K0,0.4094,,
"Jan 16, 2026, 1:18:18 PM",BUY EUR Class R IE000AZVL3K0,"1,000",1.00,"1,000"
"Jan 16, 2026, 1:02:44 AM",Service Fee Charged EUR Class IE000AZVL3K0,-0.0253,,
"Jan 16, 2026, 1:02:44 AM",Interest PAID EUR Class R IE000AZVL3K0,0.3553,,
"Jan 15, 2026, 1:02:32 AM",Service Fee Charged EUR Class IE000AZVL3K0,-0.0253,,
"Jan 15, 2026, 1:02:32 AM",Interest PAID EUR Class R IE000AZVL3K0,0.3353,,
"Jan 14, 2026, 1:02:57 AM",Service Fee Charged EUR Class IE000AZVL3K0,-0.0253,,
"Jan 14, 2026, 1:02:57 AM",Interest PAID EUR Class R IE000AZVL3K0,0.3553,,
"Jan 13, 2026, 12:53:27 PM",BUY EUR Class R IE000AZVL3K0,500,1.00,500
"Jan 13, 2026, 1:03:01 AM",Service Fee Charged EUR Class IE000AZVL3K0,-0.0232,,
"Jan 13, 2026, 1:03:01 AM",Interest PAID EUR Class R IE000AZVL3K0,0.3232,,
"Jan 12, 2026, 1:03:08 AM",Service Fee Charged EUR Class IE000AZVL3K0,-0.0232,,
"Jan 12, 2026, 1:03:08 AM",Interest PAID EUR Class R IE000AZVL3K0,0.3232,,
"Jan 11, 2026, 1:03:50 AM",Service Fee Charged EUR Class IE000AZVL3K0,-0.0232,,
"Jan 11, 2026, 1:03:50 AM",Interest PAID EUR Class R IE000AZVL3K0,0.3232,,
"Jan 10, 2026, 1:02:54 AM",Service Fee Charged EUR Class IE000AZVL3K0,-0.0232,,
"Jan 10, 2026, 1:02:54 AM",Interest PAID EUR Class R IE000AZVL3K0,0.3332,,
"Jan 9, 2026, 1:02:39 AM",Service Fee Charged EUR Class IE000AZVL3K0,-0.0232,,
"Jan 9, 2026, 1:02:39 AM",Interest PAID EUR Class R IE000AZVL3K0,0.3232,,
"Jan 8, 2026, 1:01:48 AM",Service Fee Charged EUR Class IE000AZVL3K0,-0.0232,,
"Jan 8, 2026, 1:01:48 AM",Interest PAID EUR Class R IE000AZVL3K0,0.3132,,
"Jan 7, 2026, 1:04:07 AM",Service Fee Charged EUR Class IE000AZVL3K0,-0.0232,,
"Jan 7, 2026, 1:04:07 AM",Interest PAID EUR Class R IE000AZVL3K0,0.3232,,
"Jan 6, 2026, 1:07:39 PM",BUY EUR Class R IE000AZVL3K0,8.34,1.00,8.34
"Jan 6, 2026, 1:02:42 AM",Service Fee Charged EUR Class IE000AZVL3K0,-0.0232,,
"Jan 6, 2026, 1:02:42 AM",Interest PAID EUR Class R IE000AZVL3K0,0.3232,,
"Jan 5, 2026, 3:06:46 PM",Interest Reinvested Class R EUR IE000AZVL3K0,-8.34,,
"Jan 5, 2026, 1:03:22 AM",Service Fee Charged EUR Class IE000AZVL3K0,-0.0232,,
"Jan 5, 2026, 1:03:22 AM",Interest PAID EUR Class R IE000AZVL3K0,0.3232,,
"Jan 4, 2026, 1:09:26 AM",Service Fee Charged EUR Class IE000AZVL3K0,-0.0232,,
"Jan 4, 2026, 1:09:26 AM",Interest PAID EUR Class R IE000AZVL3K0,0.3232,,
"Jan 3, 2026, 1:08:28 AM",Service Fee Charged EUR Class IE000AZVL3K0,-0.0232,,
"Jan 3, 2026, 1:08:28 AM",Interest PAID EUR Class R IE000AZVL3K0,0.3232,,
"Jan 2, 2026, 1:10:44 AM",Service Fee Charged EUR Class IE000AZVL3K0,-0.0232,,
"Jan 2, 2026, 1:10:44 AM",Interest PAID EUR Class R IE000AZVL3K0,0.3132,,
"Jan 1, 2026, 1:09:01 AM",Service Fee Charged EUR Class IE000AZVL3K0,-0.0232,,
"Jan 1, 2026, 1:09:01 AM",Interest PAID EUR Class R IE000AZVL3K0,0.3232,,
"Dec 31, 2025, 1:10:42 AM",Service Fee Charged EUR Class IE000AZVL3K0,-0.0232,,
"Dec 31, 2025, 1:10:42 AM",Interest PAID EUR Class R IE000AZVL3K0,0.3232,,
"Dec 30, 2025, 1:10:20 AM",Service Fee Charged EUR Class IE000AZVL3K0,-0.0232,,
"Dec 30, 2025, 1:10:20 AM",Interest PAID EUR Class R IE000AZVL3K0,0.3232,,
"Dec 29, 2025, 1:11:33 AM",Service Fee Charged EUR Class IE000AZVL3K0,-0.0232,,
"Dec 29, 2025, 1:11:33 AM",Interest PAID EUR Class R IE000AZVL3K0,0.3232,,
"Dec 28, 2025, 1:10:03 AM",Service Fee Charged EUR Class IE000AZVL3K0,-0.0232,,
"Dec 28, 2025, 1:10:03 AM",Interest PAID EUR Class R IE000AZVL3K0,0.3232,,
"Dec 27, 2025, 1:09:02 AM",Service Fee Charged EUR Class IE000AZVL3K0,-0.0232,,
"Dec 27, 2025, 1:09:02 AM",Interest PAID EUR Class R IE000AZVL3K0,0.3232,,
"Dec 26, 2025, 1:08:38 AM",Service Fee Charged EUR Class IE000AZVL3K0,-0.0232,,
"Dec 26, 2025, 1:08:38 AM",Interest PAID EUR Class R IE000AZVL3K0,0.3132,,
"Dec 25, 2025, 1:09:32 AM",Service Fee Charged EUR Class IE000AZVL3K0,-0.0232,,
"Dec 25, 2025, 1:09:32 AM",Interest PAID EUR Class R IE000AZVL3K0,0.3232,,
"Dec 24, 2025, 1:11:05 AM",Service Fee Charged EUR Class IE000AZVL3K0,-0.0232,,
"Dec 24, 2025, 1:11:05 AM",Interest PAID EUR Class R IE000AZVL3K0,0.3232,,
"Dec 23, 2025, 1:08:04 AM",Service Fee Charged EUR Class IE000AZVL3K0,-0.0232,,
"Dec 23, 2025, 1:08:04 AM",Interest PAID EUR Class R IE000AZVL3K0,0.3132,,
"Dec 22, 2025, 1:09:41 AM",Service Fee Charged EUR Class IE000AZVL3K0,-0.0232,,
"Dec 22, 2025, 1:09:41 AM",Interest PAID EUR Class R IE000AZVL3K0,0.3232,,
"Dec 21, 2025, 1:08:58 AM",Service Fee Charged EUR Class IE000AZVL3K0,-0.0232,,
"Dec 21, 2025, 1:08:58 AM",Interest PAID EUR Class R IE000AZVL3K0,0.3232,,
"Dec 20, 2025, 1:08:54 AM",Service Fee Charged EUR Class IE000AZVL3K0,-0.0232,,
"Dec 20, 2025, 1:08:54 AM",Interest PAID EUR Class R IE000AZVL3K0,0.3232,,
"Dec 19, 2025, 1:08:56 AM",Service Fee Charged EUR Class IE000AZVL3K0,-0.0232,,
"Dec 19, 2025, 1:08:56 AM",Interest PAID EUR Class R IE000AZVL3K0,0.3232,,
"Dec 18, 2025, 1:07:23 AM",Service Fee Charged EUR Class IE000AZVL3K0,-0.0232,,
"Dec 18, 2025, 1:07:23 AM",Interest PAID EUR Class R IE000AZVL3K0,0.3232,,
"Dec 17, 2025, 1:09:25 AM",Service Fee Charged EUR Class IE000AZVL3K0,-0.0232,,
"Dec 17, 2025, 1:09:25 AM",Interest PAID EUR Class R IE000AZVL3K0,0.3232,,
"Dec 16, 2025, 1:14:54 PM",BUY EUR Class R IE000AZVL3K0,500,1.00,500
"Dec 16, 2025, 1:03:46 AM",Service Fee Charged EUR Class IE000AZVL3K0,-0.0211,,
"Dec 16, 2025, 1:03:46 AM",Interest PAID EUR Class R IE000AZVL3K0,0.2911,,
"Dec 15, 2025, 1:55:06 PM",BUY EUR Class R IE000AZVL3K0,694.37,1.00,694.37
"Dec 15, 2025, 1:16:18 AM",Service Fee Charged EUR Class IE000AZVL3K0,-0.0183,,
"Dec 15, 2025, 1:16:18 AM",Interest PAID EUR Class R IE000AZVL3K0,0.2583,,
"Dec 14, 2025, 1:16:11 AM",Service Fee Charged EUR Class IE000AZVL3K0,-0.0183,,
"Dec 14, 2025, 1:16:11 AM",Interest PAID EUR Class R IE000AZVL3K0,0.2483,,
"Dec 13, 2025, 1:15:19 AM",Service Fee Charged EUR Class IE000AZVL3K0,-0.0183,,
"Dec 13, 2025, 1:15:19 AM",Interest PAID EUR Class R IE000AZVL3K0,0.2583,,
"Dec 12, 2025, 12:53:41 PM",BUY EUR Class R IE000AZVL3K0,6.80,1.00,6.80
"Dec 12, 2025, 1:13:51 AM",Service Fee Charged EUR Class IE000AZVL3K0,-0.0182,,
"Dec 12, 2025, 1:13:51 AM",Interest PAID EUR Class R IE000AZVL3K0,0.2482,,
"Dec 11, 2025, 10:48:46 PM",Interest Reinvested Class R EUR IE000AZVL3K0,-6.80,,
"Dec 11, 2025, 1:19:19 AM",Service Fee Charged EUR Class IE000AZVL3K0,-0.0182,,
"Dec 11, 2025, 1:19:19 AM",Interest PAID EUR Class R IE000AZVL3K0,0.2582,,
"Dec 10, 2025, 1:14:21 AM",Service Fee Charged EUR Class IE000AZVL3K0,-0.0182,,
"Dec 10, 2025, 1:14:21 AM",Interest PAID EUR Class R IE000AZVL3K0,0.2582,,
"Dec 9, 2025, 1:14:25 AM",Service Fee Charged EUR Class IE000AZVL3K0,-0.0182,,
"Dec 9, 2025, 1:14:25 AM",Interest PAID EUR Class R IE000AZVL3K0,0.2482,,
"Dec 8, 2025, 1:15:36 AM",Service Fee Charged EUR Class IE000AZVL3K0,-0.0182,,
"Dec 8, 2025, 1:15:36 AM",Interest PAID EUR Class R IE000AZVL3K0,0.2582,,
"Dec 7, 2025, 1:13:57 AM",Service Fee Charged EUR Class IE000AZVL3K0,-0.0182,,
"Dec 7, 2025, 1:13:57 AM",Interest PAID EUR Class R IE000AZVL3K0,0.2482,,
"Dec 6, 2025, 1:13:35 AM",Service Fee Charged EUR Class IE000AZVL3K0,-0.0182,,
"Dec 6, 2025, 1:13:35 AM",Interest PAID EUR Class R IE000AZVL3K0,0.2482,,
"Dec 5, 2025, 1:13:30 AM",Service Fee Charged EUR Class IE000AZVL3K0,-0.0182,,
"Dec 5, 2025, 1:13:30 AM",Interest PAID EUR Class R IE000AZVL3K0,0.2582,,
"Dec 4, 2025, 1:15:45 AM",Service Fee Charged EUR Class IE000AZVL3K0,-0.0182,,
"Dec 4, 2025, 1:15:45 AM",Interest PAID EUR Class R IE000AZVL3K0,0.2482,,
"Dec 3, 2025, 1:16:43 AM",Service Fee Charged EUR Class IE000AZVL3K0,-0.0182,,
"Dec 3, 2025, 1:16:43 AM",Interest PAID EUR Class R IE000AZVL3K0,0.2582,,
"Dec 2, 2025, 1:17:25 AM",Service Fee Charged EUR Class IE000AZVL3K0,-0.0182,,
"Dec 2, 2025, 1:17:25 AM",Interest PAID EUR Class R IE000AZVL3K0,0.2482,,
"Dec 1, 2025, 1:17:31 AM",Service Fee Charged EUR Class IE000AZVL3K0,-0.0182,,
"Dec 1, 2025, 1:17:31 AM",Interest PAID EUR Class R IE000AZVL3K0,0.2582,,
"Nov 30, 2025, 1:14:18 AM",Service Fee Charged EUR Class IE000AZVL3K0,-0.0182,,
"Nov 30, 2025, 1:14:18 AM",Interest PAID EUR Class R IE000AZVL3K0,0.2482,,
"Nov 29, 2025, 1:17:31 AM",Service Fee Charged EUR Class IE000AZVL3K0,-0.0182,,
"Nov 29, 2025, 1:17:31 AM",Interest PAID EUR Class R IE000AZVL3K0,0.2582,,
"Nov 28, 2025, 1:15:23 AM",Service Fee Charged EUR Class IE000AZVL3K0,-0.0182,,
"Nov 28, 2025, 1:15:23 AM",Interest PAID EUR Class R IE000AZVL3K0,0.2482,,
"Nov 27, 2025, 1:14:48 AM",Service Fee Charged EUR Class IE000AZVL3K0,-0.0182,,
"Nov 27, 2025, 1:14:48 AM",Interest PAID EUR Class R IE000AZVL3K0,0.2582,,
"Nov 26, 2025, 1:19:26 AM",Service Fee Charged EUR Class IE000AZVL3K0,-0.0182,,
"Nov 26, 2025, 1:19:26 AM",Interest PAID EUR Class R IE000AZVL3K0,0.2482,,
"Nov 25, 2025, 1:18:43 AM",Service Fee Charged EUR Class IE000AZVL3K0,-0.0182,,
"Nov 25, 2025, 1:18:43 AM",Interest PAID EUR Class R IE000AZVL3K0,0.2482,,
"Nov 24, 2025, 1:19:00 AM",Service Fee Charged EUR Class IE000AZVL3K0,-0.0182,,
"Nov 24, 2025, 1:19:00 AM",Interest PAID EUR Class R IE000AZVL3K0,0.2582,,
"Nov 23, 2025, 1:18:29 AM",Service Fee Charged EUR Class IE000AZVL3K0,-0.0182,,
"Nov 23, 2025, 1:18:29 AM",Interest PAID EUR Class R IE000AZVL3K0,0.2482,,
"Nov 22, 2025, 1:19:13 AM",Service Fee Charged EUR Class IE000AZVL3K0,-0.0182,,
"Nov 22, 2025, 1:19:13 AM",Interest PAID EUR Class R IE000AZVL3K0,0.2582,,
"Nov 21, 2025, 1:19:06 AM",Service Fee Charged EUR Class IE000AZVL3K0,-0.0182,,
"Nov 21, 2025, 1:19:06 AM",Interest PAID EUR Class R IE000AZVL3K0,0.2482,,
"Nov 20, 2025, 1:18:55 AM",Service Fee Charged EUR Class IE000AZVL3K0,-0.0182,,
"Nov 20, 2025, 1:18:55 AM",Interest PAID EUR Class R IE000AZVL3K0,0.2582,,
"Nov 19, 2025, 1:20:08 AM",Service Fee Charged EUR Class IE000AZVL3K0,-0.0182,,
"Nov 19, 2025, 1:20:08 AM",Interest PAID EUR Class R IE000AZVL3K0,0.2482,,
"Nov 18, 2025, 1:20:34 AM",Service Fee Charged EUR Class IE000AZVL3K0,-0.0182,,
"Nov 18, 2025, 1:20:34 AM",Interest PAID EUR Class R IE000AZVL3K0,0.2582,,
"Nov 17, 2025, 1:19:24 AM",Service Fee Charged EUR Class IE000AZVL3K0,-0.0182,,
"Nov 17, 2025, 1:19:24 AM",Interest PAID EUR Class R IE000AZVL3K0,0.2482,,
"Nov 16, 2025, 1:19:31 AM",Service Fee Charged EUR Class IE000AZVL3K0,-0.0182,,
"Nov 16, 2025, 1:19:31 AM",Interest PAID EUR Class R IE000AZVL3K0,0.2582,,
"Nov 15, 2025, 1:22:05 AM",Service Fee Charged EUR Class IE000AZVL3K0,-0.0182,,
"Nov 15, 2025, 1:22:05 AM",Interest PAID EUR Class R IE000AZVL3K0,0.2482,,
"Nov 14, 2025, 1:20:44 AM",Service Fee Charged EUR Class IE000AZVL3K0,-0.0182,,
"Nov 14, 2025, 1:20:44 AM",Interest PAID EUR Class R IE000AZVL3K0,0.2482,,
"Nov 13, 2025, 1:19:20 AM",Service Fee Charged EUR Class IE000AZVL3K0,-0.0182,,
"Nov 13, 2025, 1:19:20 AM",Interest PAID EUR Class R IE000AZVL3K0,0.2582,,
"Nov 12, 2025, 1:18:28 AM",Service Fee Charged EUR Class IE000AZVL3K0,-0.0182,,
"Nov 12, 2025, 1:18:28 AM",Interest PAID EUR Class R IE000AZVL3K0,0.2482,,
"Nov 11, 2025, 1:19:50 AM",Service Fee Charged EUR Class IE000AZVL3K0,-0.0182,,
"Nov 11, 2025, 1:19:50 AM",Interest PAID EUR Class R IE000AZVL3K0,0.2582,,
"Nov 10, 2025, 12:44:00 PM",BUY EUR Class R IE000AZVL3K0,500,1.00,500
"Nov 10, 2025, 1:19:21 AM",Service Fee Charged EUR Class IE000AZVL3K0,-0.0162,,
"Nov 10, 2025, 1:19:21 AM",Interest PAID EUR Class R IE000AZVL3K0,0.2262,,
"Nov 9, 2025, 1:17:39 AM",Service Fee Charged EUR Class IE000AZVL3K0,-0.0162,,
"Nov 9, 2025, 1:17:39 AM",Interest PAID EUR Class R IE000AZVL3K0,0.2162,,
"Nov 8, 2025, 1:18:47 AM",Service Fee Charged EUR Class IE000AZVL3K0,-0.0162,,
"Nov 8, 2025, 1:18:47 AM",Interest PAID EUR Class R IE000AZVL3K0,0.2262,,
"Nov 7, 2025, 1:18:35 AM",Service Fee Charged EUR Class IE000AZVL3K0,-0.0162,,
"Nov 7, 2025, 1:18:35 AM",Interest PAID EUR Class R IE000AZVL3K0,0.2262,,
"Nov 6, 2025, 1:21:25 AM",Service Fee Charged EUR Class IE000AZVL3K0,-0.0162,,
"Nov 6, 2025, 1:21:25 AM",Interest PAID EUR Class R IE000AZVL3K0,0.2262,,
"Nov 5, 2025, 1:21:32 AM",Service Fee Charged EUR Class IE000AZVL3K0,-0.0162,,
"Nov 5, 2025, 1:21:32 AM",Interest PAID EUR Class R IE000AZVL3K0,0.2262,,
"Nov 4, 2025, 12:53:44 PM",BUY EUR Class R IE000AZVL3K0,9.21,1.00,9.21
"Nov 4, 2025, 1:19:53 AM",Service Fee Charged EUR Class IE000AZVL3K0,-0.0161,,
"Nov 4, 2025, 1:19:53 AM",Interest PAID EUR Class R IE000AZVL3K0,0.2161,,
"Nov 3, 2025, 6:16:10 PM",Interest Reinvested Class R EUR IE000AZVL3K0,-9.21,,
"Nov 3, 2025, 1:19:25 AM",Service Fee Charged EUR Class IE000AZVL3K0,-0.0161,,
"Nov 3, 2025, 1:19:25 AM",Interest PAID EUR Class R IE000AZVL3K0,0.2261,,
"Nov 2, 2025, 1:19:27 AM",Service Fee Charged EUR Class IE000AZVL3K0,-0.0161,,
"Nov 2, 2025, 1:19:27 AM",Interest PAID EUR Class R IE000AZVL3K0,0.2261,,
"Nov 1, 2025, 1:20:06 AM",Service Fee Charged EUR Class IE000AZVL3K0,-0.0161,,
"Nov 1, 2025, 1:20:06 AM",Interest PAID EUR Class R IE000AZVL3K0,0.2261,,
"Oct 31, 2025, 1:20:35 AM",Service Fee Charged EUR Class IE000AZVL3K0,-0.0161,,
"Oct 31, 2025, 1:20:35 AM",Interest PAID EUR Class R IE000AZVL3K0,0.2261,,
"Oct 30, 2025, 1:20:27 AM",Service Fee Charged EUR Class IE000AZVL3K0,-0.0161,,
"Oct 30, 2025, 1:20:27 AM",Interest PAID EUR Class R IE000AZVL3K0,0.2261,,
"Oct 29, 2025, 1:20:47 AM",Service Fee Charged EUR Class IE000AZVL3K0,-0.0161,,
"Oct 29, 2025, 1:20:47 AM",Interest PAID EUR Class R IE000AZVL3K0,0.2261,,
"Oct 28, 2025, 12:44:11 PM",SELL EUR Class R IE000AZVL3K0,"-2,500",1.00,"2,500"
"Oct 28, 2025, 1:19:45 AM",Service Fee Charged EUR Class IE000AZVL3K0,-0.0264,,
"Oct 28, 2025, 1:19:45 AM",Interest PAID EUR Class R IE000AZVL3K0,0.3664,,
"Oct 27, 2025, 1:21:12 AM",Service Fee Charged EUR Class IE000AZVL3K0,-0.0264,,
"Oct 27, 2025, 1:21:12 AM",Interest PAID EUR Class R IE000AZVL3K0,0.3664,,
"Oct 26, 2025, 2:22:03 AM",Service Fee Charged EUR Class IE000AZVL3K0,-0.0264,,
"Oct 26, 2025, 2:22:03 AM",Interest PAID EUR Class R IE000AZVL3K0,0.3664,,
"Oct 25, 2025, 2:21:09 AM",Service Fee Charged EUR Class IE000AZVL3K0,-0.0264,,
"Oct 25, 2025, 2:21:09 AM",Interest PAID EUR Class R IE000AZVL3K0,0.3664,,
"Oct 24, 2025, 2:20:51 AM",Service Fee Charged EUR Class IE000AZVL3K0,-0.0264,,
"Oct 24, 2025, 2:20:51 AM",Interest PAID EUR Class R IE000AZVL3K0,0.3664,,
"Oct 23, 2025, 2:22:25 AM",Service Fee Charged EUR Class IE000AZVL3K0,-0.0264,,
"Oct 23, 2025, 2:22:25 AM",Interest PAID EUR Class R IE000AZVL3K0,0.3664,,
"Oct 22, 2025, 2:19:13 AM",Service Fee Charged EUR Class IE000AZVL3K0,-0.0264,,
"Oct 22, 2025, 2:19:13 AM",Interest PAID EUR Class R IE000AZVL3K0,0.3664,,
"Oct 21, 2025, 2:18:57 AM",Service Fee Charged EUR Class IE000AZVL3K0,-0.0264,,
"Oct 21, 2025, 2:18:57 AM",Interest PAID EUR Class R IE000AZVL3K0,0.3664,,
"Oct 20, 2025, 2:20:51 AM",Service Fee Charged EUR Class IE000AZVL3K0,-0.0264,,
"Oct 20, 2025, 2:20:51 AM",Interest PAID EUR Class R IE000AZVL3K0,0.3664,,
"Oct 19, 2025, 2:19:59 AM",Service Fee Charged EUR Class IE000AZVL3K0,-0.0264,,
"Oct 19, 2025, 2:19:59 AM",Interest PAID EUR Class R IE000AZVL3K0,0.3664,,
"Oct 18, 2025, 2:19:53 AM",Service Fee Charged EUR Class IE000AZVL3K0,-0.0264,,
"Oct 18, 2025, 2:19:53 AM",Interest PAID EUR Class R IE000AZVL3K0,0.3664,,
"Oct 17, 2025, 2:21:39 AM",Service Fee Charged EUR Class IE000AZVL3K0,-0.0264,,
"Oct 17, 2025, 2:21:39 AM",Interest PAID EUR Class R IE000AZVL3K0,0.3664,,
"Oct 16, 2025, 1:13:35 PM",BUY EUR Class R IE000AZVL3K0,"1,000",1.00,"1,000"
"Oct 16, 2025, 2:21:03 AM",Service Fee Charged EUR Class IE000AZVL3K0,-0.0223,,
"Oct 16, 2025, 2:21:03 AM",Interest PAID EUR Class R IE000AZVL3K0,0.3123,,
"Oct 15, 2025, 2:19:00 AM",Service Fee Charged EUR Class IE000AZVL3K0,-0.0223,,
"Oct 15, 2025, 2:19:00 AM",Interest PAID EUR Class R IE000AZVL3K0,0.3023,,
"Oct 14, 2025, 2:19:33 AM",Service Fee Charged EUR Class IE000AZVL3K0,-0.0223,,
"Oct 14, 2025, 2:19:33 AM",Interest PAID EUR Class R IE000AZVL3K0,0.3123,,
"Oct 13, 2025, 2:21:09 AM",Service Fee Charged EUR Class IE000AZVL3K0,-0.0223,,
"Oct 13, 2025, 2:21:09 AM",Interest PAID EUR Class R IE000AZVL3K0,0.3123,,
"Oct 12, 2025, 2:23:54 AM",Service Fee Charged EUR Class IE000AZVL3K0,-0.0223,,
"Oct 12, 2025, 2:23:54 AM",Interest PAID EUR Class R IE000AZVL3K0,0.3023,,
"Oct 11, 2025, 2:21:43 AM",Service Fee Charged EUR Class IE000AZVL3K0,-0.0223,,
"Oct 11, 2025, 2:21:43 AM",Interest PAID EUR Class R IE000AZVL3K0,0.3123,,
"Oct 10, 2025, 2:22:12 AM",Service Fee Charged EUR Class IE000AZVL3K0,-0.0223,,
"Oct 10, 2025, 2:22:12 AM",Interest PAID EUR Class R IE000AZVL3K0,0.3123,,
"Oct 9, 2025, 2:22:34 AM",Service Fee Charged EUR Class IE000AZVL3K0,-0.0223,,
"Oct 9, 2025, 2:22:34 AM",Interest PAID EUR Class R IE000AZVL3K0,0.3123,,
"Oct 8, 2025, 2:24:08 AM",Service Fee Charged EUR Class IE000AZVL3K0,-0.0223,,
"Oct 8, 2025, 2:24:08 AM",Interest PAID EUR Class R IE000AZVL3K0,0.3023,,
"Oct 7, 2025, 2:20:57 AM",Service Fee Charged EUR Class IE000AZVL3K0,-0.0223,,
"Oct 7, 2025, 2:20:57 AM",Interest PAID EUR Class R IE000AZVL3K0,0.3123,,
"Oct 6, 2025, 2:18:59 AM",Service Fee Charged EUR Class IE000AZVL3K0,-0.0223,,
"Oct 6, 2025, 2:18:59 AM",Interest PAID EUR Class R IE000AZVL3K0,0.3023,,
"Oct 5, 2025, 2:20:48 AM",Service Fee Charged EUR Class IE000AZVL3K0,-0.0223,,
"Oct 5, 2025, 2:20:48 AM",Interest PAID EUR Class R IE000AZVL3K0,0.3123,,
"Oct 4, 2025, 2:18:45 AM",Service Fee Charged EUR Class IE000AZVL3K0,-0.0223,,
"Oct 4, 2025, 2:18:45 AM",Interest PAID EUR Class R IE000AZVL3K0,0.3023,,
"Oct 3, 2025, 12:43:56 PM",BUY EUR Class R IE000AZVL3K0,6.40,1.00,6.40
"Oct 3, 2025, 2:18:45 AM",Service Fee Charged EUR Class IE000AZVL3K0,-0.0223,,
"Oct 3, 2025, 2:18:45 AM",Interest PAID EUR Class R IE000AZVL3K0,0.3123,,
"Oct 2, 2025, 6:37:15 PM",Interest Reinvested Class R EUR IE000AZVL3K0,-6.40,,
"Oct 2, 2025, 2:18:55 AM",Service Fee Charged EUR Class IE000AZVL3K0,-0.0223,,
"Oct 2, 2025, 2:18:55 AM",Interest PAID EUR Class R IE000AZVL3K0,0.3023,,
"Oct 1, 2025, 2:17:35 AM",Service Fee Charged EUR Class IE000AZVL3K0,-0.0223,,
"Oct 1, 2025, 2:17:35 AM",Interest PAID EUR Class R IE000AZVL3K0,0.3123,,
"Sep 30, 2025, 2:20:05 AM",Service Fee Charged EUR Class IE000AZVL3K0,-0.0223,,
"Sep 30, 2025, 2:20:05 AM",Interest PAID EUR Class R IE000AZVL3K0,0.3123,,
"Sep 29, 2025, 2:20:06 AM",Service Fee Charged EUR Class IE000AZVL3K0,-0.0223,,
"Sep 29, 2025, 2:20:06 AM",Interest PAID EUR Class R IE000AZVL3K0,0.3123,,
"Sep 28, 2025, 2:20:16 AM",Service Fee Charged EUR Class IE000AZVL3K0,-0.0223,,
"Sep 28, 2025, 2:20:16 AM",Interest PAID EUR Class R IE000AZVL3K0,0.3023,,
"Sep 27, 2025, 2:20:00 AM",Service Fee Charged EUR Class IE000AZVL3K0,-0.0223,,
"Sep 27, 2025, 2:20:00 AM",Interest PAID EUR Class R IE000AZVL3K0,0.3123,,
"Sep 26, 2025, 2:21:06 AM",Service Fee Charged EUR Class IE000AZVL3K0,-0.0223,,
"Sep 26, 2025, 2:21:06 AM",Interest PAID EUR Class R IE000AZVL3K0,0.3023,,
"Sep 25, 2025, 2:22:33 AM",Service Fee Charged EUR Class IE000AZVL3K0,-0.0223,,
"Sep 25, 2025, 2:22:33 AM",Interest PAID EUR Class R IE000AZVL3K0,0.3123,,
"Sep 24, 2025, 2:18:58 AM",Service Fee Charged EUR Class IE000AZVL3K0,-0.0223,,
"Sep 24, 2025, 2:18:58 AM",Interest PAID EUR Class R IE000AZVL3K0,0.3123,,
"Sep 23, 2025, 2:20:42 AM",Service Fee Charged EUR Class IE000AZVL3K0,-0.0223,,
"Sep 23, 2025, 2:20:42 AM",Interest PAID EUR Class R IE000AZVL3K0,0.3123,,
"Sep 22, 2025, 3:35:42 PM",BUY EUR Class R IE000AZVL3K0,500,1.00,500
"Sep 22, 2025, 2:19:03 AM",Service Fee Charged EUR Class IE000AZVL3K0,-0.0202,,
"Sep 22, 2025, 2:19:03 AM",Interest PAID EUR Class R IE000AZVL3K0,0.2802,,
"Sep 21, 2025, 2:18:00 AM",Service Fee Charged EUR Class IE000AZVL3K0,-0.0202,,
"Sep 21, 2025, 2:18:00 AM",Interest PAID EUR Class R IE000AZVL3K0,0.2802,,
"Sep 20, 2025, 2:19:00 AM",Service Fee Charged EUR Class IE000AZVL3K0,-0.0202,,
"Sep 20, 2025, 2:19:00 AM",Interest PAID EUR Class R IE000AZVL3K0,0.2802,,
"Sep 19, 2025, 2:19:39 AM",Service Fee Charged EUR Class IE000AZVL3K0,-0.0202,,
"Sep 19, 2025, 2:19:39 AM",Interest PAID EUR Class R IE000AZVL3K0,0.2802,,
"Sep 18, 2025, 2:21:24 AM",Service Fee Charged EUR Class IE000AZVL3K0,-0.0202,,
"Sep 18, 2025, 2:21:24 AM",Interest PAID EUR Class R IE000AZVL3K0,0.2702,,
"Sep 17, 2025, 2:20:30 AM",Service Fee Charged EUR Class IE000AZVL3K0,-0.0202,,
"Sep 17, 2025, 2:20:30 AM",Interest PAID EUR Class R IE000AZVL3K0,0.2802,,
"Sep 16, 2025, 2:18:55 AM",Service Fee Charged EUR Class IE000AZVL3K0,-0.0202,,
"Sep 16, 2025, 2:18:55 AM",Interest PAID EUR Class R IE000AZVL3K0,0.2802,,
"Sep 15, 2025, 1:24:01 PM",BUY EUR Class R IE000AZVL3K0,"2,210",1.00,"2,210"
"Sep 15, 2025, 2:20:01 AM",Service Fee Charged EUR Class IE000AZVL3K0,-0.0111,,
"Sep 15, 2025, 2:20:01 AM",Interest PAID EUR Class R IE000AZVL3K0,0.1511,,
"Sep 14, 2025, 2:19:39 AM",Service Fee Charged EUR Class IE000AZVL3K0,-0.0111,,
"Sep 14, 2025, 2:19:39 AM",Interest PAID EUR Class R IE000AZVL3K0,0.1611,,
"Sep 13, 2025, 2:19:41 AM",Service Fee Charged EUR Class IE000AZVL3K0,-0.0111,,
"Sep 13, 2025, 2:19:41 AM",Interest PAID EUR Class R IE000AZVL3K0,0.1511,,
"Sep 12, 2025, 2:19:49 AM",Service Fee Charged EUR Class IE000AZVL3K0,-0.0111,,
"Sep 12, 2025, 2:19:49 AM",Interest PAID EUR Class R IE000AZVL3K0,0.1511,,
"Sep 11, 2025, 2:19:18 AM",Service Fee Charged EUR Class IE000AZVL3K0,-0.0111,,
"Sep 11, 2025, 2:19:18 AM",Interest PAID EUR Class R IE000AZVL3K0,0.1511,,
"Sep 10, 2025, 2:19:07 AM",Service Fee Charged EUR Class IE000AZVL3K0,-0.0111,,
"Sep 10, 2025, 2:19:07 AM",Interest PAID EUR Class R IE000AZVL3K0,0.1611,,
"Sep 9, 2025, 2:19:33 AM",Service Fee Charged EUR Class IE000AZVL3K0,-0.0111,,
"Sep 9, 2025, 2:19:33 AM",Interest PAID EUR Class R IE000AZVL3K0,0.1511,,
"Sep 8, 2025, 2:18:41 AM",Service Fee Charged EUR Class IE000AZVL3K0,-0.0111,,
"Sep 8, 2025, 2:18:41 AM",Interest PAID EUR Class R IE000AZVL3K0,0.1511,,
"Sep 7, 2025, 2:19:22 AM",Service Fee Charged EUR Class IE000AZVL3K0,-0.0111,,
"Sep 7, 2025, 2:19:22 AM",Interest PAID EUR Class R IE000AZVL3K0,0.1611,,
"Sep 6, 2025, 2:19:07 AM",Service Fee Charged EUR Class IE000AZVL3K0,-0.0111,,
"Sep 6, 2025, 2:19:07 AM",Interest PAID EUR Class R IE000AZVL3K0,0.1511,,
"Sep 5, 2025, 2:20:02 AM",Service Fee Charged EUR Class IE000AZVL3K0,-0.0111,,
"Sep 5, 2025, 2:20:02 AM",Interest PAID EUR Class R IE000AZVL3K0,0.1511,,
"Sep 4, 2025, 2:20:07 AM",Service Fee Charged EUR Class IE000AZVL3K0,-0.0111,,
"Sep 4, 2025, 2:20:07 AM",Interest PAID EUR Class R IE000AZVL3K0,0.1511,,
"Sep 3, 2025, 12:58:24 PM",BUY EUR Class R IE000AZVL3K0,4.68,1.00,4.68
"Sep 3, 2025, 2:19:18 AM",Service Fee Charged EUR Class IE000AZVL3K0,-0.0111,,
"Sep 3, 2025, 2:19:18 AM",Interest PAID EUR Class R IE000AZVL3K0,0.1611,,
"Sep 2, 2025, 3:56:16 PM",Interest Reinvested Class R EUR IE000AZVL3K0,-4.68,,
"Sep 2, 2025, 2:18:27 AM",Service Fee Charged EUR Class IE000AZVL3K0,-0.0111,,
"Sep 2, 2025, 2:18:27 AM",Interest PAID EUR Class R IE000AZVL3K0,0.1511,,
"Sep 1, 2025, 2:20:09 AM",Service Fee Charged EUR Class IE000AZVL3K0,-0.0111,,
"Sep 1, 2025, 2:20:09 AM",Interest PAID EUR Class R IE000AZVL3K0,0.1511,,
"Aug 31, 2025, 2:19:18 AM",Service Fee Charged EUR Class IE000AZVL3K0,-0.0111,,
"Aug 31, 2025, 2:19:18 AM",Interest PAID EUR Class R IE000AZVL3K0,0.1511,,
"Aug 30, 2025, 2:18:06 AM",Service Fee Charged EUR Class IE000AZVL3K0,-0.0111,,
"Aug 30, 2025, 2:18:06 AM",Interest PAID EUR Class R IE000AZVL3K0,0.1611,,
"Aug 29, 2025, 2:18:15 AM",Service Fee Charged EUR Class IE000AZVL3K0,-0.0111,,
"Aug 29, 2025, 2:18:15 AM",Interest PAID EUR Class R IE000AZVL3K0,0.1511,,
"Aug 28, 2025, 2:19:41 AM",Service Fee Charged EUR Class IE000AZVL3K0,-0.0111,,
"Aug 28, 2025, 2:19:41 AM",Interest PAID EUR Class R IE000AZVL3K0,0.1511,,
"Aug 27, 2025, 11:29:28 AM",Service Fee Charged EUR Class IE000AZVL3K0,-0.0111,,
"Aug 27, 2025, 11:29:28 AM",Interest PAID EUR Class R IE000AZVL3K0,0.1511,,
"Aug 26, 2025, 2:20:31 AM",Service Fee Charged EUR Class IE000AZVL3K0,-0.0111,,
"Aug 26, 2025, 2:20:31 AM",Interest PAID EUR Class R IE000AZVL3K0,0.1511,,
"Aug 25, 2025, 2:18:03 AM",Service Fee Charged EUR Class IE000AZVL3K0,-0.0111,,
"Aug 25, 2025, 2:18:03 AM",Interest PAID EUR Class R IE000AZVL3K0,0.1611,,
"Aug 24, 2025, 2:20:43 AM",Service Fee Charged EUR Class IE000AZVL3K0,-0.0111,,
"Aug 24, 2025, 2:20:43 AM",Interest PAID EUR Class R IE000AZVL3K0,0.1511,,
"Aug 23, 2025, 2:19:08 AM",Service Fee Charged EUR Class IE000AZVL3K0,-0.0111,,
"Aug 23, 2025, 2:19:08 AM",Interest PAID EUR Class R IE000AZVL3K0,0.1511,,
"Aug 22, 2025, 2:20:19 AM",Service Fee Charged EUR Class IE000AZVL3K0,-0.0111,,
"Aug 22, 2025, 2:20:19 AM",Interest PAID EUR Class R IE000AZVL3K0,0.1511,,
"Aug 21, 2025, 1:53:46 PM",Service Fee Charged EUR Class IE000AZVL3K0,-0.0111,,
"Aug 21, 2025, 1:53:46 PM",Interest PAID EUR Class R IE000AZVL3K0,0.1511,,
"Aug 20, 2025, 2:19:49 AM",Service Fee Charged EUR Class IE000AZVL3K0,-0.0111,,
"Aug 20, 2025, 2:19:49 AM",Interest PAID EUR Class R IE000AZVL3K0,0.1611,,
"Aug 19, 2025, 2:21:39 AM",Service Fee Charged EUR Class IE000AZVL3K0,-0.0111,,
"Aug 19, 2025, 2:21:39 AM",Interest PAID EUR Class R IE000AZVL3K0,0.1511,,
"Aug 18, 2025, 2:21:42 AM",Service Fee Charged EUR Class IE000AZVL3K0,-0.0111,,
"Aug 18, 2025, 2:21:42 AM",Interest PAID EUR Class R IE000AZVL3K0,0.1511,,
"Aug 17, 2025, 2:21:00 AM",Service Fee Charged EUR Class IE000AZVL3K0,-0.0111,,
"Aug 17, 2025, 2:21:00 AM",Interest PAID EUR Class R IE000AZVL3K0,0.1511,,
"Aug 16, 2025, 2:18:41 AM",Service Fee Charged EUR Class IE000AZVL3K0,-0.0111,,
"Aug 16, 2025, 2:18:41 AM",Interest PAID EUR Class R IE000AZVL3K0,0.1611,,
"Aug 15, 2025, 2:19:43 AM",Service Fee Charged EUR Class IE000AZVL3K0,-0.0111,,
"Aug 15, 2025, 2:19:43 AM",Interest PAID EUR Class R IE000AZVL3K0,0.1511,,
"Aug 14, 2025, 2:20:00 AM",Service Fee Charged EUR Class IE000AZVL3K0,-0.0111,,
"Aug 14, 2025, 2:20:00 AM",Interest PAID EUR Class R IE000AZVL3K0,0.1511,,
"Aug 13, 2025, 2:18:59 AM",Service Fee Charged EUR Class IE000AZVL3K0,-0.0111,,
"Aug 13, 2025, 2:18:59 AM",Interest PAID EUR Class R IE000AZVL3K0,0.1511,,
"Aug 12, 2025, 2:18:55 AM",Service Fee Charged EUR Class IE000AZVL3K0,-0.0111,,
"Aug 12, 2025, 2:18:55 AM",Interest PAID EUR Class R IE000AZVL3K0,0.1611,,
"Aug 11, 2025, 2:18:25 AM",Service Fee Charged EUR Class IE000AZVL3K0,-0.0111,,
"Aug 11, 2025, 2:18:25 AM",Interest PAID EUR Class R IE000AZVL3K0,0.1511,,
"Aug 10, 2025, 2:20:30 AM",Service Fee Charged EUR Class IE000AZVL3K0,-0.0111,,
"Aug 10, 2025, 2:20:30 AM",Interest PAID EUR Class R IE000AZVL3K0,0.1511,,
"Aug 9, 2025, 2:21:01 AM",Service Fee Charged EUR Class IE000AZVL3K0,-0.0111,,
"Aug 9, 2025, 2:21:01 AM",Interest PAID EUR Class R IE000AZVL3K0,0.1511,,
"Aug 8, 2025, 2:19:09 AM",Service Fee Charged EUR Class IE000AZVL3K0,-0.0111,,
"Aug 8, 2025, 2:19:09 AM",Interest PAID EUR Class R IE000AZVL3K0,0.1511,,
"Aug 7, 2025, 2:18:43 AM",Service Fee Charged EUR Class IE000AZVL3K0,-0.0111,,
"Aug 7, 2025, 2:18:43 AM",Interest PAID EUR Class R IE000AZVL3K0,0.1611,,
"Aug 6, 2025, 2:19:23 AM",Service Fee Charged EUR Class IE000AZVL3K0,-0.0111,,
"Aug 6, 2025, 2:19:23 AM",Interest PAID EUR Class R IE000AZVL3K0,0.1511,,
"Aug 5, 2025, 12:44:10 PM",SELL EUR Class R IE000AZVL3K0,"-1,300",1.00,"1,300"
"Aug 5, 2025, 2:18:53 AM",Service Fee Charged EUR Class IE000AZVL3K0,-0.0165,,
"Aug 5, 2025, 2:18:53 AM",Interest PAID EUR Class R IE000AZVL3K0,0.2265,,
"Aug 4, 2025, 5:32:24 PM",BUY EUR Class R IE000AZVL3K0,4.91,1.00,4.91
"Aug 4, 2025, 2:18:12 AM",Service Fee Charged EUR Class IE000AZVL3K0,-0.0164,,
"Aug 4, 2025, 2:18:12 AM",Interest PAID EUR Class R IE000AZVL3K0,0.2264,,
"Aug 3, 2025, 2:18:01 AM",Service Fee Charged EUR Class IE000AZVL3K0,-0.0164,,
"Aug 3, 2025, 2:18:01 AM",Interest PAID EUR Class R IE000AZVL3K0,0.2264,,
"Aug 2, 2025, 10:03:19 PM",Interest Reinvested Class R EUR IE000AZVL3K0,-4.91,,
"Aug 2, 2025, 2:18:39 AM",Service Fee Charged EUR Class IE000AZVL3K0,-0.0164,,
"Aug 2, 2025, 2:18:39 AM",Interest PAID EUR Class R IE000AZVL3K0,0.2264,,
"Aug 1, 2025, 2:19:10 AM",Service Fee Charged EUR Class IE000AZVL3K0,-0.0164,,
"Aug 1, 2025, 2:19:10 AM",Interest PAID EUR Class R IE000AZVL3K0,0.2264,,
"Jul 31, 2025, 2:19:20 AM",Service Fee Charged EUR Class IE000AZVL3K0,-0.0164,,
"Jul 31, 2025, 2:19:20 AM",Interest PAID EUR Class R IE000AZVL3K0,0.2264,,
"Jul 30, 2025, 2:18:03 AM",Service Fee Charged EUR Class IE000AZVL3K0,-0.0164,,
"Jul 30, 2025, 2:18:03 AM",Interest PAID EUR Class R IE000AZVL3K0,0.2264,,
"Jul 29, 2025, 2:18:48 AM",Service Fee Charged EUR Class IE000AZVL3K0,-0.0164,,
"Jul 29, 2025, 2:18:48 AM",Interest PAID EUR Class R IE000AZVL3K0,0.2264,,
"Jul 28, 2025, 2:18:04 AM",Service Fee Charged EUR Class IE000AZVL3K0,-0.0164,,
"Jul 28, 2025, 2:18:04 AM",Interest PAID EUR Class R IE000AZVL3K0,0.2264,,
"Jul 27, 2025, 2:18:45 AM",Service Fee Charged EUR Class IE000AZVL3K0,-0.0164,,
"Jul 27, 2025, 2:18:45 AM",Interest PAID EUR Class R IE000AZVL3K0,0.2264,,
"Jul 26, 2025, 2:19:52 AM",Service Fee Charged EUR Class IE000AZVL3K0,-0.0164,,
"Jul 26, 2025, 2:19:52 AM",Interest PAID EUR Class R IE000AZVL3K0,0.2264,,
"Jul 25, 2025, 2:21:02 AM",Service Fee Charged EUR Class IE000AZVL3K0,-0.0164,,
"Jul 25, 2025, 2:21:02 AM",Interest PAID EUR Class R IE000AZVL3K0,0.2164,,
"Jul 24, 2025, 2:18:33 AM",Service Fee Charged EUR Class IE000AZVL3K0,-0.0164,,
"Jul 24, 2025, 2:18:33 AM",Interest PAID EUR Class R IE000AZVL3K0,0.2264,,
"Jul 23, 2025, 2:20:22 AM",Service Fee Charged EUR Class IE000AZVL3K0,-0.0164,,
"Jul 23, 2025, 2:20:22 AM",Interest PAID EUR Class R IE000AZVL3K0,0.2364,,
"Jul 22, 2025, 2:22:03 AM",Service Fee Charged EUR Class IE000AZVL3K0,-0.0164,,
"Jul 22, 2025, 2:22:03 AM",Interest PAID EUR Class R IE000AZVL3K0,0.2264,,
"Jul 21, 2025, 2:23:39 AM",Service Fee Charged EUR Class IE000AZVL3K0,-0.0164,,
"Jul 21, 2025, 2:23:39 AM",Interest PAID EUR Class R IE000AZVL3K0,0.2264,,
"Jul 20, 2025, 2:24:25 AM",Service Fee Charged EUR Class IE000AZVL3K0,-0.0164,,
"Jul 20, 2025, 2:24:25 AM",Interest PAID EUR Class R IE000AZVL3K0,0.2264,,
"Jul 19, 2025, 2:20:58 AM",Service Fee Charged EUR Class IE000AZVL3K0,-0.0164,,
"Jul 19, 2025, 2:20:58 AM",Interest PAID EUR Class R IE000AZVL3K0,0.2264,,
"Jul 18, 2025, 2:22:25 AM",Service Fee Charged EUR Class IE000AZVL3K0,-0.0164,,
"Jul 18, 2025, 2:22:25 AM",Interest PAID EUR Class R IE000AZVL3K0,0.2264,,
"Jul 17, 2025, 1:14:40 PM",BUY EUR Class R IE000AZVL3K0,"1,000",1.00,"1,000"
"Jul 17, 2025, 2:22:01 AM",Service Fee Charged EUR Class IE000AZVL3K0,-0.0123,,
"Jul 17, 2025, 2:22:01 AM",Interest PAID EUR Class R IE000AZVL3K0,0.1723,,
"Jul 16, 2025, 1:07:25 PM",BUY EUR Class R IE000AZVL3K0,"1,000",1.00,"1,000"
"Jul 16, 2025, 2:17:04 AM",Service Fee Charged EUR Class IE000AZVL3K0,-0.0082,,
"Jul 16, 2025, 2:17:04 AM",Interest PAID EUR Class R IE000AZVL3K0,0.1082,,
"Jul 15, 2025, 2:17:31 AM",Service Fee Charged EUR Class IE000AZVL3K0,-0.0082,,
"Jul 15, 2025, 2:17:31 AM",Interest PAID EUR Class R IE000AZVL3K0,0.1182,,
"Jul 14, 2025, 2:16:53 AM",Service Fee Charged EUR Class IE000AZVL3K0,-0.0082,,
"Jul 14, 2025, 2:16:53 AM",Interest PAID EUR Class R IE000AZVL3K0,0.1082,,
"Jul 13, 2025, 2:17:10 AM",Service Fee Charged EUR Class IE000AZVL3K0,-0.0082,,
"Jul 13, 2025, 2:17:10 AM",Interest PAID EUR Class R IE000AZVL3K0,0.1182,,
"Jul 12, 2025, 2:17:32 AM",Service Fee Charged EUR Class IE000AZVL3K0,-0.0082,,
"Jul 12, 2025, 2:17:32 AM",Interest PAID EUR Class R IE000AZVL3K0,0.1182,,
"Jul 11, 2025, 2:16:52 AM",Service Fee Charged EUR Class IE000AZVL3K0,-0.0082,,
"Jul 11, 2025, 2:16:52 AM",Interest PAID EUR Class R IE000AZVL3K0,0.1082,,
"Jul 10, 2025, 2:16:52 AM",Service Fee Charged EUR Class IE000AZVL3K0,-0.0082,,
"Jul 10, 2025, 2:16:52 AM",Interest PAID EUR Class R IE000AZVL3K0,0.1182,,
"Jul 9, 2025, 2:17:55 AM",Service Fee Charged EUR Class IE000AZVL3K0,-0.0082,,
"Jul 9, 2025, 2:17:55 AM",Interest PAID EUR Class R IE000AZVL3K0,0.1182,,
"Jul 8, 2025, 2:20:12 AM",Service Fee Charged EUR Class IE000AZVL3K0,-0.0082,,
"Jul 8, 2025, 2:20:12 AM",Interest PAID EUR Class R IE000AZVL3K0,0.1082,,
"Jul 7, 2025, 4:48:24 PM",BUY EUR Class R IE000AZVL3K0,1.64,1.00,1.64
"Jul 7, 2025, 2:20:33 AM",Service Fee Charged EUR Class IE000AZVL3K0,-0.0082,,
"Jul 7, 2025, 2:20:33 AM",Interest PAID EUR Class R IE000AZVL3K0,0.1182,,
"Jul 6, 2025, 7:25:36 AM",Interest Reinvested Class R EUR IE000AZVL3K0,-1.64,,
"Jul 6, 2025, 2:20:33 AM",Service Fee Charged EUR Class IE000AZVL3K0,-0.0082,,
"Jul 6, 2025, 2:20:33 AM",Interest PAID EUR Class R IE000AZVL3K0,0.1182,,
"Jul 5, 2025, 2:20:33 AM",Service Fee Charged EUR Class IE000AZVL3K0,-0.0082,,
"Jul 5, 2025, 2:20:33 AM",Interest PAID EUR Class R IE000AZVL3K0,0.1082,,
"Jul 4, 2025, 2:22:33 AM",Service Fee Charged EUR Class IE000AZVL3K0,-0.0082,,
"Jul 4, 2025, 2:22:33 AM",Interest PAID EUR Class R IE000AZVL3K0,0.1182,,
"Jul 3, 2025, 2:21:41 AM",Service Fee Charged EUR Class IE000AZVL3K0,-0.0082,,
"Jul 3, 2025, 2:21:41 AM",Interest PAID EUR Class R IE000AZVL3K0,0.1182,,
"Jul 2, 2025, 2:19:48 AM",Service Fee Charged EUR Class IE000AZVL3K0,-0.0082,,
"Jul 2, 2025, 2:19:48 AM",Interest PAID EUR Class R IE000AZVL3K0,0.1182,,
"Jul 1, 2025, 2:19:01 AM",Service Fee Charged EUR Class IE000AZVL3K0,-0.0082,,
"Jul 1, 2025, 2:19:01 AM",Interest PAID EUR Class R IE000AZVL3K0,0.1182,,
"Jun 30, 2025, 2:19:13 AM",Service Fee Charged EUR Class IE000AZVL3K0,-0.0082,,
"Jun 30, 2025, 2:19:13 AM",Interest PAID EUR Class R IE000AZVL3K0,0.1182,,
"Jun 29, 2025, 2:20:26 AM",Service Fee Charged EUR Class IE000AZVL3K0,-0.0082,,
"Jun 29, 2025, 2:20:26 AM",Interest PAID EUR Class R IE000AZVL3K0,0.1082,,
"Jun 28, 2025, 2:19:08 AM",Service Fee Charged EUR Class IE000AZVL3K0,-0.0082,,
"Jun 28, 2025, 2:19:08 AM",Interest PAID EUR Class R IE000AZVL3K0,0.1182,,
"Jun 27, 2025, 2:22:24 AM",Service Fee Charged EUR Class IE000AZVL3K0,-0.0082,,
"Jun 27, 2025, 2:22:24 AM",Interest PAID EUR Class R IE000AZVL3K0,0.1182,,
"Jun 26, 2025, 2:21:33 AM",Service Fee Charged EUR Class IE000AZVL3K0,-0.0082,,
"Jun 26, 2025, 2:21:33 AM",Interest PAID EUR Class R IE000AZVL3K0,0.1182,,
"Jun 25, 2025, 2:21:51 AM",Service Fee Charged EUR Class IE000AZVL3K0,-0.0082,,
"Jun 25, 2025, 2:21:51 AM",Interest PAID EUR Class R IE000AZVL3K0,0.1182,,
"Jun 24, 2025, 2:19:17 AM",Service Fee Charged EUR Class IE000AZVL3K0,-0.0082,,
"Jun 24, 2025, 2:19:17 AM",Interest PAID EUR Class R IE000AZVL3K0,0.1182,,
"Jun 23, 2025, 2:20:47 AM",Service Fee Charged EUR Class IE000AZVL3K0,-0.0082,,
"Jun 23, 2025, 2:20:47 AM",Interest PAID EUR Class R IE000AZVL3K0,0.1182,,
"Jun 22, 2025, 2:21:28 AM",Service Fee Charged EUR Class IE000AZVL3K0,-0.0082,,
"Jun 22, 2025, 2:21:28 AM",Interest PAID EUR Class R IE000AZVL3K0,0.1182,,
"Jun 21, 2025, 2:21:46 AM",Service Fee Charged EUR Class IE000AZVL3K0,-0.0082,,
"Jun 21, 2025, 2:21:46 AM",Interest PAID EUR Class R IE000AZVL3K0,0.1182,,
"Jun 20, 2025, 2:19:36 AM",Service Fee Charged EUR Class IE000AZVL3K0,-0.0082,,
"Jun 20, 2025, 2:19:36 AM",Interest PAID EUR Class R IE000AZVL3K0,0.1182,,
"Jun 19, 2025, 2:22:39 AM",Service Fee Charged EUR Class IE000AZVL3K0,-0.0082,,
"Jun 19, 2025, 2:22:39 AM",Interest PAID EUR Class R IE000AZVL3K0,0.1182,,
"Jun 18, 2025, 2:20:23 AM",Service Fee Charged EUR Class IE000AZVL3K0,-0.0082,,
"Jun 18, 2025, 2:20:23 AM",Interest PAID EUR Class R IE000AZVL3K0,0.1182,,
"Jun 17, 2025, 2:19:51 AM",Service Fee Charged EUR Class IE000AZVL3K0,-0.0082,,
"Jun 17, 2025, 2:19:51 AM",Interest PAID EUR Class R IE000AZVL3K0,0.1182,,
"Jun 16, 2025, 2:38:28 PM",BUY EUR Class R IE000AZVL3K0,"2,000",1.00,"2,000"
"Jun 4, 2025, 1:08:11 PM",BUY EUR Class R IE000AZVL3K0,0.09,1.00,0.09
"Jun 3, 2025, 6:28:11 PM",Interest Reinvested Class R EUR IE000AZVL3K0,-0.09,,
"May 15, 2025, 12:40:45 PM",SELL EUR Class R IE000AZVL3K0,"-1,459.73",1.00,"1,459.73"
"May 15, 2025, 2:19:34 AM",Service Fee Charged EUR Class IE000AZVL3K0,-0.0060,,
"May 15, 2025, 2:19:34 AM",Interest PAID EUR Class R IE000AZVL3K0,0.0960,,
"May 14, 2025, 5:28:51 PM",Interest WITHDRAWN EUR Class R IE000AZVL3K0,-1.16,,
"May 14, 2025, 2:19:31 AM",Service Fee Charged EUR Class IE000AZVL3K0,-0.0060,,
"May 14, 2025, 2:19:31 AM",Interest PAID EUR Class R IE000AZVL3K0,0.0960,,
"May 13, 2025, 2:23:00 AM",Service Fee Charged EUR Class IE000AZVL3K0,-0.0060,,
"May 13, 2025, 2:23:00 AM",Interest PAID EUR Class R IE000AZVL3K0,0.0960,,
"May 12, 2025, 2:21:38 AM",Service Fee Charged EUR Class IE000AZVL3K0,-0.0060,,
"May 12, 2025, 2:21:38 AM",Interest PAID EUR Class R IE000AZVL3K0,0.0960,,
"May 11, 2025, 2:22:11 AM",Service Fee Charged EUR Class IE000AZVL3K0,-0.0060,,
"May 11, 2025, 2:22:11 AM",Interest PAID EUR Class R IE000AZVL3K0,0.0960,,
"May 10, 2025, 2:22:21 AM",Service Fee Charged EUR Class IE000AZVL3K0,-0.0060,,
"May 10, 2025, 2:22:21 AM",Interest PAID EUR Class R IE000AZVL3K0,0.0960,,
"May 9, 2025, 2:20:12 AM",Service Fee Charged EUR Class IE000AZVL3K0,-0.0060,,
"May 9, 2025, 2:20:12 AM",Interest PAID EUR Class R IE000AZVL3K0,0.0960,,
"May 8, 2025, 2:21:59 AM",Service Fee Charged EUR Class IE000AZVL3K0,-0.0060,,
"May 8, 2025, 2:21:59 AM",Interest PAID EUR Class R IE000AZVL3K0,0.0960,,
"May 7, 2025, 2:23:08 AM",Service Fee Charged EUR Class IE000AZVL3K0,-0.0060,,
"May 7, 2025, 2:23:08 AM",Interest PAID EUR Class R IE000AZVL3K0,0.0860,,
"May 6, 2025, 4:31:26 PM",BUY EUR Class R IE000AZVL3K0,15.57,1.00,15.57
"May 6, 2025, 2:21:33 AM",Service Fee Charged EUR Class IE000AZVL3K0,-0.0059,,
"May 6, 2025, 2:21:33 AM",Interest PAID EUR Class R IE000AZVL3K0,0.0959,,
"May 5, 2025, 2:21:17 AM",Service Fee Charged EUR Class IE000AZVL3K0,-0.0059,,
"May 5, 2025, 2:21:17 AM",Interest PAID EUR Class R IE000AZVL3K0,0.0959,,
"May 4, 2025, 2:23:43 AM",Service Fee Charged EUR Class IE000AZVL3K0,-0.0059,,
"May 4, 2025, 2:23:43 AM",Interest PAID EUR Class R IE000AZVL3K0,0.0959,,
"May 3, 2025, 6:55:16 AM",Interest Reinvested Class R EUR IE000AZVL3K0,-15.57,,
"May 3, 2025, 2:22:35 AM",Service Fee Charged EUR Class IE000AZVL3K0,-0.0059,,
"May 3, 2025, 2:22:35 AM",Interest PAID EUR Class R IE000AZVL3K0,0.0959,,
"May 2, 2025, 2:20:34 AM",Service Fee Charged EUR Class IE000AZVL3K0,-0.0059,,
"May 2, 2025, 2:20:34 AM",Interest PAID EUR Class R IE000AZVL3K0,0.0959,,
"May 1, 2025, 2:20:46 AM",Service Fee Charged EUR Class IE000AZVL3K0,-0.0059,,
"May 1, 2025, 2:20:46 AM",Interest PAID EUR Class R IE000AZVL3K0,0.0959,,
"Apr 30, 2025, 2:20:47 AM",Service Fee Charged EUR Class IE000AZVL3K0,-0.0059,,
"Apr 30, 2025, 2:20:47 AM",Interest PAID EUR Class R IE000AZVL3K0,0.0959,,
"Apr 29, 2025, 2:19:59 AM",Service Fee Charged EUR Class IE000AZVL3K0,-0.0059,,
"Apr 29, 2025, 2:19:59 AM",Interest PAID EUR Class R IE000AZVL3K0,0.0959,,
"Apr 28, 2025, 2:20:09 AM",Service Fee Charged EUR Class IE000AZVL3K0,-0.0059,,
"Apr 28, 2025, 2:20:09 AM",Interest PAID EUR Class R IE000AZVL3K0,0.0959,,
"Apr 27, 2025, 2:22:53 AM",Service Fee Charged EUR Class IE000AZVL3K0,-0.0059,,
"Apr 27, 2025, 2:22:53 AM",Interest PAID EUR Class R IE000AZVL3K0,0.0959,,
"Apr 26, 2025, 2:22:34 AM",Service Fee Charged EUR Class IE000AZVL3K0,-0.0059,,
"Apr 26, 2025, 2:22:34 AM",Interest PAID EUR Class R IE000AZVL3K0,0.0959,,
"Apr 25, 2025, 2:20:42 AM",Service Fee Charged EUR Class IE000AZVL3K0,-0.0059,,
"Apr 25, 2025, 2:20:42 AM",Interest PAID EUR Class R IE000AZVL3K0,0.0959,,
"Apr 24, 2025, 2:22:55 AM",Service Fee Charged EUR Class IE000AZVL3K0,-0.0059,,
"Apr 24, 2025, 2:22:55 AM",Interest PAID EUR Class R IE000AZVL3K0,0.0959,,
"Apr 23, 2025, 2:20:22 AM",Service Fee Charged EUR Class IE000AZVL3K0,-0.0059,,
"Apr 23, 2025, 2:20:22 AM",Interest PAID EUR Class R IE000AZVL3K0,0.1059,,
"Apr 22, 2025, 2:57:25 PM",BUY EUR Class R IE000AZVL3K0,100,1.00,100
"Apr 22, 2025, 2:22:48 AM",Service Fee Charged EUR Class IE000AZVL3K0,-0.0055,,
"Apr 22, 2025, 2:22:48 AM",Interest PAID EUR Class R IE000AZVL3K0,0.0855,,
"Apr 21, 2025, 2:26:04 AM",Service Fee Charged EUR Class IE000AZVL3K0,-0.0055,,
"Apr 21, 2025, 2:26:04 AM",Interest PAID EUR Class R IE000AZVL3K0,0.0955,,
"Apr 20, 2025, 2:21:44 AM",Service Fee Charged EUR Class IE000AZVL3K0,-0.0055,,
"Apr 20, 2025, 2:21:44 AM",Interest PAID EUR Class R IE000AZVL3K0,0.0955,,
"Apr 19, 2025, 2:24:12 AM",Service Fee Charged EUR Class IE000AZVL3K0,-0.0055,,
"Apr 19, 2025, 2:24:12 AM",Interest PAID EUR Class R IE000AZVL3K0,0.0955,,
"Apr 18, 2025, 2:21:09 AM",Service Fee Charged EUR Class IE000AZVL3K0,-0.0055,,
"Apr 18, 2025, 2:21:09 AM",Interest PAID EUR Class R IE000AZVL3K0,0.0955,,
"Apr 17, 2025, 2:19:41 AM",Service Fee Charged EUR Class IE000AZVL3K0,-0.0055,,
"Apr 17, 2025, 2:19:41 AM",Interest PAID EUR Class R IE000AZVL3K0,0.0855,,
"Apr 16, 2025, 2:22:46 AM",Service Fee Charged EUR Class IE000AZVL3K0,-0.0055,,
"Apr 16, 2025, 2:22:46 AM",Interest PAID EUR Class R IE000AZVL3K0,0.0955,,
"Apr 15, 2025, 2:22:50 AM",Service Fee Charged EUR Class IE000AZVL3K0,-0.0055,,
"Apr 15, 2025, 2:22:50 AM",Interest PAID EUR Class R IE000AZVL3K0,0.0955,,
"Apr 14, 2025, 8:22:55 PM",BUY EUR Class R IE000AZVL3K0,36.71,1.00,36.71
"Apr 14, 2025, 2:18:16 AM",Service Fee Charged EUR Class IE000AZVL3K0,-0.0054,,
"Apr 14, 2025, 2:18:16 AM",Interest PAID EUR Class R IE000AZVL3K0,0.0954,,
"Apr 13, 2025, 2:18:46 AM",Service Fee Charged EUR Class IE000AZVL3K0,-0.0054,,
"Apr 13, 2025, 2:18:46 AM",Interest PAID EUR Class R IE000AZVL3K0,0.0854,,
"Apr 13, 2025, 12:43:33 AM",Interest Reinvested Class R EUR IE000AZVL3K0,-36.71,,
"Apr 12, 2025, 2:17:26 AM",Service Fee Charged EUR Class IE000AZVL3K0,-0.0054,,
"Apr 12, 2025, 2:17:26 AM",Interest PAID EUR Class R IE000AZVL3K0,0.0954,,
"Apr 11, 2025, 1:01:50 PM",SELL EUR Class R IE000AZVL3K0,"-19,500",1.00,"19,500"
"Apr 11, 2025, 2:21:50 AM",Service Fee Charged EUR Class IE000AZVL3K0,-0.0855,,
"Apr 11, 2025, 2:21:50 AM",Interest PAID EUR Class R IE000AZVL3K0,1.4655,,
"Apr 10, 2025, 2:20:51 AM",Service Fee Charged EUR Class IE000AZVL3K0,-0.0855,,
"Apr 10, 2025, 2:20:51 AM",Interest PAID EUR Class R IE000AZVL3K0,1.4555,,
"Apr 9, 2025, 2:23:35 AM",Service Fee Charged EUR Class IE000AZVL3K0,-0.0855,,
"Apr 9, 2025, 2:23:35 AM",Interest PAID EUR Class R IE000AZVL3K0,1.4655,,
"Apr 8, 2025, 2:20:11 AM",Service Fee Charged EUR Class IE000AZVL3K0,-0.0855,,
"Apr 8, 2025, 2:20:11 AM",Interest PAID EUR Class R IE000AZVL3K0,1.4655,,
"Apr 7, 2025, 2:05:52 PM",BUY EUR Class R IE000AZVL3K0,60,1.00,60
"Apr 7, 2025, 2:20:18 AM",Service Fee Charged EUR Class IE000AZVL3K0,-0.0853,,
"Apr 7, 2025, 2:20:18 AM",Interest PAID EUR Class R IE000AZVL3K0,1.4653,,
"Apr 6, 2025, 2:21:01 AM",Service Fee Charged EUR Class IE000AZVL3K0,-0.0853,,
"Apr 6, 2025, 2:21:01 AM",Interest PAID EUR Class R IE000AZVL3K0,1.4553,,
"Apr 5, 2025, 2:21:05 AM",Service Fee Charged EUR Class IE000AZVL3K0,-0.0853,,
"Apr 5, 2025, 2:21:05 AM",Interest PAID EUR Class R IE000AZVL3K0,1.4653,,
"Apr 4, 2025, 2:19:43 AM",Service Fee Charged EUR Class IE000AZVL3K0,-0.0853,,
"Apr 4, 2025, 2:19:43 AM",Interest PAID EUR Class R IE000AZVL3K0,1.4653,,
"Apr 3, 2025, 2:21:00 AM",Service Fee Charged EUR Class IE000AZVL3K0,-0.0853,,
"Apr 3, 2025, 2:21:00 AM",Interest PAID EUR Class R IE000AZVL3K0,1.4653,,
"Apr 2, 2025, 2:21:34 AM",Service Fee Charged EUR Class IE000AZVL3K0,-0.0853,,
"Apr 2, 2025, 2:21:34 AM",Interest PAID EUR Class R IE000AZVL3K0,1.4753,,
"Apr 1, 2025, 2:20:10 AM",Service Fee Charged EUR Class IE000AZVL3K0,-0.0853,,
"Apr 1, 2025, 2:20:10 AM",Interest PAID EUR Class R IE000AZVL3K0,1.4653,,
"Mar 31, 2025, 2:21:18 AM",Service Fee Charged EUR Class IE000AZVL3K0,-0.0853,,
"Mar 31, 2025, 2:21:18 AM",Interest PAID EUR Class R IE000AZVL3K0,1.4753,,
"Mar 30, 2025, 1:19:45 AM",Service Fee Charged EUR Class IE000AZVL3K0,-0.0853,,
"Mar 30, 2025, 1:19:45 AM",Interest PAID EUR Class R IE000AZVL3K0,1.4653,,
"Mar 29, 2025, 1:21:50 AM",Service Fee Charged EUR Class IE000AZVL3K0,-0.0853,,
"Mar 29, 2025, 1:21:50 AM",Interest PAID EUR Class R IE000AZVL3K0,1.4753,,
"Mar 28, 2025, 1:20:46 AM",Service Fee Charged EUR Class IE000AZVL3K0,-0.0853,,
"Mar 28, 2025, 1:20:46 AM",Interest PAID EUR Class R IE000AZVL3K0,1.4753,,
"Mar 27, 2025, 2:11:44 AM",Service Fee Charged EUR Class IE000AZVL3K0,-0.0853,,
"Mar 27, 2025, 2:11:44 AM",Interest PAID EUR Class R IE000AZVL3K0,1.4753,,
"Mar 26, 2025, 2:08:05 AM",Service Fee Charged EUR Class IE000AZVL3K0,-0.0853,,
"Mar 26, 2025, 2:08:05 AM",Interest PAID EUR Class R IE000AZVL3K0,1.4753,,
"Mar 25, 2025, 2:30:58 AM",Service Fee Charged EUR Class IE000AZVL3K0,-0.0853,,
"Mar 25, 2025, 2:30:58 AM",Interest PAID EUR Class R IE000AZVL3K0,1.4753,,
"Mar 24, 2025, 2:06:21 AM",Service Fee Charged EUR Class IE000AZVL3K0,-0.0853,,
"Mar 24, 2025, 2:06:21 AM",Interest PAID EUR Class R IE000AZVL3K0,1.4753,,
"Mar 23, 2025, 2:09:35 AM",Service Fee Charged EUR Class IE000AZVL3K0,-0.0853,,
"Mar 23, 2025, 2:09:35 AM",Interest PAID EUR Class R IE000AZVL3K0,1.4753,,
"Mar 22, 2025, 2:06:18 AM",Service Fee Charged EUR Class IE000AZVL3K0,-0.0853,,
"Mar 22, 2025, 2:06:18 AM",Interest PAID EUR Class R IE000AZVL3K0,1.4753,,
"Mar 21, 2025, 2:04:30 AM",Service Fee Charged EUR Class IE000AZVL3K0,-0.0853,,
"Mar 21, 2025, 2:04:30 AM",Interest PAID EUR Class R IE000AZVL3K0,1.4853,,
"Mar 20, 2025, 2:03:58 AM",Service Fee Charged EUR Class IE000AZVL3K0,-0.0853,,
"Mar 20, 2025, 2:03:58 AM",Interest PAID EUR Class R IE000AZVL3K0,1.4753,,
"Mar 19, 2025, 2:03:36 AM",Service Fee Charged EUR Class IE000AZVL3K0,-0.0853,,
"Mar 19, 2025, 2:03:36 AM",Interest PAID EUR Class R IE000AZVL3K0,1.4853,,
"Mar 18, 2025, 1:01:07 PM",BUY EUR Class R IE000AZVL3K0,"1,000",1.00,"1,000"
"Mar 18, 2025, 2:02:07 AM",Service Fee Charged EUR Class IE000AZVL3K0,-0.0812,,
"Mar 18, 2025, 2:02:07 AM",Interest PAID EUR Class R IE000AZVL3K0,1.4312,,
"Mar 17, 2025, 1:58:05 PM",BUY EUR Class R IE000AZVL3K0,"5,700",1.00,"5,700"
"Mar 17, 2025, 2:01:34 AM",Service Fee Charged EUR Class IE000AZVL3K0,-0.0577,,
"Mar 17, 2025, 2:01:34 AM",Interest PAID EUR Class R IE000AZVL3K0,1.0177,,
"Mar 16, 2025, 2:01:42 AM",Service Fee Charged EUR Class IE000AZVL3K0,-0.0577,,
"Mar 16, 2025, 2:01:42 AM",Interest PAID EUR Class R IE000AZVL3K0,1.0177,,
"Mar 15, 2025, 2:06:03 AM",Service Fee Charged EUR Class IE000AZVL3K0,-0.0577,,
"Mar 15, 2025, 2:06:03 AM",Interest PAID EUR Class R IE000AZVL3K0,1.0177,,
"Mar 14, 2025, 2:03:21 AM",Service Fee Charged EUR Class IE000AZVL3K0,-0.0577,,
"Mar 14, 2025, 2:03:21 AM",Interest PAID EUR Class R IE000AZVL3K0,1.0177,,
"Mar 13, 2025, 2:02:59 AM",Service Fee Charged EUR Class IE000AZVL3K0,-0.0577,,
"Mar 13, 2025, 2:02:59 AM",Interest PAID EUR Class R IE000AZVL3K0,1.0277,,
"Mar 12, 2025, 2:03:51 AM",Service Fee Charged EUR Class IE000AZVL3K0,-0.0577,,
"Mar 12, 2025, 2:03:51 AM",Interest PAID EUR Class R IE000AZVL3K0,1.0477,,
"Mar 11, 2025, 1:56:15 AM",Service Fee Charged EUR Class IE000AZVL3K0,-0.0577,,
"Mar 11, 2025, 1:56:15 AM",Interest PAID EUR Class R IE000AZVL3K0,1.0677,,
"Mar 10, 2025, 1:56:00 AM",Service Fee Charged EUR Class IE000AZVL3K0,-0.0577,,
"Mar 10, 2025, 1:56:00 AM",Interest PAID EUR Class R IE000AZVL3K0,1.0577,,
"Mar 9, 2025, 1:56:09 AM",Service Fee Charged EUR Class IE000AZVL3K0,-0.0577,,
"Mar 9, 2025, 1:56:09 AM",Interest PAID EUR Class R IE000AZVL3K0,1.0677,,
"Mar 8, 2025, 2:01:13 AM",Service Fee Charged EUR Class IE000AZVL3K0,-0.0577,,
"Mar 8, 2025, 2:01:13 AM",Interest PAID EUR Class R IE000AZVL3K0,1.0677,,
"Mar 7, 2025, 2:02:55 AM",Service Fee Charged EUR Class IE000AZVL3K0,-0.0577,,
"Mar 7, 2025, 2:02:55 AM",Interest PAID EUR Class R IE000AZVL3K0,1.0577,,
"Mar 6, 2025, 2:03:38 AM",Service Fee Charged EUR Class IE000AZVL3K0,-0.0577,,
"Mar 6, 2025, 2:03:38 AM",Interest PAID EUR Class R IE000AZVL3K0,1.0677,,
"Mar 5, 2025, 1:33:40 PM",BUY EUR Class R IE000AZVL3K0,27.97,1.00,27.97
"Mar 5, 2025, 2:04:54 AM",Service Fee Charged EUR Class IE000AZVL3K0,-0.0576,,
"Mar 5, 2025, 2:04:54 AM",Interest PAID EUR Class R IE000AZVL3K0,1.0676,,
"Mar 4, 2025, 11:43:07 PM",Interest Reinvested Class R EUR IE000AZVL3K0,-27.97,,
"Mar 4, 2025, 2:00:10 AM",Service Fee Charged EUR Class IE000AZVL3K0,-0.0576,,
"Mar 4, 2025, 2:00:10 AM",Interest PAID EUR Class R IE000AZVL3K0,1.0776,,
"Mar 3, 2025, 2:21:21 AM",Service Fee Charged EUR Class IE000AZVL3K0,-0.0576,,
"Mar 3, 2025, 2:21:21 AM",Interest PAID EUR Class R IE000AZVL3K0,1.0676,,
"Mar 2, 2025, 2:24:10 AM",Service Fee Charged EUR Class IE000AZVL3K0,-0.0576,,
"Mar 2, 2025, 2:24:10 AM",Interest PAID EUR Class R IE000AZVL3K0,1.0776,,
"Mar 1, 2025, 2:25:24 AM",Service Fee Charged EUR Class IE000AZVL3K0,-0.0576,,
"Mar 1, 2025, 2:25:24 AM",Interest PAID EUR Class R IE000AZVL3K0,1.0776,,
"Feb 28, 2025, 2:28:28 AM",Service Fee Charged EUR Class IE000AZVL3K0,-0.0576,,
"Feb 28, 2025, 2:28:28 AM",Interest PAID EUR Class R IE000AZVL3K0,1.0776,,
"Feb 27, 2025, 2:43:24 AM",Service Fee Charged EUR Class IE000AZVL3K0,-0.0576,,
"Feb 27, 2025, 2:43:24 AM",Interest PAID EUR Class R IE000AZVL3K0,1.0876,,
"Feb 26, 2025, 2:39:11 AM",Service Fee Charged EUR Class IE000AZVL3K0,-0.0576,,
"Feb 26, 2025, 2:39:11 AM",Interest PAID EUR Class R IE000AZVL3K0,1.0876,,
"Feb 25, 2025, 2:19:46 AM",Service Fee Charged EUR Class IE000AZVL3K0,-0.0576,,
"Feb 25, 2025, 2:19:46 AM",Interest PAID EUR Class R IE000AZVL3K0,1.0876,,
"Feb 24, 2025, 2:31:13 AM",Service Fee Charged EUR Class IE000AZVL3K0,-0.0576,,
"Feb 24, 2025, 2:31:13 AM",Interest PAID EUR Class R IE000AZVL3K0,1.0876,,
"Feb 23, 2025, 2:31:46 AM",Service Fee Charged EUR Class IE000AZVL3K0,-0.0576,,
"Feb 23, 2025, 2:31:46 AM",Interest PAID EUR Class R IE000AZVL3K0,1.0876,,
"Feb 22, 2025, 2:32:59 AM",Service Fee Charged EUR Class IE000AZVL3K0,-0.0576,,
"Feb 22, 2025, 2:32:59 AM",Interest PAID EUR Class R IE000AZVL3K0,1.0876,,
"Feb 21, 2025, 2:35:06 AM",Service Fee Charged EUR Class IE000AZVL3K0,-0.0576,,
"Feb 21, 2025, 2:35:06 AM",Interest PAID EUR Class R IE000AZVL3K0,1.0876,,
"Feb 20, 2025, 2:34:58 AM",Service Fee Charged EUR Class IE000AZVL3K0,-0.0576,,
"Feb 20, 2025, 2:34:58 AM",Interest PAID EUR Class R IE000AZVL3K0,1.0876,,
"Feb 19, 2025, 1:05:10 PM",BUY EUR Class R IE000AZVL3K0,"1,000",1.00,"1,000"
"Feb 19, 2025, 2:40:44 AM",Service Fee Charged EUR Class IE000AZVL3K0,-0.0535,,
"Feb 19, 2025, 2:40:44 AM",Interest PAID EUR Class R IE000AZVL3K0,1.0135,,
"Feb 18, 2025, 2:32:41 AM",Service Fee Charged EUR Class IE000AZVL3K0,-0.0535,,
"Feb 18, 2025, 2:32:41 AM",Interest PAID EUR Class R IE000AZVL3K0,1.0135,,
"Feb 17, 2025, 2:31:29 AM",Service Fee Charged EUR Class IE000AZVL3K0,-0.0535,,
"Feb 17, 2025, 2:31:29 AM",Interest PAID EUR Class R IE000AZVL3K0,1.0235,,
"Feb 16, 2025, 2:34:22 AM",Service Fee Charged EUR Class IE000AZVL3K0,-0.0535,,
"Feb 16, 2025, 2:34:22 AM",Interest PAID EUR Class R IE000AZVL3K0,1.0135,,
"Feb 15, 2025, 2:35:52 AM",Service Fee Charged EUR Class IE000AZVL3K0,-0.0535,,
"Feb 15, 2025, 2:35:52 AM",Interest PAID EUR Class R IE000AZVL3K0,1.0135,,
"Feb 14, 2025, 2:28:52 AM",Service Fee Charged EUR Class IE000AZVL3K0,-0.0535,,
"Feb 14, 2025, 2:28:52 AM",Interest PAID EUR Class R IE000AZVL3K0,1.0235,,
"Feb 13, 2025, 2:29:26 AM",Service Fee Charged EUR Class IE000AZVL3K0,-0.0535,,
"Feb 13, 2025, 2:29:26 AM",Interest PAID EUR Class R IE000AZVL3K0,1.0235,,
"Feb 12, 2025, 2:31:46 AM",Service Fee Charged EUR Class IE000AZVL3K0,-0.0535,,
"Feb 12, 2025, 2:31:46 AM",Interest PAID EUR Class R IE000AZVL3K0,1.0235,,
"Feb 11, 2025, 2:26:55 AM",Service Fee Charged EUR Class IE000AZVL3K0,-0.0535,,
"Feb 11, 2025, 2:26:55 AM",Interest PAID EUR Class R IE000AZVL3K0,1.0335,,
"Feb 10, 2025, 1:32:47 PM",BUY EUR Class R IE000AZVL3K0,32.48,1.00,32.48
"Feb 10, 2025, 2:32:34 AM",Service Fee Charged EUR Class IE000AZVL3K0,-0.0534,,
"Feb 10, 2025, 2:32:34 AM",Interest PAID EUR Class R IE000AZVL3K0,1.0334,,
"Feb 9, 2025, 2:33:15 AM",Service Fee Charged EUR Class IE000AZVL3K0,-0.0534,,
"Feb 9, 2025, 2:33:15 AM",Interest PAID EUR Class R IE000AZVL3K0,1.0334,,
"Feb 8, 2025, 2:40:11 AM",Service Fee Charged EUR Class IE000AZVL3K0,-0.0534,,
"Feb 8, 2025, 2:40:11 AM",Interest PAID EUR Class R IE000AZVL3K0,1.0434,,
"Feb 8, 2025, 12:09:54 AM",Interest Reinvested Class R EUR IE000AZVL3K0,-32.48,,
"Feb 7, 2025, 2:26:03 AM",Service Fee Charged EUR Class IE000AZVL3K0,-0.0534,,
"Feb 7, 2025, 2:26:03 AM",Interest PAID EUR Class R IE000AZVL3K0,1.0234,,
"Feb 6, 2025, 2:29:57 AM",Service Fee Charged EUR Class IE000AZVL3K0,-0.0534,,
"Feb 6, 2025, 2:29:57 AM",Interest PAID EUR Class R IE000AZVL3K0,1.0434,,
"Feb 5, 2025, 2:18:21 AM",Service Fee Charged EUR Class IE000AZVL3K0,-0.0534,,
"Feb 5, 2025, 2:18:21 AM",Interest PAID EUR Class R IE000AZVL3K0,1.0734,,
"Feb 4, 2025, 1:19:09 PM",Service Fee Charged EUR Class IE000AZVL3K0,-0.0534,,
"Feb 4, 2025, 1:19:09 PM",Interest PAID EUR Class R IE000AZVL3K0,1.0834,,
"Feb 4, 2025, 2:26:12 AM",Service Fee Charged EUR Class IE000AZVL3K0,-0.0534,,
"Feb 4, 2025, 2:26:12 AM",Interest PAID EUR Class R IE000AZVL3K0,1.0634,,
"Feb 3, 2025, 7:22:57 PM",Service Fee Charged EUR Class IE000AZVL3K0,-0.0534,,
"Feb 3, 2025, 7:22:57 PM",Interest PAID EUR Class R IE000AZVL3K0,1.0834,,
"Feb 3, 2025, 2:24:51 AM",Service Fee Charged EUR Class IE000AZVL3K0,-0.0534,,
"Feb 3, 2025, 2:24:51 AM",Interest PAID EUR Class R IE000AZVL3K0,1.0734,,
"Feb 2, 2025, 2:30:06 AM",Service Fee Charged EUR Class IE000AZVL3K0,-0.0534,,
"Feb 2, 2025, 2:30:06 AM",Interest PAID EUR Class R IE000AZVL3K0,1.0834,,
"Feb 1, 2025, 2:22:05 AM",Service Fee Charged EUR Class IE000AZVL3K0,-0.0534,,
"Feb 1, 2025, 2:22:05 AM",Interest PAID EUR Class R IE000AZVL3K0,1.0734,,
"Jan 31, 2025, 3:13:16 AM",Service Fee Charged EUR Class IE000AZVL3K0,-0.0534,,
"Jan 31, 2025, 3:13:16 AM",Interest PAID EUR Class R IE000AZVL3K0,1.0734,,
"Jan 30, 2025, 3:11:51 AM",Service Fee Charged EUR Class IE000AZVL3K0,-0.0534,,
"Jan 30, 2025, 3:11:51 AM",Interest PAID EUR Class R IE000AZVL3K0,1.0834,,
"Jan 27, 2025, 3:08:41 AM",Service Fee Charged EUR Class IE000AZVL3K0,-0.0534,,
"Jan 27, 2025, 3:08:41 AM",Interest PAID EUR Class R IE000AZVL3K0,1.0834,,
"Jan 26, 2025, 3:05:36 AM",Service Fee Charged EUR Class IE000AZVL3K0,-0.0534,,
"Jan 26, 2025, 3:05:36 AM",Interest PAID EUR Class R IE000AZVL3K0,1.0734,,
"Jan 25, 2025, 3:03:55 AM",Service Fee Charged EUR Class IE000AZVL3K0,-0.0534,,
"Jan 25, 2025, 3:03:55 AM",Interest PAID EUR Class R IE000AZVL3K0,1.0834,,
"Jan 24, 2025, 3:06:52 AM",Service Fee Charged EUR Class IE000AZVL3K0,-0.0534,,
"Jan 24, 2025, 3:06:52 AM",Interest PAID EUR Class R IE000AZVL3K0,1.0834,,
"Jan 23, 2025, 3:10:57 AM",Service Fee Charged EUR Class IE000AZVL3K0,-0.0534,,
"Jan 23, 2025, 3:10:57 AM",Interest PAID EUR Class R IE000AZVL3K0,1.0834,,
"Jan 22, 2025, 3:06:30 AM",Service Fee Charged EUR Class IE000AZVL3K0,-0.0534,,
"Jan 22, 2025, 3:06:30 AM",Interest PAID EUR Class R IE000AZVL3K0,1.0834,,
"Jan 21, 2025, 3:05:23 AM",Service Fee Charged EUR Class IE000AZVL3K0,-0.0534,,
"Jan 21, 2025, 3:05:23 AM",Interest PAID EUR Class R IE000AZVL3K0,1.0834,,
"Jan 20, 2025, 2:34:54 AM",Service Fee Charged EUR Class IE000AZVL3K0,-0.0534,,
"Jan 20, 2025, 2:34:54 AM",Interest PAID EUR Class R IE000AZVL3K0,1.0934,,
"Jan 19, 2025, 2:39:36 AM",Service Fee Charged EUR Class IE000AZVL3K0,-0.0534,,
"Jan 19, 2025, 2:39:36 AM",Interest PAID EUR Class R IE000AZVL3K0,1.0834,,
"Jan 18, 2025, 2:33:58 AM",Service Fee Charged EUR Class IE000AZVL3K0,-0.0534,,
"Jan 18, 2025, 2:33:58 AM",Interest PAID EUR Class R IE000AZVL3K0,1.0934,,
"Jan 17, 2025, 2:29:49 AM",Service Fee Charged EUR Class IE000AZVL3K0,-0.0534,,
"Jan 17, 2025, 2:29:49 AM",Interest PAID EUR Class R IE000AZVL3K0,1.0834,,
"Jan 16, 2025, 2:30:38 AM",Service Fee Charged EUR Class IE000AZVL3K0,-0.0534,,
"Jan 16, 2025, 2:30:38 AM",Interest PAID EUR Class R IE000AZVL3K0,1.0834,,
"Jan 15, 2025, 2:35:17 AM",Service Fee Charged EUR Class IE000AZVL3K0,-0.0534,,
"Jan 15, 2025, 2:35:17 AM",Interest PAID EUR Class R IE000AZVL3K0,1.0934,,
"Jan 14, 2025, 2:33:33 AM",Service Fee Charged EUR Class IE000AZVL3K0,-0.0534,,
"Jan 14, 2025, 2:33:33 AM",Interest PAID EUR Class R IE000AZVL3K0,1.0834,,
"Jan 13, 2025, 2:31:46 AM",Service Fee Charged EUR Class IE000AZVL3K0,-0.0534,,
"Jan 13, 2025, 2:31:46 AM",Interest PAID EUR Class R IE000AZVL3K0,1.0934,,
"Jan 12, 2025, 2:32:59 AM",Service Fee Charged EUR Class IE000AZVL3K0,-0.0534,,
"Jan 12, 2025, 2:32:59 AM",Interest PAID EUR Class R IE000AZVL3K0,1.0834,,
"Jan 11, 2025, 2:32:46 AM",Service Fee Charged EUR Class IE000AZVL3K0,-0.0534,,
"Jan 11, 2025, 2:32:46 AM",Interest PAID EUR Class R IE000AZVL3K0,1.0934,,
"Jan 10, 2025, 2:40:18 AM",Service Fee Charged EUR Class IE000AZVL3K0,-0.0534,,
"Jan 10, 2025, 2:40:18 AM",Interest PAID EUR Class R IE000AZVL3K0,1.0934,,
"Jan 9, 2025, 2:41:23 AM",Service Fee Charged EUR Class IE000AZVL3K0,-0.0534,,
"Jan 9, 2025, 2:41:23 AM",Interest PAID EUR Class R IE000AZVL3K0,1.0834,,
"Jan 8, 2025, 2:36:16 AM",Service Fee Charged EUR Class IE000AZVL3K0,-0.0534,,
"Jan 8, 2025, 2:36:16 AM",Interest PAID EUR Class R IE000AZVL3K0,1.0934,,
"Jan 7, 2025, 2:39:18 AM",Service Fee Charged EUR Class IE000AZVL3K0,-0.0534,,
"Jan 7, 2025, 2:39:18 AM",Interest PAID EUR Class R IE000AZVL3K0,1.1034,,
"Jan 6, 2025, 12:57:06 PM",SELL EUR Class R IE000AZVL3K0,"-1,000",1.00,"1,000"
"Jan 6, 2025, 2:39:53 AM",Service Fee Charged EUR Class IE000AZVL3K0,-0.0575,,
"Jan 6, 2025, 2:39:53 AM",Interest PAID EUR Class R IE000AZVL3K0,1.1775,,
"Jan 5, 2025, 2:41:36 AM",Service Fee Charged EUR Class IE000AZVL3K0,-0.0575,,
"Jan 5, 2025, 2:41:36 AM",Interest PAID EUR Class R IE000AZVL3K0,1.1875,,
"Jan 4, 2025, 2:40:37 AM",Service Fee Charged EUR Class IE000AZVL3K0,-0.0575,,
"Jan 4, 2025, 2:40:37 AM",Interest PAID EUR Class R IE000AZVL3K0,1.1775,,
"Jan 3, 2025, 2:13:39 PM",BUY EUR Class R IE000AZVL3K0,32.51,1.00,32.51
"Jan 3, 2025, 2:36:24 AM",Service Fee Charged EUR Class IE000AZVL3K0,-0.0573,,
"Jan 3, 2025, 2:36:24 AM",Interest PAID EUR Class R IE000AZVL3K0,1.1873,,
"Jan 2, 2025, 10:30:27 PM",Interest Reinvested Class R EUR IE000AZVL3K0,-32.51,,
"Jan 2, 2025, 2:36:09 AM",Service Fee Charged EUR Class IE000AZVL3K0,-0.0573,,
"Jan 2, 2025, 2:36:09 AM",Interest PAID EUR Class R IE000AZVL3K0,1.1973,,
"Jan 1, 2025, 2:35:35 AM",Service Fee Charged EUR Class IE000AZVL3K0,-0.0572,,
"Jan 1, 2025, 2:35:35 AM",Interest PAID EUR Class R IE000AZVL3K0,1.1972,,
"Dec 31, 2024, 2:37:25 AM",Service Fee Charged EUR Class IE000AZVL3K0,-0.0572,,
"Dec 31, 2024, 2:37:25 AM",Interest PAID EUR Class R IE000AZVL3K0,1.1972,,
"Dec 30, 2024, 2:11:46 AM",Service Fee Charged EUR Class IE000AZVL3K0,-0.0572,,
"Dec 30, 2024, 2:11:46 AM",Interest PAID EUR Class R IE000AZVL3K0,1.1972,,
"Dec 29, 2024, 2:11:41 AM",Service Fee Charged EUR Class IE000AZVL3K0,-0.0572,,
"Dec 29, 2024, 2:11:41 AM",Interest PAID EUR Class R IE000AZVL3K0,1.1972,,
"Dec 28, 2024, 2:14:29 AM",Service Fee Charged EUR Class IE000AZVL3K0,-0.0572,,
"Dec 28, 2024, 2:14:29 AM",Interest PAID EUR Class R IE000AZVL3K0,1.1972,,
"Dec 27, 2024, 2:12:38 AM",Service Fee Charged EUR Class IE000AZVL3K0,-0.0572,,
"Dec 27, 2024, 2:12:38 AM",Interest PAID EUR Class R IE000AZVL3K0,1.2072,,
"Dec 26, 2024, 2:12:37 AM",Service Fee Charged EUR Class IE000AZVL3K0,-0.0572,,
"Dec 26, 2024, 2:12:37 AM",Interest PAID EUR Class R IE000AZVL3K0,1.1972,,
"Dec 25, 2024, 2:12:31 AM",Service Fee Charged EUR Class IE000AZVL3K0,-0.0572,,
"Dec 25, 2024, 2:12:31 AM",Interest PAID EUR Class R IE000AZVL3K0,1.2072,,
"Dec 24, 2024, 2:08:02 AM",Service Fee Charged EUR Class IE000AZVL3K0,-0.0572,,
"Dec 24, 2024, 2:08:02 AM",Interest PAID EUR Class R IE000AZVL3K0,1.2072,,
"Dec 23, 2024, 2:09:24 AM",Service Fee Charged EUR Class IE000AZVL3K0,-0.0572,,
"Dec 23, 2024, 2:09:24 AM",Interest PAID EUR Class R IE000AZVL3K0,1.2072,,
"Dec 22, 2024, 2:11:04 AM",Service Fee Charged EUR Class IE000AZVL3K0,-0.0572,,
"Dec 22, 2024, 2:11:04 AM",Interest PAID EUR Class R IE000AZVL3K0,1.1972,,
"Dec 21, 2024, 2:12:08 AM",Service Fee Charged EUR Class IE000AZVL3K0,-0.0572,,
"Dec 21, 2024, 2:12:08 AM",Interest PAID EUR Class R IE000AZVL3K0,1.2072,,
"Dec 20, 2024, 2:25:03 AM",Service Fee Charged EUR Class IE000AZVL3K0,-0.0572,,
"Dec 20, 2024, 2:25:03 AM",Interest PAID EUR Class R IE000AZVL3K0,1.2072,,
"Dec 19, 2024, 2:24:53 AM",Service Fee Charged EUR Class IE000AZVL3K0,-0.0572,,
"Dec 19, 2024, 2:24:53 AM",Interest PAID EUR Class R IE000AZVL3K0,1.2172,,
"Dec 18, 2024, 2:30:27 AM",Service Fee Charged EUR Class IE000AZVL3K0,-0.0572,,
"Dec 18, 2024, 2:30:27 AM",Interest PAID EUR Class R IE000AZVL3K0,1.2372,,
"Dec 17, 2024, 2:28:47 AM",Service Fee Charged EUR Class IE000AZVL3K0,-0.0572,,
"Dec 17, 2024, 2:28:47 AM",Interest PAID EUR Class R IE000AZVL3K0,1.2472,,
"Dec 16, 2024, 1:11:59 PM",BUY EUR Class R IE000AZVL3K0,"3,000",1.00,"3,000"
"Dec 16, 2024, 2:32:58 AM",Service Fee Charged EUR Class IE000AZVL3K0,-0.0449,,
"Dec 16, 2024, 2:32:58 AM",Interest PAID EUR Class R IE000AZVL3K0,0.9749,,
"Dec 15, 2024, 2:28:56 AM",Service Fee Charged EUR Class IE000AZVL3K0,-0.0449,,
"Dec 15, 2024, 2:28:56 AM",Interest PAID EUR Class R IE000AZVL3K0,0.9849,,
"Dec 14, 2024, 2:27:23 AM",Service Fee Charged EUR Class IE000AZVL3K0,-0.0449,,
"Dec 14, 2024, 2:27:23 AM",Interest PAID EUR Class R IE000AZVL3K0,0.9749,,
"Dec 13, 2024, 2:33:16 AM",Service Fee Charged EUR Class IE000AZVL3K0,-0.0449,,
"Dec 13, 2024, 2:33:16 AM",Interest PAID EUR Class R IE000AZVL3K0,0.9849,,
"Dec 12, 2024, 2:40:51 AM",Service Fee Charged EUR Class IE000AZVL3K0,-0.0449,,
"Dec 12, 2024, 2:40:51 AM",Interest PAID EUR Class R IE000AZVL3K0,0.9749,,
"Dec 11, 2024, 2:39:26 AM",Service Fee Charged EUR Class IE000AZVL3K0,-0.0449,,
"Dec 11, 2024, 2:39:26 AM",Interest PAID EUR Class R IE000AZVL3K0,0.9849,,
"Dec 10, 2024, 2:49:21 AM",Service Fee Charged EUR Class IE000AZVL3K0,-0.0449,,
"Dec 10, 2024, 2:49:21 AM",Interest PAID EUR Class R IE000AZVL3K0,0.9849,,
"Dec 9, 2024, 3:02:02 AM",Service Fee Charged EUR Class IE000AZVL3K0,-0.0449,,
"Dec 9, 2024, 3:02:02 AM",Interest PAID EUR Class R IE000AZVL3K0,0.9849,,
"Dec 8, 2024, 3:00:10 AM",Service Fee Charged EUR Class IE000AZVL3K0,-0.0449,,
"Dec 8, 2024, 3:00:10 AM",Interest PAID EUR Class R IE000AZVL3K0,0.9849,,
"Dec 7, 2024, 3:03:23 AM",Service Fee Charged EUR Class IE000AZVL3K0,-0.0449,,
"Dec 7, 2024, 3:03:23 AM",Interest PAID EUR Class R IE000AZVL3K0,0.9849,,
"Dec 6, 2024, 3:02:04 AM",Service Fee Charged EUR Class IE000AZVL3K0,-0.0449,,
"Dec 6, 2024, 3:02:04 AM",Interest PAID EUR Class R IE000AZVL3K0,0.9949,,
"Dec 5, 2024, 3:02:58 AM",Service Fee Charged EUR Class IE000AZVL3K0,-0.0449,,
"Dec 5, 2024, 3:02:58 AM",Interest PAID EUR Class R IE000AZVL3K0,0.9849,,
"Dec 4, 2024, 2:34:48 AM",Service Fee Charged EUR Class IE000AZVL3K0,-0.0449,,
"Dec 4, 2024, 2:34:48 AM",Interest PAID EUR Class R IE000AZVL3K0,0.9949,,
"Dec 3, 2024, 1:12:29 PM",BUY EUR Class R IE000AZVL3K0,25.32,1.00,25.32
"Dec 3, 2024, 2:38:26 AM",Service Fee Charged EUR Class IE000AZVL3K0,-0.0448,,
"Dec 3, 2024, 2:38:26 AM",Interest PAID EUR Class R IE000AZVL3K0,0.9848,,
"Dec 2, 2024, 2:33:25 PM",Interest Reinvested Class R EUR IE000AZVL3K0,-25.32,,
"Dec 2, 2024, 3:18:09 AM",Service Fee Charged EUR Class IE000AZVL3K0,-0.0448,,
"Dec 2, 2024, 3:18:09 AM",Interest PAID EUR Class R IE000AZVL3K0,0.9948,,
"Dec 1, 2024, 3:06:40 AM",Service Fee Charged EUR Class IE000AZVL3K0,-0.0448,,
"Dec 1, 2024, 3:06:40 AM",Interest PAID EUR Class R IE000AZVL3K0,0.9948,,
"Nov 30, 2024, 3:21:33 AM",Service Fee Charged EUR Class IE000AZVL3K0,-0.0448,,
"Nov 30, 2024, 3:21:33 AM",Interest PAID EUR Class R IE000AZVL3K0,0.9948,,
"Nov 29, 2024, 3:27:00 AM",Service Fee Charged EUR Class IE000AZVL3K0,-0.0448,,
"Nov 29, 2024, 3:27:00 AM",Interest PAID EUR Class R IE000AZVL3K0,0.9948,,
"Nov 28, 2024, 3:27:33 AM",Service Fee Charged EUR Class IE000AZVL3K0,-0.0448,,
"Nov 28, 2024, 3:27:33 AM",Interest PAID EUR Class R IE000AZVL3K0,1.0048,,
"Nov 27, 2024, 3:19:45 AM",Service Fee Charged EUR Class IE000AZVL3K0,-0.0448,,
"Nov 27, 2024, 3:19:45 AM",Interest PAID EUR Class R IE000AZVL3K0,0.9948,,
"Nov 26, 2024, 3:11:38 AM",Service Fee Charged EUR Class IE000AZVL3K0,-0.0448,,
"Nov 26, 2024, 3:11:38 AM",Interest PAID EUR Class R IE000AZVL3K0,1.0048,,
"Nov 25, 2024, 3:17:22 AM",Service Fee Charged EUR Class IE000AZVL3K0,-0.0448,,
"Nov 25, 2024, 3:17:22 AM",Interest PAID EUR Class R IE000AZVL3K0,0.9948,,
"Nov 24, 2024, 3:12:56 AM",Service Fee Charged EUR Class IE000AZVL3K0,-0.0448,,
"Nov 24, 2024, 3:12:56 AM",Interest PAID EUR Class R IE000AZVL3K0,1.0048,,
"Nov 23, 2024, 3:17:10 AM",Service Fee Charged EUR Class IE000AZVL3K0,-0.0448,,
"Nov 23, 2024, 3:17:10 AM",Interest PAID EUR Class R IE000AZVL3K0,0.9948,,
"Nov 22, 2024, 2:49:19 AM",Service Fee Charged EUR Class IE000AZVL3K0,-0.0448,,
"Nov 22, 2024, 2:49:19 AM",Interest PAID EUR Class R IE000AZVL3K0,1.0048,,
"Nov 21, 2024, 3:08:14 AM",Service Fee Charged EUR Class IE000AZVL3K0,-0.0448,,
"Nov 21, 2024, 3:08:14 AM",Interest PAID EUR Class R IE000AZVL3K0,1.0048,,
"Nov 20, 2024, 3:01:05 AM",Service Fee Charged EUR Class IE000AZVL3K0,-0.0448,,
"Nov 20, 2024, 3:01:05 AM",Interest PAID EUR Class R IE000AZVL3K0,1.0048,,
"Nov 19, 2024, 2:57:48 AM",Service Fee Charged EUR Class IE000AZVL3K0,-0.0448,,
"Nov 19, 2024, 2:57:48 AM",Interest PAID EUR Class R IE000AZVL3K0,1.0048,,
"Nov 18, 2024, 1:16:08 PM",BUY EUR Class R IE000AZVL3K0,"2,000",1.00,"2,000"
"Nov 18, 2024, 3:48:48 AM",Service Fee Charged EUR Class IE000AZVL3K0,-0.0366,,
"Nov 18, 2024, 3:48:48 AM",Interest PAID EUR Class R IE000AZVL3K0,0.8266,,
"Nov 17, 2024, 3:42:47 AM",Service Fee Charged EUR Class IE000AZVL3K0,-0.0366,,
"Nov 17, 2024, 3:42:47 AM",Interest PAID EUR Class R IE000AZVL3K0,0.8166,,
"Nov 16, 2024, 3:45:41 AM",Service Fee Charged EUR Class IE000AZVL3K0,-0.0366,,
"Nov 16, 2024, 3:45:41 AM",Interest PAID EUR Class R IE000AZVL3K0,0.8266,,
"Nov 15, 2024, 3:50:32 AM",Service Fee Charged EUR Class IE000AZVL3K0,-0.0366,,
"Nov 15, 2024, 3:50:32 AM",Interest PAID EUR Class R IE000AZVL3K0,0.8266,,
"Nov 14, 2024, 12:26:08 PM",BUY EUR Class R IE000AZVL3K0,270.13,1.00,270.13
"Nov 14, 2024, 3:50:25 AM",Service Fee Charged EUR Class IE000AZVL3K0,-0.0355,,
"Nov 14, 2024, 3:50:25 AM",Interest PAID EUR Class R IE000AZVL3K0,0.7955,,
"Nov 13, 2024, 12:40:00 PM",BUY EUR Class R IE000AZVL3K0,201,1.00,201
"Nov 13, 2024, 2:56:59 AM",Service Fee Charged EUR Class IE000AZVL3K0,-0.0347,,
"Nov 13, 2024, 2:56:59 AM",Interest PAID EUR Class R IE000AZVL3K0,0.7847,,
"Nov 12, 2024, 3:42:37 AM",Service Fee Charged EUR Class IE000AZVL3K0,-0.0347,,
"Nov 12, 2024, 3:42:37 AM",Interest PAID EUR Class R IE000AZVL3K0,0.7847,,
"Nov 11, 2024, 3:22:31 AM",Service Fee Charged EUR Class IE000AZVL3K0,-0.0347,,
"Nov 11, 2024, 3:22:31 AM",Interest PAID EUR Class R IE000AZVL3K0,0.7747,,
"Nov 10, 2024, 1:30:58 AM",Service Fee Charged EUR Class IE000AZVL3K0,-0.0347,,
"Nov 10, 2024, 1:30:58 AM",Interest PAID EUR Class R IE000AZVL3K0,0.7847,,
"Nov 9, 2024, 3:39:36 AM",Service Fee Charged EUR Class IE000AZVL3K0,-0.0347,,
"Nov 9, 2024, 3:39:36 AM",Interest PAID EUR Class R IE000AZVL3K0,0.7847,,
"Nov 8, 2024, 3:49:17 AM",Service Fee Charged EUR Class IE000AZVL3K0,-0.0347,,
"Nov 8, 2024, 3:49:17 AM",Interest PAID EUR Class R IE000AZVL3K0,0.7847,,
"Nov 7, 2024, 2:45:49 AM",Service Fee Charged EUR Class IE000AZVL3K0,-0.0347,,
"Nov 7, 2024, 2:45:49 AM",Interest PAID EUR Class R IE000AZVL3K0,0.7847,,
"Nov 6, 2024, 2:42:43 AM",Service Fee Charged EUR Class IE000AZVL3K0,-0.0347,,
"Nov 6, 2024, 2:42:43 AM",Interest PAID EUR Class R IE000AZVL3K0,0.7847,,
"Nov 5, 2024, 2:45:16 AM",Service Fee Charged EUR Class IE000AZVL3K0,-0.0347,,
"Nov 5, 2024, 2:45:16 AM",Interest PAID EUR Class R IE000AZVL3K0,0.7847,,
"Nov 4, 2024, 1:29:50 PM",BUY EUR Class R IE000AZVL3K0,21.15,1.00,21.15
"Nov 4, 2024, 2:32:32 AM",Service Fee Charged EUR Class IE000AZVL3K0,-0.0346,,
"Nov 4, 2024, 2:32:32 AM",Interest PAID EUR Class R IE000AZVL3K0,0.7846,,
"Nov 3, 2024, 2:34:52 AM",Service Fee Charged EUR Class IE000AZVL3K0,-0.0346,,
"Nov 3, 2024, 2:34:52 AM",Interest PAID EUR Class R IE000AZVL3K0,0.7846,,
"Nov 2, 2024, 3:26:17 AM",Interest Reinvested Class R EUR IE000AZVL3K0,-21.15,,
"Nov 2, 2024, 1:29:03 AM",Service Fee Charged EUR Class IE000AZVL3K0,-0.0346,,
"Nov 2, 2024, 1:29:03 AM",Interest PAID EUR Class R IE000AZVL3K0,0.7846,,
"Nov 1, 2024, 1:05:15 AM",Service Fee Charged EUR Class IE000AZVL3K0,-0.0346,,
"Nov 1, 2024, 1:05:15 AM",Interest PAID EUR Class R IE000AZVL3K0,0.7846,,
"Oct 31, 2024, 1:24:38 AM",Service Fee Charged EUR Class IE000AZVL3K0,-0.0346,,
"Oct 31, 2024, 1:24:38 AM",Interest PAID EUR Class R IE000AZVL3K0,0.7946,,
"Oct 30, 2024, 2:15:07 AM",Service Fee Charged EUR Class IE000AZVL3K0,-0.0346,,
"Oct 30, 2024, 2:15:07 AM",Interest PAID EUR Class R IE000AZVL3K0,0.7946,,
"Oct 29, 2024, 2:29:24 AM",Service Fee Charged EUR Class IE000AZVL3K0,-0.0346,,
"Oct 29, 2024, 2:29:24 AM",Interest PAID EUR Class R IE000AZVL3K0,0.7946,,
"Oct 28, 2024, 1:26:30 AM",Service Fee Charged EUR Class IE000AZVL3K0,-0.0346,,
"Oct 28, 2024, 1:26:30 AM",Interest PAID EUR Class R IE000AZVL3K0,0.7946,,
"Oct 27, 2024, 2:24:01 AM",Service Fee Charged EUR Class IE000AZVL3K0,-0.0346,,
"Oct 27, 2024, 2:24:01 AM",Interest PAID EUR Class R IE000AZVL3K0,0.7946,,
"Oct 26, 2024, 3:21:50 AM",Service Fee Charged EUR Class IE000AZVL3K0,-0.0346,,
"Oct 26, 2024, 3:21:50 AM",Interest PAID EUR Class R IE000AZVL3K0,0.7946,,
"Oct 25, 2024, 2:16:48 AM",Service Fee Charged EUR Class IE000AZVL3K0,-0.0346,,
"Oct 25, 2024, 2:16:48 AM",Interest PAID EUR Class R IE000AZVL3K0,0.8046,,
"Oct 24, 2024, 3:18:42 AM",Service Fee Charged EUR Class IE000AZVL3K0,-0.0346,,
"Oct 24, 2024, 3:18:42 AM",Interest PAID EUR Class R IE000AZVL3K0,0.8046,,
"Oct 23, 2024, 2:40:09 AM",Service Fee Charged EUR Class IE000AZVL3K0,-0.0346,,
"Oct 23, 2024, 2:40:09 AM",Interest PAID EUR Class R IE000AZVL3K0,0.8146,,
"Oct 22, 2024, 3:31:15 AM",Service Fee Charged EUR Class IE000AZVL3K0,-0.0346,,
"Oct 22, 2024, 3:31:15 AM",Interest PAID EUR Class R IE000AZVL3K0,0.8146,,
"Oct 21, 2024, 2:25:30 AM",Service Fee Charged EUR Class IE000AZVL3K0,-0.0346,,
"Oct 21, 2024, 2:25:30 AM",Interest PAID EUR Class R IE000AZVL3K0,0.8146,,
"Oct 20, 2024, 3:24:23 AM",Service Fee Charged EUR Class IE000AZVL3K0,-0.0346,,
"Oct 20, 2024, 3:24:23 AM",Interest PAID EUR Class R IE000AZVL3K0,0.8246,,
"Oct 19, 2024, 3:26:51 AM",Service Fee Charged EUR Class IE000AZVL3K0,-0.0346,,
"Oct 19, 2024, 3:26:51 AM",Interest PAID EUR Class R IE000AZVL3K0,0.8146,,
"Oct 18, 2024, 12:31:48 PM",BUY EUR Class R IE000AZVL3K0,"1,000",1.00,"1,000"
"Oct 18, 2024, 2:37:25 AM",Service Fee Charged EUR Class IE000AZVL3K0,-0.0305,,
"Oct 18, 2024, 2:37:25 AM",Interest PAID EUR Class R IE000AZVL3K0,0.7205,,
"Oct 17, 2024, 3:12:34 AM",Service Fee Charged EUR Class IE000AZVL3K0,-0.0305,,
"Oct 17, 2024, 3:12:34 AM",Interest PAID EUR Class R IE000AZVL3K0,0.7205,,
"Oct 16, 2024, 12:28:48 PM",BUY EUR Class R IE000AZVL3K0,"1,000",1.00,"1,000"
"Oct 16, 2024, 2:08:59 AM",Service Fee Charged EUR Class IE000AZVL3K0,-0.0264,,
"Oct 16, 2024, 2:08:59 AM",Interest PAID EUR Class R IE000AZVL3K0,0.6264,,
"Oct 15, 2024, 3:25:28 AM",Service Fee Charged EUR Class IE000AZVL3K0,-0.0264,,
"Oct 15, 2024, 3:25:28 AM",Interest PAID EUR Class R IE000AZVL3K0,0.6264,,
"Oct 14, 2024, 3:32:49 AM",Service Fee Charged EUR Class IE000AZVL3K0,-0.0264,,
"Oct 14, 2024, 3:32:49 AM",Interest PAID EUR Class R IE000AZVL3K0,0.6264,,
"Oct 13, 2024, 3:34:35 AM",Service Fee Charged EUR Class IE000AZVL3K0,-0.0264,,
"Oct 13, 2024, 3:34:35 AM",Interest PAID EUR Class R IE000AZVL3K0,0.6264,,
"Oct 12, 2024, 3:27:02 AM",Service Fee Charged EUR Class IE000AZVL3K0,-0.0264,,
"Oct 12, 2024, 3:27:02 AM",Interest PAID EUR Class R IE000AZVL3K0,0.6264,,
"Oct 11, 2024, 2:25:05 AM",Service Fee Charged EUR Class IE000AZVL3K0,-0.0264,,
"Oct 11, 2024, 2:25:05 AM",Interest PAID EUR Class R IE000AZVL3K0,0.6164,,
"Oct 10, 2024, 2:29:58 AM",Service Fee Charged EUR Class IE000AZVL3K0,-0.0264,,
"Oct 10, 2024, 2:29:58 AM",Interest PAID EUR Class R IE000AZVL3K0,0.6364,,
"Oct 9, 2024, 2:53:10 AM",Service Fee Charged EUR Class IE000AZVL3K0,-0.0264,,
"Oct 9, 2024, 2:53:10 AM",Interest PAID EUR Class R IE000AZVL3K0,0.6264,,
"Oct 8, 2024, 3:24:27 AM",Service Fee Charged EUR Class IE000AZVL3K0,-0.0264,,
"Oct 8, 2024, 3:24:27 AM",Interest PAID EUR Class R IE000AZVL3K0,0.6264,,
"Oct 7, 2024, 2:19:19 AM",Service Fee Charged EUR Class IE000AZVL3K0,-0.0264,,
"Oct 7, 2024, 2:19:19 AM",Interest PAID EUR Class R IE000AZVL3K0,0.6264,,
"Oct 6, 2024, 2:47:46 AM",Service Fee Charged EUR Class IE000AZVL3K0,-0.0264,,
"Oct 6, 2024, 2:47:46 AM",Interest PAID EUR Class R IE000AZVL3K0,0.6264,,
"Oct 5, 2024, 2:56:46 AM",Service Fee Charged EUR Class IE000AZVL3K0,-0.0264,,
"Oct 5, 2024, 2:56:46 AM",Interest PAID EUR Class R IE000AZVL3K0,0.6264,,
"Oct 4, 2024, 3:22:40 AM",Service Fee Charged EUR Class IE000AZVL3K0,-0.0264,,
"Oct 4, 2024, 3:22:40 AM",Interest PAID EUR Class R IE000AZVL3K0,0.6264,,
"Oct 3, 2024, 3:26:49 AM",Service Fee Charged EUR Class IE000AZVL3K0,-0.0264,,
"Oct 3, 2024, 3:26:49 AM",Interest PAID EUR Class R IE000AZVL3K0,0.6364,,
"Oct 2, 2024, 1:10:13 PM",BUY EUR Class R IE000AZVL3K0,14.73,1.00,14.73
"Oct 2, 2024, 2:27:02 AM",Service Fee Charged EUR Class IE000AZVL3K0,-0.0263,,
"Oct 2, 2024, 2:27:02 AM",Interest PAID EUR Class R IE000AZVL3K0,0.6263,,
"Oct 1, 2024, 5:33:24 PM",Interest Reinvested Class R EUR IE000AZVL3K0,-14.73,,
"Oct 1, 2024, 2:43:59 AM",Service Fee Charged EUR Class IE000AZVL3K0,-0.0263,,
"Oct 1, 2024, 2:43:59 AM",Interest PAID EUR Class R IE000AZVL3K0,0.6263,,
"Sep 30, 2024, 2:49:40 AM",Service Fee Charged EUR Class IE000AZVL3K0,-0.0263,,
"Sep 30, 2024, 2:49:40 AM",Interest PAID EUR Class R IE000AZVL3K0,0.6363,,
"Sep 29, 2024, 3:15:43 AM",Service Fee Charged EUR Class IE000AZVL3K0,-0.0263,,
"Sep 29, 2024, 3:15:43 AM",Interest PAID EUR Class R IE000AZVL3K0,0.6363,,
"Sep 28, 2024, 2:22:18 AM",Service Fee Charged EUR Class IE000AZVL3K0,-0.0263,,
"Sep 28, 2024, 2:22:18 AM",Interest PAID EUR Class R IE000AZVL3K0,0.6263,,
"Sep 27, 2024, 2:45:50 AM",Service Fee Charged EUR Class IE000AZVL3K0,-0.0263,,
"Sep 27, 2024, 2:45:50 AM",Interest PAID EUR Class R IE000AZVL3K0,0.6363,,
"Sep 26, 2024, 3:17:18 AM",Service Fee Charged EUR Class IE000AZVL3K0,-0.0263,,
"Sep 26, 2024, 3:17:18 AM",Interest PAID EUR Class R IE000AZVL3K0,0.6363,,
"Sep 25, 2024, 2:20:34 AM",Service Fee Charged EUR Class IE000AZVL3K0,-0.0263,,
"Sep 25, 2024, 2:20:34 AM",Interest PAID EUR Class R IE000AZVL3K0,0.6263,,
"Sep 24, 2024, 12:29:19 PM",BUY EUR Class R IE000AZVL3K0,"1,000",1.00,"1,000"
"Sep 24, 2024, 2:40:57 AM",Service Fee Charged EUR Class IE000AZVL3K0,-0.0222,,
"Sep 24, 2024, 2:40:57 AM",Interest PAID EUR Class R IE000AZVL3K0,0.5422,,
"Sep 23, 2024, 2:52:13 AM",Service Fee Charged EUR Class IE000AZVL3K0,-0.0222,,
"Sep 23, 2024, 2:52:13 AM",Interest PAID EUR Class R IE000AZVL3K0,0.5322,,
"Sep 22, 2024, 3:17:24 AM",Service Fee Charged EUR Class IE000AZVL3K0,-0.0222,,
"Sep 22, 2024, 3:17:24 AM",Interest PAID EUR Class R IE000AZVL3K0,0.5422,,
"Sep 21, 2024, 2:28:05 AM",Service Fee Charged EUR Class IE000AZVL3K0,-0.0222,,
"Sep 21, 2024, 2:28:05 AM",Interest PAID EUR Class R IE000AZVL3K0,0.5422,,
"Sep 20, 2024, 2:25:14 AM",Service Fee Charged EUR Class IE000AZVL3K0,-0.0222,,
"Sep 20, 2024, 2:25:14 AM",Interest PAID EUR Class R IE000AZVL3K0,0.5322,,
"Sep 19, 2024, 2:43:14 AM",Service Fee Charged EUR Class IE000AZVL3K0,-0.0222,,
"Sep 19, 2024, 2:43:14 AM",Interest PAID EUR Class R IE000AZVL3K0,0.5422,,
"Sep 18, 2024, 12:21:26 PM",BUY EUR Class R IE000AZVL3K0,"1,000",1.00,"1,000"
"Sep 18, 2024, 2:48:43 AM",Service Fee Charged EUR Class IE000AZVL3K0,-0.0181,,
"Sep 18, 2024, 2:48:43 AM",Interest PAID EUR Class R IE000AZVL3K0,0.4481,,
"Sep 17, 2024, 2:26:57 AM",Service Fee Charged EUR Class IE000AZVL3K0,-0.0181,,
"Sep 17, 2024, 2:26:57 AM",Interest PAID EUR Class R IE000AZVL3K0,0.4481,,
"Sep 16, 2024, 2:42:27 AM",Service Fee Charged EUR Class IE000AZVL3K0,-0.0181,,
"Sep 16, 2024, 2:42:27 AM",Interest PAID EUR Class R IE000AZVL3K0,0.4581,,
"Sep 15, 2024, 2:51:49 AM",Service Fee Charged EUR Class IE000AZVL3K0,-0.0181,,
"Sep 15, 2024, 2:51:49 AM",Interest PAID EUR Class R IE000AZVL3K0,0.4481,,
"Sep 14, 2024, 3:20:43 AM",Service Fee Charged EUR Class IE000AZVL3K0,-0.0181,,
"Sep 14, 2024, 3:20:43 AM",Interest PAID EUR Class R IE000AZVL3K0,0.4481,,
"Sep 13, 2024, 2:24:09 AM",Service Fee Charged EUR Class IE000AZVL3K0,-0.0181,,
"Sep 13, 2024, 2:24:09 AM",Interest PAID EUR Class R IE000AZVL3K0,0.4581,,
"Sep 12, 2024, 2:41:44 AM",Service Fee Charged EUR Class IE000AZVL3K0,-0.0181,,
"Sep 12, 2024, 2:41:44 AM",Interest PAID EUR Class R IE000AZVL3K0,0.4481,,
"Sep 11, 2024, 2:49:06 AM",Service Fee Charged EUR Class IE000AZVL3K0,-0.0181,,
"Sep 11, 2024, 2:49:06 AM",Interest PAID EUR Class R IE000AZVL3K0,0.4481,,
"Sep 10, 2024, 2:07:33 AM",Service Fee Charged EUR Class IE000AZVL3K0,-0.0181,,
"Sep 10, 2024, 2:07:33 AM",Interest PAID EUR Class R IE000AZVL3K0,0.4581,,
"Sep 9, 2024, 2:30:50 AM",Service Fee Charged EUR Class IE000AZVL3K0,-0.0181,,
"Sep 9, 2024, 2:30:50 AM",Interest PAID EUR Class R IE000AZVL3K0,0.4481,,
"Sep 8, 2024, 2:03:52 AM",Service Fee Charged EUR Class IE000AZVL3K0,-0.0181,,
"Sep 8, 2024, 2:03:52 AM",Interest PAID EUR Class R IE000AZVL3K0,0.4581,,
"Sep 7, 2024, 2:07:28 AM",Service Fee Charged EUR Class IE000AZVL3K0,-0.0181,,
"Sep 7, 2024, 2:07:28 AM",Interest PAID EUR Class R IE000AZVL3K0,0.4581,,
"Sep 6, 2024, 2:48:42 AM",Service Fee Charged EUR Class IE000AZVL3K0,-0.0181,,
"Sep 6, 2024, 2:48:42 AM",Interest PAID EUR Class R IE000AZVL3K0,0.4481,,
"Sep 5, 2024, 3:07:13 AM",Service Fee Charged EUR Class IE000AZVL3K0,-0.0181,,
"Sep 5, 2024, 3:07:13 AM",Interest PAID EUR Class R IE000AZVL3K0,0.4581,,
"Sep 4, 2024, 2:10:35 AM",Service Fee Charged EUR Class IE000AZVL3K0,-0.0181,,
"Sep 4, 2024, 2:10:35 AM",Interest PAID EUR Class R IE000AZVL3K0,0.4581,,
"Sep 3, 2024, 12:50:53 PM",BUY EUR Class R IE000AZVL3K0,12.95,1.00,12.95
"Sep 3, 2024, 2:41:01 AM",Service Fee Charged EUR Class IE000AZVL3K0,-0.0181,,
"Sep 3, 2024, 2:41:01 AM",Interest PAID EUR Class R IE000AZVL3K0,0.4481,,
"Sep 2, 2024, 2:10:55 PM",Interest Reinvested Class R EUR IE000AZVL3K0,-12.95,,
"Sep 2, 2024, 2:49:38 AM",Service Fee Charged EUR Class IE000AZVL3K0,-0.0181,,
"Sep 2, 2024, 2:49:38 AM",Interest PAID EUR Class R IE000AZVL3K0,0.4581,,
"Sep 1, 2024, 2:56:17 AM",Service Fee Charged EUR Class IE000AZVL3K0,-0.0181,,
"Sep 1, 2024, 2:56:17 AM",Interest PAID EUR Class R IE000AZVL3K0,0.4581,,
"Aug 31, 2024, 3:00:47 AM",Service Fee Charged EUR Class IE000AZVL3K0,-0.0181,,
"Aug 31, 2024, 3:00:47 AM",Interest PAID EUR Class R IE000AZVL3K0,0.4481,,
"Aug 30, 2024, 2:03:53 AM",Service Fee Charged EUR Class IE000AZVL3K0,-0.0181,,
"Aug 30, 2024, 2:03:53 AM",Interest PAID EUR Class R IE000AZVL3K0,0.4581,,
"Aug 29, 2024, 2:24:59 AM",Service Fee Charged EUR Class IE000AZVL3K0,-0.0181,,
"Aug 29, 2024, 2:24:59 AM",Interest PAID EUR Class R IE000AZVL3K0,0.4581,,
"Aug 28, 2024, 3:01:30 AM",Service Fee Charged EUR Class IE000AZVL3K0,-0.0181,,
"Aug 28, 2024, 3:01:30 AM",Interest PAID EUR Class R IE000AZVL3K0,0.4481,,
"Aug 27, 2024, 2:59:21 AM",Service Fee Charged EUR Class IE000AZVL3K0,-0.0181,,
"Aug 27, 2024, 2:59:21 AM",Interest PAID EUR Class R IE000AZVL3K0,0.4581,,
"Aug 26, 2024, 3:06:20 AM",Service Fee Charged EUR Class IE000AZVL3K0,-0.0181,,
"Aug 26, 2024, 3:06:20 AM",Interest PAID EUR Class R IE000AZVL3K0,0.4581,,
"Aug 25, 2024, 3:02:31 AM",Service Fee Charged EUR Class IE000AZVL3K0,-0.0181,,
"Aug 25, 2024, 3:02:31 AM",Interest PAID EUR Class R IE000AZVL3K0,0.4481,,
"Aug 24, 2024, 2:13:08 AM",Service Fee Charged EUR Class IE000AZVL3K0,-0.0181,,
"Aug 24, 2024, 2:13:08 AM",Interest PAID EUR Class R IE000AZVL3K0,0.4581,,
"Aug 23, 2024, 3:02:15 AM",Service Fee Charged EUR Class IE000AZVL3K0,-0.0181,,
"Aug 23, 2024, 3:02:15 AM",Interest PAID EUR Class R IE000AZVL3K0,0.4581,,
"Aug 22, 2024, 2:14:49 AM",Service Fee Charged EUR Class IE000AZVL3K0,-0.0181,,
"Aug 22, 2024, 2:14:49 AM",Interest PAID EUR Class R IE000AZVL3K0,0.4581,,
"Aug 21, 2024, 2:33:33 AM",Service Fee Charged EUR Class IE000AZVL3K0,-0.0181,,
"Aug 21, 2024, 2:33:33 AM",Interest PAID EUR Class R IE000AZVL3K0,0.4481,,
"Aug 20, 2024, 2:45:21 AM",Service Fee Charged EUR Class IE000AZVL3K0,-0.0181,,
"Aug 20, 2024, 2:45:21 AM",Interest PAID EUR Class R IE000AZVL3K0,0.4581,,
"Aug 19, 2024, 3:09:19 AM",Service Fee Charged EUR Class IE000AZVL3K0,-0.0181,,
"Aug 19, 2024, 3:09:19 AM",Interest PAID EUR Class R IE000AZVL3K0,0.4581,,
"Aug 18, 2024, 2:16:52 AM",Service Fee Charged EUR Class IE000AZVL3K0,-0.0181,,
"Aug 18, 2024, 2:16:52 AM",Interest PAID EUR Class R IE000AZVL3K0,0.4581,,
"Aug 17, 2024, 2:31:27 AM",Service Fee Charged EUR Class IE000AZVL3K0,-0.0181,,
"Aug 17, 2024, 2:31:27 AM",Interest PAID EUR Class R IE000AZVL3K0,0.4581,,
"Aug 16, 2024, 2:45:42 AM",Service Fee Charged EUR Class IE000AZVL3K0,-0.0181,,
"Aug 16, 2024, 2:45:42 AM",Interest PAID EUR Class R IE000AZVL3K0,0.4481,,
"Aug 15, 2024, 12:29:57 PM",BUY EUR Class R IE000AZVL3K0,450,1.00,450
"Aug 15, 2024, 3:17:21 AM",Service Fee Charged EUR Class IE000AZVL3K0,-0.0162,,
"Aug 15, 2024, 3:17:21 AM",Interest PAID EUR Class R IE000AZVL3K0,0.4162,,
"Aug 14, 2024, 2:27:08 AM",Service Fee Charged EUR Class IE000AZVL3K0,-0.0162,,
"Aug 14, 2024, 2:27:08 AM",Interest PAID EUR Class R IE000AZVL3K0,0.4062,,
"Aug 13, 2024, 2:17:36 AM",Service Fee Charged EUR Class IE000AZVL3K0,-0.0162,,
"Aug 13, 2024, 2:17:36 AM",Interest PAID EUR Class R IE000AZVL3K0,0.4062,,
"Aug 12, 2024, 2:35:05 AM",Service Fee Charged EUR Class IE000AZVL3K0,-0.0162,,
"Aug 12, 2024, 2:35:05 AM",Interest PAID EUR Class R IE000AZVL3K0,0.4162,,
"Aug 11, 2024, 2:36:09 AM",Service Fee Charged EUR Class IE000AZVL3K0,-0.0162,,
"Aug 11, 2024, 2:36:09 AM",Interest PAID EUR Class R IE000AZVL3K0,0.4062,,
"Aug 10, 2024, 2:02:56 AM",Service Fee Charged EUR Class IE000AZVL3K0,-0.0162,,
"Aug 10, 2024, 2:02:56 AM",Interest PAID EUR Class R IE000AZVL3K0,0.4062,,
"Aug 9, 2024, 2:17:22 AM",Service Fee Charged EUR Class IE000AZVL3K0,-0.0162,,
"Aug 9, 2024, 2:17:22 AM",Interest PAID EUR Class R IE000AZVL3K0,0.4162,,
"Aug 8, 2024, 2:34:26 AM",Service Fee Charged EUR Class IE000AZVL3K0,-0.0162,,
"Aug 8, 2024, 2:34:26 AM",Interest PAID EUR Class R IE000AZVL3K0,0.4062,,
"Aug 7, 2024, 2:45:07 AM",Service Fee Charged EUR Class IE000AZVL3K0,-0.0162,,
"Aug 7, 2024, 2:45:07 AM",Interest PAID EUR Class R IE000AZVL3K0,0.4162,,
"Aug 6, 2024, 3:16:00 AM",Service Fee Charged EUR Class IE000AZVL3K0,-0.0162,,
"Aug 6, 2024, 3:16:00 AM",Interest PAID EUR Class R IE000AZVL3K0,0.4062,,
"Aug 5, 2024, 12:55:06 PM",Service Fee Charged EUR Class IE000AZVL3K0,-0.0162,,
"Aug 5, 2024, 12:55:06 PM",Interest PAID EUR Class R IE000AZVL3K0,0.4062,,
"Aug 4, 2024, 3:16:06 AM",Service Fee Charged EUR Class IE000AZVL3K0,-0.0162,,
"Aug 4, 2024, 3:16:06 AM",Interest PAID EUR Class R IE000AZVL3K0,0.4162,,
"Aug 3, 2024, 2:21:39 AM",Service Fee Charged EUR Class IE000AZVL3K0,-0.0162,,
"Aug 3, 2024, 2:21:39 AM",Interest PAID EUR Class R IE000AZVL3K0,0.4062,,
"Aug 2, 2024, 2:01:48 PM",BUY EUR Class R IE000AZVL3K0,10.87,1.00,10.87
"Aug 2, 2024, 2:01:58 AM",Service Fee Charged EUR Class IE000AZVL3K0,-0.0162,,
"Aug 2, 2024, 2:01:58 AM",Interest PAID EUR Class R IE000AZVL3K0,0.4162,,
"Aug 1, 2024, 10:26:40 PM",Interest Reinvested Class R EUR IE000AZVL3K0,-10.87,,
"Aug 1, 2024, 2:16:19 AM",Service Fee Charged EUR Class IE000AZVL3K0,-0.0162,,
"Aug 1, 2024, 2:16:19 AM",Interest PAID EUR Class R IE000AZVL3K0,0.4062,,
"Jul 31, 2024, 2:01:05 AM",Service Fee Charged EUR Class IE000AZVL3K0,-0.0162,,
"Jul 31, 2024, 2:01:05 AM",Interest PAID EUR Class R IE000AZVL3K0,0.4162,,
"Jul 30, 2024, 2:30:11 AM",Service Fee Charged EUR Class IE000AZVL3K0,-0.0162,,
"Jul 30, 2024, 2:30:11 AM",Interest PAID EUR Class R IE000AZVL3K0,0.4062,,
"Jul 29, 2024, 2:30:49 AM",Service Fee Charged EUR Class IE000AZVL3K0,-0.0162,,
"Jul 29, 2024, 2:30:49 AM",Interest PAID EUR Class R IE000AZVL3K0,0.4062,,
"Jul 28, 2024, 2:51:18 AM",Service Fee Charged EUR Class IE000AZVL3K0,-0.0162,,
"Jul 28, 2024, 2:51:18 AM",Interest PAID EUR Class R IE000AZVL3K0,0.4162,,
"Jul 27, 2024, 2:11:41 AM",Service Fee Charged EUR Class IE000AZVL3K0,-0.0162,,
"Jul 27, 2024, 2:11:41 AM",Interest PAID EUR Class R IE000AZVL3K0,0.4162,,
"Jul 26, 2024, 2:54:57 AM",Service Fee Charged EUR Class IE000AZVL3K0,-0.0162,,
"Jul 26, 2024, 2:54:57 AM",Interest PAID EUR Class R IE000AZVL3K0,0.4062,,
"Jul 25, 2024, 2:13:34 AM",Service Fee Charged EUR Class IE000AZVL3K0,-0.0162,,
"Jul 25, 2024, 2:13:34 AM",Interest PAID EUR Class R IE000AZVL3K0,0.4162,,
"Jul 24, 2024, 2:34:50 AM",Service Fee Charged EUR Class IE000AZVL3K0,-0.0162,,
"Jul 24, 2024, 2:34:50 AM",Interest PAID EUR Class R IE000AZVL3K0,0.4062,,
"Jul 23, 2024, 2:55:37 AM",Service Fee Charged EUR Class IE000AZVL3K0,-0.0162,,
"Jul 23, 2024, 2:55:37 AM",Interest PAID EUR Class R IE000AZVL3K0,0.4162,,
"Jul 22, 2024, 2:56:16 AM",Service Fee Charged EUR Class IE000AZVL3K0,-0.0162,,
"Jul 22, 2024, 2:56:16 AM",Interest PAID EUR Class R IE000AZVL3K0,0.4062,,
"Jul 21, 2024, 2:22:15 AM",Service Fee Charged EUR Class IE000AZVL3K0,-0.0162,,
"Jul 21, 2024, 2:22:15 AM",Interest PAID EUR Class R IE000AZVL3K0,0.4162,,
"Jul 20, 2024, 3:08:12 AM",Service Fee Charged EUR Class IE000AZVL3K0,-0.0162,,
"Jul 20, 2024, 3:08:12 AM",Interest PAID EUR Class R IE000AZVL3K0,0.4062,,
"Jul 19, 2024, 3:07:45 AM",Service Fee Charged EUR Class IE000AZVL3K0,-0.0162,,
"Jul 19, 2024, 3:07:45 AM",Interest PAID EUR Class R IE000AZVL3K0,0.4162,,
"Jul 18, 2024, 12:23:30 PM",BUY EUR Class R IE000AZVL3K0,400,1.00,400
"Jul 18, 2024, 2:19:12 AM",Service Fee Charged EUR Class IE000AZVL3K0,-0.0145,,
"Jul 18, 2024, 2:19:12 AM",Interest PAID EUR Class R IE000AZVL3K0,0.3645,,
"Jul 17, 2024, 3:01:22 AM",Service Fee Charged EUR Class IE000AZVL3K0,-0.0145,,
"Jul 17, 2024, 3:01:22 AM",Interest PAID EUR Class R IE000AZVL3K0,0.3745,,
"Jul 16, 2024, 12:30:27 PM",BUY EUR Class R IE000AZVL3K0,400,1.00,400
"Jul 16, 2024, 2:22:47 AM",Service Fee Charged EUR Class IE000AZVL3K0,-0.0129,,
"Jul 16, 2024, 2:22:47 AM",Interest PAID EUR Class R IE000AZVL3K0,0.3329,,
"Jul 15, 2024, 2:10:45 AM",Service Fee Charged EUR Class IE000AZVL3K0,-0.0129,,
"Jul 15, 2024, 2:10:45 AM",Interest PAID EUR Class R IE000AZVL3K0,0.3229,,
"Jul 14, 2024, 2:35:53 AM",Service Fee Charged EUR Class IE000AZVL3K0,-0.0129,,
"Jul 14, 2024, 2:35:53 AM",Interest PAID EUR Class R IE000AZVL3K0,0.3329,,
"Jul 13, 2024, 2:04:03 AM",Service Fee Charged EUR Class IE000AZVL3K0,-0.0129,,
"Jul 13, 2024, 2:04:03 AM",Interest PAID EUR Class R IE000AZVL3K0,0.3229,,
"Jul 12, 2024, 2:22:49 AM",Service Fee Charged EUR Class IE000AZVL3K0,-0.0129,,
"Jul 12, 2024, 2:22:49 AM",Interest PAID EUR Class R IE000AZVL3K0,0.3329,,
"Jul 11, 2024, 2:43:22 AM",Service Fee Charged EUR Class IE000AZVL3K0,-0.0129,,
"Jul 11, 2024, 2:43:22 AM",Interest PAID EUR Class R IE000AZVL3K0,0.3229,,
"Jul 10, 2024, 2:12:54 AM",Service Fee Charged EUR Class IE000AZVL3K0,-0.0129,,
"Jul 10, 2024, 2:12:54 AM",Interest PAID EUR Class R IE000AZVL3K0,0.3329,,
"Jul 9, 2024, 2:28:12 AM",Service Fee Charged EUR Class IE000AZVL3K0,-0.0129,,
"Jul 9, 2024, 2:28:12 AM",Interest PAID EUR Class R IE000AZVL3K0,0.3229,,
"Jul 8, 2024, 2:24:12 AM",Service Fee Charged EUR Class IE000AZVL3K0,-0.0129,,
"Jul 8, 2024, 2:24:12 AM",Interest PAID EUR Class R IE000AZVL3K0,0.3329,,
"Jul 7, 2024, 2:23:49 AM",Service Fee Charged EUR Class IE000AZVL3K0,-0.0129,,
"Jul 7, 2024, 2:23:49 AM",Interest PAID EUR Class R IE000AZVL3K0,0.3229,,
"Jul 6, 2024, 2:25:10 AM",Service Fee Charged EUR Class IE000AZVL3K0,-0.0129,,
"Jul 6, 2024, 2:25:10 AM",Interest PAID EUR Class R IE000AZVL3K0,0.3329,,
"Jul 5, 2024, 2:02:48 AM",Service Fee Charged EUR Class IE000AZVL3K0,-0.0129,,
"Jul 5, 2024, 2:02:48 AM",Interest PAID EUR Class R IE000AZVL3K0,0.3329,,
"Jul 4, 2024, 12:28:39 PM",BUY EUR Class R IE000AZVL3K0,425,1.00,425
"Jul 4, 2024, 2:58:33 AM",Service Fee Charged EUR Class IE000AZVL3K0,-0.0112,,
"Jul 4, 2024, 2:58:33 AM",Interest PAID EUR Class R IE000AZVL3K0,0.2812,,
"Jul 3, 2024, 12:39:39 PM",SELL EUR Class R IE000AZVL3K0,-100,1.00,100
"Jul 3, 2024, 2:53:26 AM",Service Fee Charged EUR Class IE000AZVL3K0,-0.0116,,
"Jul 3, 2024, 2:53:26 AM",Interest PAID EUR Class R IE000AZVL3K0,0.2916,,
"Jul 2, 2024, 1:59:31 PM",BUY EUR Class R IE000AZVL3K0,5.17,1.00,5.17
"Jul 2, 2024, 2:58:53 AM",Service Fee Charged EUR Class IE000AZVL3K0,-0.0115,,
"Jul 2, 2024, 2:58:53 AM",Interest PAID EUR Class R IE000AZVL3K0,0.3015,,
"Jul 1, 2024, 7:11:30 PM",Interest Reinvested Class R EUR IE000AZVL3K0,-5.17,,
"Jul 1, 2024, 12:42:07 PM",SELL EUR Class R IE000AZVL3K0,-700,1.00,700
"Jul 1, 2024, 2:45:20 AM",Service Fee Charged EUR Class IE000AZVL3K0,-0.0144,,
"Jul 1, 2024, 2:45:20 AM",Interest PAID EUR Class R IE000AZVL3K0,0.3644,,
"Jun 30, 2024, 2:55:46 AM",Service Fee Charged EUR Class IE000AZVL3K0,-0.0144,,
"Jun 30, 2024, 2:55:46 AM",Interest PAID EUR Class R IE000AZVL3K0,0.3744,,
"Jun 29, 2024, 2:59:05 AM",Service Fee Charged EUR Class IE000AZVL3K0,-0.0144,,
"Jun 29, 2024, 2:59:05 AM",Interest PAID EUR Class R IE000AZVL3K0,0.3744,,
"Jun 28, 2024, 2:58:08 AM",Service Fee Charged EUR Class IE000AZVL3K0,-0.0144,,
"Jun 28, 2024, 2:58:08 AM",Interest PAID EUR Class R IE000AZVL3K0,0.3644,,
"Jun 27, 2024, 2:19:14 AM",Service Fee Charged EUR Class IE000AZVL3K0,-0.0144,,
"Jun 27, 2024, 2:19:14 AM",Interest PAID EUR Class R IE000AZVL3K0,0.3744,,
"Jun 26, 2024, 2:01:40 AM",Service Fee Charged EUR Class IE000AZVL3K0,-0.0865,,
"Jun 26, 2024, 2:01:40 AM",Interest PAID EUR Class R IE000AZVL3K0,0.3665,,
"Jun 25, 2024, 2:50:23 AM",Service Fee Charged EUR Class IE000AZVL3K0,-0.0865,,
"Jun 25, 2024, 2:50:23 AM",Interest PAID EUR Class R IE000AZVL3K0,0.3765,,
"Jun 24, 2024, 2:19:12 AM",Service Fee Charged EUR Class IE000AZVL3K0,-0.0865,,
"Jun 24, 2024, 2:19:12 AM",Interest PAID EUR Class R IE000AZVL3K0,0.3665,,
"Jun 23, 2024, 2:41:21 AM",Service Fee Charged EUR Class IE000AZVL3K0,-0.0865,,
"Jun 23, 2024, 2:41:21 AM",Interest PAID EUR Class R IE000AZVL3K0,0.3765,,
"Jun 22, 2024, 2:10:43 AM",Service Fee Charged EUR Class IE000AZVL3K0,-0.0865,,
"Jun 22, 2024, 2:10:43 AM",Interest PAID EUR Class R IE000AZVL3K0,0.3665,,
"Jun 21, 2024, 2:59:16 AM",Service Fee Charged EUR Class IE000AZVL3K0,-0.0865,,
"Jun 21, 2024, 2:59:16 AM",Interest PAID EUR Class R IE000AZVL3K0,0.3665,,
"Jun 20, 2024, 2:58:33 AM",Service Fee Charged EUR Class IE000AZVL3K0,-0.0865,,
"Jun 20, 2024, 2:58:33 AM",Interest PAID EUR Class R IE000AZVL3K0,0.3765,,
"Jun 19, 2024, 12:27:50 PM",BUY EUR Class R IE000AZVL3K0,623,1.00,623
"Jun 19, 2024, 2:59:04 AM",Service Fee Charged EUR Class IE000AZVL3K0,-0.0712,,
"Jun 19, 2024, 2:59:04 AM",Interest PAID EUR Class R IE000AZVL3K0,0.3012,,
"Jun 18, 2024, 12:31:54 PM",BUY EUR Class R IE000AZVL3K0,"1,731",1.00,"1,731"
"Jun 18, 2024, 2:22:24 AM",Service Fee Charged EUR Class IE000AZVL3K0,-0.0286,,
"Jun 18, 2024, 2:22:24 AM",Interest PAID EUR Class R IE000AZVL3K0,0.1286,,
"Jun 17, 2024, 2:50:49 AM",Service Fee Charged EUR Class IE000AZVL3K0,-0.0286,,
"Jun 17, 2024, 2:50:49 AM",Interest PAID EUR Class R IE000AZVL3K0,0.1186,,
"Jun 16, 2024, 2:23:34 AM",Service Fee Charged EUR Class IE000AZVL3K0,-0.0286,,
"Jun 16, 2024, 2:23:34 AM",Interest PAID EUR Class R IE000AZVL3K0,0.1186,,
"Jun 15, 2024, 2:23:18 AM",Service Fee Charged EUR Class IE000AZVL3K0,-0.0286,,
"Jun 15, 2024, 2:23:18 AM",Interest PAID EUR Class R IE000AZVL3K0,0.1286,,
"Jun 14, 2024, 2:44:33 AM",Service Fee Charged EUR Class IE000AZVL3K0,-0.0286,,
"Jun 14, 2024, 2:44:33 AM",Interest PAID EUR Class R IE000AZVL3K0,0.1186,,
"Jun 13, 2024, 2:43:01 AM",Service Fee Charged EUR Class IE000AZVL3K0,-0.0286,,
"Jun 13, 2024, 2:43:01 AM",Interest PAID EUR Class R IE000AZVL3K0,0.1286,,
"Jun 12, 2024, 12:35:51 PM",BUY EUR Class R IE000AZVL3K0,364,1.00,364
"Jun 12, 2024, 3:46:25 AM",Service Fee Charged EUR Class IE000AZVL3K0,-0.0197,,
"Jun 12, 2024, 3:46:25 AM",Interest PAID EUR Class R IE000AZVL3K0,0.0897,,
"Jun 11, 2024, 2:44:38 AM",Service Fee Charged EUR Class IE000AZVL3K0,-0.0197,,
"Jun 11, 2024, 2:44:38 AM",Interest PAID EUR Class R IE000AZVL3K0,0.0797,,
"Jun 10, 2024, 2:24:18 AM",Service Fee Charged EUR Class IE000AZVL3K0,-0.0197,,
"Jun 10, 2024, 2:24:18 AM",Interest PAID EUR Class R IE000AZVL3K0,0.0897,,
"Jun 9, 2024, 2:48:50 AM",Service Fee Charged EUR Class IE000AZVL3K0,-0.0197,,
"Jun 9, 2024, 2:48:50 AM",Interest PAID EUR Class R IE000AZVL3K0,0.0897,,
"Jun 8, 2024, 2:17:42 AM",Service Fee Charged EUR Class IE000AZVL3K0,-0.0197,,
"Jun 8, 2024, 2:17:42 AM",Interest PAID EUR Class R IE000AZVL3K0,0.0797,,
"Jun 7, 2024, 2:39:51 AM",Service Fee Charged EUR Class IE000AZVL3K0,-0.0197,,
"Jun 7, 2024, 2:39:51 AM",Interest PAID EUR Class R IE000AZVL3K0,0.0897,,
"Jun 6, 2024, 2:10:40 AM",Service Fee Charged EUR Class IE000AZVL3K0,-0.0197,,
"Jun 6, 2024, 2:10:40 AM",Interest PAID EUR Class R IE000AZVL3K0,0.0897,,
"Jun 5, 2024, 3:14:07 AM",Service Fee Charged EUR Class IE000AZVL3K0,-0.0197,,
"Jun 5, 2024, 3:14:07 AM",Interest PAID EUR Class R IE000AZVL3K0,0.0797,,
"Jun 4, 2024, 1:37:01 PM",BUY EUR Class R IE000AZVL3K0,0.17,1.00,0.17
"Jun 4, 2024, 11:15:50 AM",Interest Reinvested Class R EUR IE000AZVL3K0,-0.17,,
"Jun 4, 2024, 3:11:24 AM",Service Fee Charged EUR Class IE000AZVL3K0,-0.0197,,
"Jun 4, 2024, 3:11:24 AM",Interest PAID EUR Class R IE000AZVL3K0,0.0897,,
"Jun 3, 2024, 12:49:49 PM",BUY EUR Class R IE000AZVL3K0,800,1.00,800
"May 20, 2024, 12:46:16 PM",SELL EUR Class R IE000AZVL3K0,"-2,017.71",1.00,"2,017.71"
"May 20, 2024, 6:52:23 AM",Service Fee Charged EUR Class IE000AZVL3K0,-0.0496,,
"May 20, 2024, 6:52:23 AM",Interest PAID EUR Class R IE000AZVL3K0,0.2196,,
"May 19, 2024, 10:13:22 PM",Interest WITHDRAWN EUR Class R IE000AZVL3K0,-0.17,,
"May 19, 2024, 7:00:24 AM",Service Fee Charged EUR Class IE000AZVL3K0,-0.0496,,
"May 19, 2024, 7:00:24 AM",Interest PAID EUR Class R IE000AZVL3K0,0.2196,,
"May 18, 2024, 3:17:33 PM",Interest WITHDRAWN EUR Class R IE000AZVL3K0,-1.03,,
"May 18, 2024, 6:59:23 AM",Service Fee Charged EUR Class IE000AZVL3K0,-0.0496,,
"May 18, 2024, 6:59:23 AM",Interest PAID EUR Class R IE000AZVL3K0,0.2196,,
"May 17, 2024, 3:09:16 AM",Service Fee Charged EUR Class IE000AZVL3K0,-0.0496,,
"May 17, 2024, 3:09:16 AM",Interest PAID EUR Class R IE000AZVL3K0,0.2196,,
"May 16, 2024, 3:06:03 AM",Service Fee Charged EUR Class IE000AZVL3K0,-0.0496,,
"May 16, 2024, 3:06:03 AM",Interest PAID EUR Class R IE000AZVL3K0,0.2196,,
"May 15, 2024, 6:09:43 AM",Service Fee Charged EUR Class IE000AZVL3K0,-0.0496,,
"May 15, 2024, 6:09:43 AM",Interest PAID EUR Class R IE000AZVL3K0,0.2196,,
"May 14, 2024, 7:46:25 AM",Service Fee Charged EUR Class IE000AZVL3K0,-0.0496,,
"May 14, 2024, 7:46:25 AM",Interest PAID EUR Class R IE000AZVL3K0,0.2196,,
"May 13, 2024, 12:49:44 PM",SELL EUR Class R IE000AZVL3K0,-98.19,1.00,98.19
"May 13, 2024, 7:48:59 AM",Service Fee Charged EUR Class IE000AZVL3K0,-0.0520,,
"May 13, 2024, 7:48:59 AM",Interest PAID EUR Class R IE000AZVL3K0,0.2320,,
"May 13, 2024, 7:44:36 AM",Interest WITHDRAWN EUR Class R IE000AZVL3K0,-1.81,,
"May 12, 2024, 7:40:05 AM",Service Fee Charged EUR Class IE000AZVL3K0,-0.0520,,
"May 12, 2024, 7:40:05 AM",Interest PAID EUR Class R IE000AZVL3K0,0.2320,,
"May 11, 2024, 4:11:42 PM",Service Fee Charged EUR Class IE000AZVL3K0,-0.0520,,
"May 11, 2024, 4:11:42 PM",Interest PAID EUR Class R IE000AZVL3K0,0.2320,,
"May 10, 2024, 8:25:40 AM",Service Fee Charged EUR Class IE000AZVL3K0,-0.0520,,
"May 10, 2024, 8:25:40 AM",Interest PAID EUR Class R IE000AZVL3K0,0.2320,,
"May 9, 2024, 8:12:18 AM",Service Fee Charged EUR Class IE000AZVL3K0,-0.0520,,
"May 9, 2024, 8:12:18 AM",Interest PAID EUR Class R IE000AZVL3K0,0.2320,,
"May 8, 2024, 6:41:01 AM",Service Fee Charged EUR Class IE000AZVL3K0,-0.0520,,
"May 8, 2024, 6:41:01 AM",Interest PAID EUR Class R IE000AZVL3K0,0.2220,,
"May 7, 2024, 12:44:59 PM",BUY EUR Class R IE000AZVL3K0,300,1.00,300
"May 7, 2024, 7:34:22 AM",Service Fee Charged EUR Class IE000AZVL3K0,-0.0447,,
"May 7, 2024, 7:34:22 AM",Interest PAID EUR Class R IE000AZVL3K0,0.2047,,
"May 6, 2024, 7:36:03 AM",Service Fee Charged EUR Class IE000AZVL3K0,-0.0447,,
"May 6, 2024, 7:36:03 AM",Interest PAID EUR Class R IE000AZVL3K0,0.1947,,
"May 5, 2024, 7:40:24 AM",Service Fee Charged EUR Class IE000AZVL3K0,-0.0447,,
"May 5, 2024, 7:40:24 AM",Interest PAID EUR Class R IE000AZVL3K0,0.1947,,
"May 4, 2024, 7:03:33 AM",Service Fee Charged EUR Class IE000AZVL3K0,-0.0447,,
"May 4, 2024, 7:03:33 AM",Interest PAID EUR Class R IE000AZVL3K0,0.2047,,
"May 3, 2024, 12:40:08 PM",BUY EUR Class R IE000AZVL3K0,2.94,1.00,2.94
"May 3, 2024, 3:07:43 AM",Service Fee Charged EUR Class IE000AZVL3K0,-0.0446,,
"May 3, 2024, 3:07:43 AM",Interest PAID EUR Class R IE000AZVL3K0,0.1946,,
"May 2, 2024, 2:24:46 PM",Interest Reinvested Class R EUR IE000AZVL3K0,-2.94,,
"May 2, 2024, 6:56:22 AM",Service Fee Charged EUR Class IE000AZVL3K0,-0.0446,,
"May 2, 2024, 6:56:22 AM",Interest PAID EUR Class R IE000AZVL3K0,0.1946,,
"May 1, 2024, 6:33:42 AM",Service Fee Charged EUR Class IE000AZVL3K0,-0.0446,,
"May 1, 2024, 6:33:42 AM",Interest PAID EUR Class R IE000AZVL3K0,0.2046,,
"Apr 30, 2024, 2:50:04 AM",Service Fee Charged EUR Class IE000AZVL3K0,-0.0446,,
"Apr 30, 2024, 2:50:04 AM",Interest PAID EUR Class R IE000AZVL3K0,0.1946,,
"Apr 29, 2024, 5:45:01 AM",Service Fee Charged EUR Class IE000AZVL3K0,-0.0446,,
"Apr 29, 2024, 5:45:01 AM",Interest PAID EUR Class R IE000AZVL3K0,0.1946,,
"Apr 28, 2024, 6:55:52 AM",Service Fee Charged EUR Class IE000AZVL3K0,-0.0446,,
"Apr 28, 2024, 6:55:52 AM",Interest PAID EUR Class R IE000AZVL3K0,0.2046,,
"Apr 27, 2024, 6:54:28 AM",Service Fee Charged EUR Class IE000AZVL3K0,-0.0446,,
"Apr 27, 2024, 6:54:28 AM",Interest PAID EUR Class R IE000AZVL3K0,0.1946,,
"Apr 26, 2024, 6:52:59 AM",Service Fee Charged EUR Class IE000AZVL3K0,-0.0446,,
"Apr 26, 2024, 6:52:59 AM",Interest PAID EUR Class R IE000AZVL3K0,0.1946,,
"Apr 25, 2024, 6:01:51 AM",Service Fee Charged EUR Class IE000AZVL3K0,-0.0446,,
"Apr 25, 2024, 6:01:51 AM",Interest PAID EUR Class R IE000AZVL3K0,0.2046,,
"Apr 24, 2024, 6:27:33 AM",Service Fee Charged EUR Class IE000AZVL3K0,-0.0446,,
"Apr 24, 2024, 6:27:33 AM",Interest PAID EUR Class R IE000AZVL3K0,0.1946,,
"Apr 23, 2024, 6:38:46 AM",Service Fee Charged EUR Class IE000AZVL3K0,-0.0446,,
"Apr 23, 2024, 6:38:46 AM",Interest PAID EUR Class R IE000AZVL3K0,0.1946,,
"Apr 22, 2024, 6:40:18 AM",Service Fee Charged EUR Class IE000AZVL3K0,-0.0446,,
"Apr 22, 2024, 6:40:18 AM",Interest PAID EUR Class R IE000AZVL3K0,0.2046,,
"Apr 21, 2024, 6:51:43 AM",Service Fee Charged EUR Class IE000AZVL3K0,-0.0446,,
"Apr 21, 2024, 6:51:43 AM",Interest PAID EUR Class R IE000AZVL3K0,0.1946,,
"Apr 20, 2024, 6:11:19 AM",Service Fee Charged EUR Class IE000AZVL3K0,-0.0446,,
"Apr 20, 2024, 6:11:19 AM",Interest PAID EUR Class R IE000AZVL3K0,0.1946,,
"Apr 19, 2024, 6:46:25 AM",Service Fee Charged EUR Class IE000AZVL3K0,-0.0446,,
"Apr 19, 2024, 6:46:25 AM",Interest PAID EUR Class R IE000AZVL3K0,0.2046,,
"Apr 18, 2024, 7:15:12 AM",Service Fee Charged EUR Class IE000AZVL3K0,-0.0446,,
"Apr 18, 2024, 7:15:12 AM",Interest PAID EUR Class R IE000AZVL3K0,0.1946,,
"Apr 17, 2024, 3:14:27 AM",Service Fee Charged EUR Class IE000AZVL3K0,-0.0446,,
"Apr 17, 2024, 3:14:27 AM",Interest PAID EUR Class R IE000AZVL3K0,0.2046,,
"Apr 16, 2024, 7:03:20 AM",Service Fee Charged EUR Class IE000AZVL3K0,-0.0446,,
"Apr 16, 2024, 7:03:20 AM",Interest PAID EUR Class R IE000AZVL3K0,0.1946,,
"Apr 15, 2024, 12:27:13 PM",SELL EUR Class R IE000AZVL3K0,-69.67,1.00,69.67
"Apr 15, 2024, 6:43:11 AM",Service Fee Charged EUR Class IE000AZVL3K0,-0.0463,,
"Apr 15, 2024, 6:43:11 AM",Interest PAID EUR Class R IE000AZVL3K0,0.2063,,
"Apr 14, 2024, 6:47:51 AM",Service Fee Charged EUR Class IE000AZVL3K0,-0.0463,,
"Apr 14, 2024, 6:47:51 AM",Interest PAID EUR Class R IE000AZVL3K0,0.2063,,
"Apr 13, 2024, 3:17:48 AM",Service Fee Charged EUR Class IE000AZVL3K0,-0.0463,,
"Apr 13, 2024, 3:17:48 AM",Interest PAID EUR Class R IE000AZVL3K0,0.2063,,
"Apr 12, 2024, 10:41:28 AM",Interest WITHDRAWN EUR Class R IE000AZVL3K0,-0.33,,
"Apr 12, 2024, 6:50:25 AM",Service Fee Charged EUR Class IE000AZVL3K0,-0.0463,,
"Apr 12, 2024, 6:50:25 AM",Interest PAID EUR Class R IE000AZVL3K0,0.2063,,
"Apr 11, 2024, 12:36:21 PM",SELL EUR Class R IE000AZVL3K0,-99.64,1.00,99.64
"Apr 11, 2024, 3:13:20 AM",Service Fee Charged EUR Class IE000AZVL3K0,-0.0487,,
"Apr 11, 2024, 3:13:20 AM",Interest PAID EUR Class R IE000AZVL3K0,0.2187,,
"Apr 10, 2024, 4:49:24 PM",Interest WITHDRAWN EUR Class R IE000AZVL3K0,-0.36,,
"Apr 10, 2024, 6:40:23 AM",Service Fee Charged EUR Class IE000AZVL3K0,-0.0487,,
"Apr 10, 2024, 6:40:23 AM",Interest PAID EUR Class R IE000AZVL3K0,0.2087,,
"Apr 9, 2024, 12:40:00 PM",SELL EUR Class R IE000AZVL3K0,-349.55,1.00,349.55
"Apr 9, 2024, 3:13:20 AM",Service Fee Charged EUR Class IE000AZVL3K0,-0.0573,,
"Apr 9, 2024, 3:13:20 AM",Interest PAID EUR Class R IE000AZVL3K0,0.2573,,
"Apr 8, 2024, 4:33:00 PM",Interest WITHDRAWN EUR Class R IE000AZVL3K0,-0.45,,
"Apr 8, 2024, 12:53:30 PM",SELL EUR Class R IE000AZVL3K0,-309.31,1.00,309.31
"Apr 8, 2024, 6:50:10 AM",Service Fee Charged EUR Class IE000AZVL3K0,-0.0649,,
"Apr 8, 2024, 6:50:10 AM",Interest PAID EUR Class R IE000AZVL3K0,0.2849,,
"Apr 7, 2024, 6:53:47 AM",Service Fee Charged EUR Class IE000AZVL3K0,-0.0649,,
"Apr 7, 2024, 6:53:47 AM",Interest PAID EUR Class R IE000AZVL3K0,0.2949,,
"Apr 6, 2024, 12:08:02 PM",Interest WITHDRAWN EUR Class R IE000AZVL3K0,-0.69,,
"Apr 6, 2024, 6:33:24 AM",Service Fee Charged EUR Class IE000AZVL3K0,-0.0649,,
"Apr 6, 2024, 6:33:24 AM",Interest PAID EUR Class R IE000AZVL3K0,0.2849,,
"Apr 5, 2024, 3:23:09 AM",Service Fee Charged EUR Class IE000AZVL3K0,-0.0649,,
"Apr 5, 2024, 3:23:09 AM",Interest PAID EUR Class R IE000AZVL3K0,0.2949,,
"Apr 4, 2024, 12:52:18 PM",SELL EUR Class R IE000AZVL3K0,-199.76,1.00,199.76
"Apr 4, 2024, 6:52:06 AM",Service Fee Charged EUR Class IE000AZVL3K0,-0.0699,,
"Apr 4, 2024, 6:52:06 AM",Interest PAID EUR Class R IE000AZVL3K0,0.3099,,
"Apr 3, 2024, 2:43:54 PM",Interest WITHDRAWN EUR Class R IE000AZVL3K0,-0.24,,
"Apr 3, 2024, 12:39:50 PM",SELL EUR Class R IE000AZVL3K0,-99.48,1.00,99.48
"Apr 3, 2024, 5:43:27 AM",Service Fee Charged EUR Class IE000AZVL3K0,-0.0723,,
"Apr 3, 2024, 5:43:27 AM",Interest PAID EUR Class R IE000AZVL3K0,0.3123,,
"Apr 2, 2024, 1:09:51 PM",Interest WITHDRAWN EUR Class R IE000AZVL3K0,-0.52,,
"Apr 2, 2024, 1:09:43 PM",SELL EUR Class R IE000AZVL3K0,-97.35,1.00,97.35
"Apr 2, 2024, 6:21:11 AM",Service Fee Charged EUR Class IE000AZVL3K0,-0.0747,,
"Apr 2, 2024, 6:21:11 AM",Interest PAID EUR Class R IE000AZVL3K0,0.3347,,
"Apr 1, 2024, 6:13:30 AM",Service Fee Charged EUR Class IE000AZVL3K0,-0.0747,,
"Apr 1, 2024, 6:13:30 AM",Interest PAID EUR Class R IE000AZVL3K0,0.3347,,
"Mar 31, 2024, 2:37:23 PM",Interest WITHDRAWN EUR Class R IE000AZVL3K0,-2.65,,
"Mar 31, 2024, 3:09:31 AM",Service Fee Charged EUR Class IE000AZVL3K0,-0.0747,,
"Mar 31, 2024, 3:09:31 AM",Interest PAID EUR Class R IE000AZVL3K0,0.3347,,
"Mar 30, 2024, 5:40:40 AM",Service Fee Charged EUR Class IE000AZVL3K0,-0.0747,,
"Mar 30, 2024, 5:40:40 AM",Interest PAID EUR Class R IE000AZVL3K0,0.3347,,
"Mar 29, 2024, 5:33:48 AM",Service Fee Charged EUR Class IE000AZVL3K0,-0.0747,,
"Mar 29, 2024, 5:33:48 AM",Interest PAID EUR Class R IE000AZVL3K0,0.3247,,
"Mar 28, 2024, 5:54:11 AM",Service Fee Charged EUR Class IE000AZVL3K0,-0.0747,,
"Mar 28, 2024, 5:54:11 AM",Interest PAID EUR Class R IE000AZVL3K0,0.3347,,
"Mar 27, 2024, 2:13:19 AM",Service Fee Charged EUR Class IE000AZVL3K0,-0.0747,,
"Mar 27, 2024, 2:13:19 AM",Interest PAID EUR Class R IE000AZVL3K0,0.3347,,
"Mar 26, 2024, 5:24:59 PM",Service Fee Charged EUR Class IE000AZVL3K0,-0.0747,,
"Mar 26, 2024, 5:24:59 PM",Interest PAID EUR Class R IE000AZVL3K0,0.3347,,
"Mar 25, 2024, 2:17:20 AM",Service Fee Charged EUR Class IE000AZVL3K0,-0.0747,,
"Mar 25, 2024, 2:17:20 AM",Interest PAID EUR Class R IE000AZVL3K0,0.3347,,
"Mar 24, 2024, 5:49:50 AM",Service Fee Charged EUR Class IE000AZVL3K0,-0.0747,,
"Mar 24, 2024, 5:49:50 AM",Interest PAID EUR Class R IE000AZVL3K0,0.3347,,
"Mar 23, 2024, 5:36:33 AM",Service Fee Charged EUR Class IE000AZVL3K0,-0.0747,,
"Mar 23, 2024, 5:36:33 AM",Interest PAID EUR Class R IE000AZVL3K0,0.3247,,
"Mar 22, 2024, 1:54:36 PM",SELL EUR Class R IE000AZVL3K0,-744.51,1.00,744.51
"Mar 22, 2024, 4:17:39 AM",Service Fee Charged EUR Class IE000AZVL3K0,-0.0930,,
"Mar 22, 2024, 4:17:39 AM",Interest PAID EUR Class R IE000AZVL3K0,0.4230,,
"Mar 21, 2024, 9:52:03 PM",Interest WITHDRAWN EUR Class R IE000AZVL3K0,-5.49,,
"Mar 21, 2024, 5:28:17 AM",Service Fee Charged EUR Class IE000AZVL3K0,-0.0930,,
"Mar 21, 2024, 5:28:17 AM",Interest PAID EUR Class R IE000AZVL3K0,0.4130,,
"Mar 20, 2024, 2:12:06 AM",Service Fee Charged EUR Class IE000AZVL3K0,-0.0930,,
"Mar 20, 2024, 2:12:06 AM",Interest PAID EUR Class R IE000AZVL3K0,0.4130,,
"Mar 19, 2024, 5:27:06 AM",Service Fee Charged EUR Class IE000AZVL3K0,-0.0930,,
"Mar 19, 2024, 5:27:06 AM",Interest PAID EUR Class R IE000AZVL3K0,0.4130,,
"Mar 18, 2024, 5:45:14 AM",Service Fee Charged EUR Class IE000AZVL3K0,-0.0930,,
"Mar 18, 2024, 5:45:14 AM",Interest PAID EUR Class R IE000AZVL3K0,0.4130,,
"Mar 17, 2024, 5:37:28 AM",Service Fee Charged EUR Class IE000AZVL3K0,-0.0930,,
"Mar 17, 2024, 5:37:28 AM",Interest PAID EUR Class R IE000AZVL3K0,0.4130,,
"Mar 16, 2024, 5:24:29 AM",Service Fee Charged EUR Class IE000AZVL3K0,-0.0930,,
"Mar 16, 2024, 5:24:29 AM",Interest PAID EUR Class R IE000AZVL3K0,0.4130,,
"Mar 15, 2024, 5:18:37 AM",Service Fee Charged EUR Class IE000AZVL3K0,-0.0930,,
"Mar 15, 2024, 5:18:37 AM",Interest PAID EUR Class R IE000AZVL3K0,0.4230,,
"Mar 14, 2024, 5:17:41 AM",Service Fee Charged EUR Class IE000AZVL3K0,-0.0930,,
"Mar 14, 2024, 5:17:41 AM",Interest PAID EUR Class R IE000AZVL3K0,0.4130,,
"Mar 13, 2024, 5:36:06 AM",Service Fee Charged EUR Class IE000AZVL3K0,-0.0930,,
"Mar 13, 2024, 5:36:06 AM",Interest PAID EUR Class R IE000AZVL3K0,0.4130,,
"Mar 12, 2024, 5:47:43 AM",Service Fee Charged EUR Class IE000AZVL3K0,-0.0930,,
"Mar 12, 2024, 5:47:43 AM",Interest PAID EUR Class R IE000AZVL3K0,0.4130,,
"Mar 11, 2024, 5:15:43 AM",Service Fee Charged EUR Class IE000AZVL3K0,-0.0930,,
"Mar 11, 2024, 5:15:43 AM",Interest PAID EUR Class R IE000AZVL3K0,0.4130,,
"Mar 10, 2024, 5:19:33 AM",Service Fee Charged EUR Class IE000AZVL3K0,-0.0930,,
"Mar 10, 2024, 5:19:33 AM",Interest PAID EUR Class R IE000AZVL3K0,0.4130,,
"Mar 9, 2024, 5:14:38 AM",Service Fee Charged EUR Class IE000AZVL3K0,-0.0930,,
"Mar 9, 2024, 5:14:38 AM",Interest PAID EUR Class R IE000AZVL3K0,0.4230,,
"Mar 8, 2024, 2:13:59 AM",Service Fee Charged EUR Class IE000AZVL3K0,-0.0930,,
"Mar 8, 2024, 2:13:59 AM",Interest PAID EUR Class R IE000AZVL3K0,0.4130,,
"Mar 7, 2024, 5:13:00 AM",Service Fee Charged EUR Class IE000AZVL3K0,-0.0930,,
"Mar 7, 2024, 5:13:00 AM",Interest PAID EUR Class R IE000AZVL3K0,0.4130,,
"Mar 6, 2024, 12:48:43 PM",Service Fee Charged EUR Class IE000AZVL3K0,-0.0930,,
"Mar 6, 2024, 12:48:43 PM",Interest PAID EUR Class R IE000AZVL3K0,0.4130,,
"Mar 5, 2024, 1:55:58 PM",SELL EUR Class R IE000AZVL3K0,-399.03,1.00,399.03
"Mar 5, 2024, 5:13:10 AM",Service Fee Charged EUR Class IE000AZVL3K0,-0.1028,,
"Mar 5, 2024, 5:13:10 AM",Interest PAID EUR Class R IE000AZVL3K0,0.4528,,
"Mar 4, 2024, 12:51:51 PM",BUY EUR Class R IE000AZVL3K0,5.01,1.00,5.01
"Mar 4, 2024, 12:51:51 PM",BUY EUR Class R IE000AZVL3K0,400,1.00,400
"Mar 4, 2024, 10:25:11 AM",Interest WITHDRAWN EUR Class R IE000AZVL3K0,-0.97,,
"Mar 4, 2024, 5:13:15 AM",Service Fee Charged EUR Class IE000AZVL3K0,-0.0929,,
"Mar 4, 2024, 5:13:15 AM",Interest PAID EUR Class R IE000AZVL3K0,0.4229,,
"Mar 3, 2024, 6:47:13 PM",Service Fee Charged EUR Class IE000AZVL3K0,-0.0929,,
"Mar 3, 2024, 6:47:13 PM",Interest PAID EUR Class R IE000AZVL3K0,0.4129,,
"Mar 2, 2024, 11:29:19 AM",Interest Reinvested Class R EUR IE000AZVL3K0,-5.01,,
"Mar 2, 2024, 2:11:04 AM",Service Fee Charged EUR Class IE000AZVL3K0,-0.0929,,
"Mar 2, 2024, 2:11:04 AM",Interest PAID EUR Class R IE000AZVL3K0,0.4129,,
"Mar 1, 2024, 12:00:15 PM",Service Fee Charged EUR Class IE000AZVL3K0,-0.0929,,
"Mar 1, 2024, 12:00:15 PM",Interest PAID EUR Class R IE000AZVL3K0,0.4129,,
"Feb 29, 2024, 5:04:27 AM",Service Fee Charged EUR Class IE000AZVL3K0,-0.0929,,
"Feb 29, 2024, 5:04:27 AM",Interest PAID EUR Class R IE000AZVL3K0,0.4129,,
"Feb 28, 2024, 4:51:41 AM",Service Fee Charged EUR Class IE000AZVL3K0,-0.0929,,
"Feb 28, 2024, 4:51:41 AM",Interest PAID EUR Class R IE000AZVL3K0,0.4129,,
"Feb 27, 2024, 5:09:14 AM",Service Fee Charged EUR Class IE000AZVL3K0,-0.0929,,
"Feb 27, 2024, 5:09:14 AM",Interest PAID EUR Class R IE000AZVL3K0,0.4229,,
"Feb 26, 2024, 4:47:33 AM",Service Fee Charged EUR Class IE000AZVL3K0,-0.0929,,
"Feb 26, 2024, 4:47:33 AM",Interest PAID EUR Class R IE000AZVL3K0,0.4129,,
"Feb 25, 2024, 4:46:57 AM",Service Fee Charged EUR Class IE000AZVL3K0,-0.0929,,
"Feb 25, 2024, 4:46:57 AM",Interest PAID EUR Class R IE000AZVL3K0,0.4129,,
"Feb 24, 2024, 2:03:04 AM",Service Fee Charged EUR Class IE000AZVL3K0,-0.0929,,
"Feb 24, 2024, 2:03:04 AM",Interest PAID EUR Class R IE000AZVL3K0,0.4129,,
"Feb 23, 2024, 5:09:04 AM",Service Fee Charged EUR Class IE000AZVL3K0,-0.0929,,
"Feb 23, 2024, 5:09:04 AM",Interest PAID EUR Class R IE000AZVL3K0,0.4129,,
"Feb 22, 2024, 2:05:28 AM",Service Fee Charged EUR Class IE000AZVL3K0,-0.0929,,
"Feb 22, 2024, 2:05:28 AM",Interest PAID EUR Class R IE000AZVL3K0,0.4229,,
"Feb 21, 2024, 4:39:52 AM",Service Fee Charged EUR Class IE000AZVL3K0,-0.0929,,
"Feb 21, 2024, 4:39:52 AM",Interest PAID EUR Class R IE000AZVL3K0,0.4129,,
"Feb 20, 2024, 4:31:31 AM",Service Fee Charged EUR Class IE000AZVL3K0,-0.0929,,
"Feb 20, 2024, 4:31:31 AM",Interest PAID EUR Class R IE000AZVL3K0,0.4129,,
"Feb 19, 2024, 12:29:05 PM",BUY EUR Class R IE000AZVL3K0,400,1.00,400
"Feb 19, 2024, 4:23:48 AM",Service Fee Charged EUR Class IE000AZVL3K0,-0.0830,,
"Feb 19, 2024, 4:23:48 AM",Interest PAID EUR Class R IE000AZVL3K0,0.3730,,
"Feb 18, 2024, 4:33:12 AM",Service Fee Charged EUR Class IE000AZVL3K0,-0.0830,,
"Feb 18, 2024, 4:33:12 AM",Interest PAID EUR Class R IE000AZVL3K0,0.3630,,
"Feb 17, 2024, 4:50:38 AM",Service Fee Charged EUR Class IE000AZVL3K0,-0.0830,,
"Feb 17, 2024, 4:50:38 AM",Interest PAID EUR Class R IE000AZVL3K0,0.3730,,
"Feb 16, 2024, 1:31:46 PM",SELL EUR Class R IE000AZVL3K0,"-3,797.09",1.00,"3,797.09"
"Feb 16, 2024, 5:22:50 AM",Service Fee Charged EUR Class IE000AZVL3K0,-0.1764,,
"Feb 16, 2024, 5:22:50 AM",Interest PAID EUR Class R IE000AZVL3K0,0.7864,,
"Feb 15, 2024, 8:29:57 PM",Interest WITHDRAWN EUR Class R IE000AZVL3K0,-8.41,,
"Feb 15, 2024, 2:06:19 AM",Service Fee Charged EUR Class IE000AZVL3K0,-0.1764,,
"Feb 15, 2024, 2:06:19 AM",Interest PAID EUR Class R IE000AZVL3K0,0.7864,,
"Feb 14, 2024, 2:04:18 AM",Service Fee Charged EUR Class IE000AZVL3K0,-0.1764,,
"Feb 14, 2024, 2:04:18 AM",Interest PAID EUR Class R IE000AZVL3K0,0.7864,,
"Feb 13, 2024, 4:59:26 AM",Service Fee Charged EUR Class IE000AZVL3K0,-0.1764,,
"Feb 13, 2024, 4:59:26 AM",Interest PAID EUR Class R IE000AZVL3K0,0.7864,,
"Feb 12, 2024, 5:03:22 AM",Service Fee Charged EUR Class IE000AZVL3K0,-0.1764,,
"Feb 12, 2024, 5:03:22 AM",Interest PAID EUR Class R IE000AZVL3K0,0.7864,,
"Feb 11, 2024, 5:02:32 AM",Service Fee Charged EUR Class IE000AZVL3K0,-0.1764,,
"Feb 11, 2024, 5:02:32 AM",Interest PAID EUR Class R IE000AZVL3K0,0.7964,,
"Feb 10, 2024, 5:08:38 AM",Service Fee Charged EUR Class IE000AZVL3K0,-0.1764,,
"Feb 10, 2024, 5:08:38 AM",Interest PAID EUR Class R IE000AZVL3K0,0.7864,,
"Feb 9, 2024, 2:10:39 AM",Service Fee Charged EUR Class IE000AZVL3K0,-0.1764,,
"Feb 9, 2024, 2:10:39 AM",Interest PAID EUR Class R IE000AZVL3K0,0.7864,,
"Feb 8, 2024, 4:52:20 AM",Service Fee Charged EUR Class IE000AZVL3K0,-0.1764,,
"Feb 8, 2024, 4:52:20 AM",Interest PAID EUR Class R IE000AZVL3K0,0.7864,,
"Feb 7, 2024, 10:33:44 AM",Service Fee Charged EUR Class IE000AZVL3K0,-0.1764,,
"Feb 7, 2024, 10:33:44 AM",Interest PAID EUR Class R IE000AZVL3K0,0.7864,,
"Feb 6, 2024, 12:54:33 PM",Service Fee Charged EUR Class IE000AZVL3K0,-0.1764,,
"Feb 6, 2024, 12:54:33 PM",Interest PAID EUR Class R IE000AZVL3K0,0.7864,,
"Feb 5, 2024, 1:13:15 PM",Service Fee Charged EUR Class IE000AZVL3K0,-0.1666,,
"Feb 5, 2024, 1:13:15 PM",Interest PAID EUR Class R IE000AZVL3K0,0.7366,,
"Feb 5, 2024, 12:26:48 PM",BUY EUR Class R IE000AZVL3K0,400,1.00,400
"Feb 4, 2024, 1:02:54 PM",Service Fee Charged EUR Class IE000AZVL3K0,-0.1666,,
"Feb 4, 2024, 1:02:54 PM",Interest PAID EUR Class R IE000AZVL3K0,0.7466,,
"Feb 3, 2024, 12:56:38 PM",Service Fee Charged EUR Class IE000AZVL3K0,-0.1666,,
"Feb 3, 2024, 12:56:38 PM",Interest PAID EUR Class R IE000AZVL3K0,0.7366,,
"Feb 2, 2024, 1:46:31 PM",BUY EUR Class R IE000AZVL3K0,9.93,1.00,9.93
"Feb 2, 2024, 9:59:57 AM",Service Fee Charged EUR Class IE000AZVL3K0,-0.1663,,
"Feb 2, 2024, 9:59:57 AM",Interest PAID EUR Class R IE000AZVL3K0,0.7463,,
"Feb 2, 2024, 12:20:37 AM",Interest Reinvested Class R EUR IE000AZVL3K0,-9.93,,
"Feb 1, 2024, 9:10:55 AM",Service Fee Charged EUR Class IE000AZVL3K0,-0.1663,,
"Feb 1, 2024, 9:10:55 AM",Interest PAID EUR Class R IE000AZVL3K0,0.7463,,
"Jan 31, 2024, 9:54:23 AM",Service Fee Charged EUR Class IE000AZVL3K0,-0.1663,,
"Jan 31, 2024, 9:54:23 AM",Interest PAID EUR Class R IE000AZVL3K0,0.7363,,
"Jan 30, 2024, 1:15:08 PM",Service Fee Charged EUR Class IE000AZVL3K0,-0.1663,,
"Jan 30, 2024, 1:15:08 PM",Interest PAID EUR Class R IE000AZVL3K0,0.7463,,
"Jan 29, 2024, 12:53:57 PM",Service Fee Charged EUR Class IE000AZVL3K0,-0.1663,,
"Jan 29, 2024, 12:53:57 PM",Interest PAID EUR Class R IE000AZVL3K0,0.7463,,
"Jan 28, 2024, 12:46:03 PM",Service Fee Charged EUR Class IE000AZVL3K0,-0.1663,,
"Jan 28, 2024, 12:46:03 PM",Interest PAID EUR Class R IE000AZVL3K0,0.7363,,
"Jan 27, 2024, 11:51:52 AM",Service Fee Charged EUR Class IE000AZVL3K0,-0.1663,,
"Jan 27, 2024, 11:51:52 AM",Interest PAID EUR Class R IE000AZVL3K0,0.7463,,
"Jan 26, 2024, 1:42:13 PM",Service Fee Charged EUR Class IE000AZVL3K0,-0.1663,,
"Jan 26, 2024, 1:42:13 PM",Interest PAID EUR Class R IE000AZVL3K0,0.7463,,
"Jan 25, 2024, 9:24:49 AM",Service Fee Charged EUR Class IE000AZVL3K0,-0.1663,,
"Jan 25, 2024, 9:24:49 AM",Interest PAID EUR Class R IE000AZVL3K0,0.7363,,
"Jan 24, 2024, 12:45:28 PM",Service Fee Charged EUR Class IE000AZVL3K0,-0.1552,,
"Jan 24, 2024, 12:45:28 PM",Interest PAID EUR Class R IE000AZVL3K0,0.6952,,
"Jan 24, 2024, 12:27:54 PM",BUY EUR Class R IE000AZVL3K0,450,1.00,450
"Jan 23, 2024, 12:25:49 PM",Service Fee Charged EUR Class IE000AZVL3K0,-0.1552,,
"Jan 23, 2024, 12:25:49 PM",Interest PAID EUR Class R IE000AZVL3K0,0.6952,,
"Jan 22, 2024, 11:55:44 AM",Service Fee Charged EUR Class IE000AZVL3K0,-0.1552,,
"Jan 22, 2024, 11:55:44 AM",Interest PAID EUR Class R IE000AZVL3K0,0.6952,,
"Jan 21, 2024, 11:48:47 AM",Service Fee Charged EUR Class IE000AZVL3K0,-0.1552,,
"Jan 21, 2024, 11:48:47 AM",Interest PAID EUR Class R IE000AZVL3K0,0.6952,,
"Jan 20, 2024, 9:47:10 AM",Service Fee Charged EUR Class IE000AZVL3K0,-0.1552,,
"Jan 20, 2024, 9:47:10 AM",Interest PAID EUR Class R IE000AZVL3K0,0.6952,,
"Jan 19, 2024, 10:54:14 PM",Service Fee Charged EUR Class IE000AZVL3K0,-0.1233,,
"Jan 19, 2024, 10:54:14 PM",Interest PAID EUR Class R IE000AZVL3K0,0.5433,,
"Jan 19, 2024, 12:29:08 PM",BUY EUR Class R IE000AZVL3K0,"1,300",1.00,"1,300"
"Jan 18, 2024, 3:44:31 PM",Service Fee Charged EUR Class IE000AZVL3K0,-0.1233,,
"Jan 18, 2024, 3:44:31 PM",Interest PAID EUR Class R IE000AZVL3K0,0.5533,,
"Jan 17, 2024, 4:10:48 PM",Interest PAID EUR Class R IE000AZVL3K0,0.43,,
"Jan 16, 2024, 7:59:08 PM",Interest PAID EUR Class R IE000AZVL3K0,0.43,,
"Jan 15, 2024, 2:21:41 PM",Interest PAID EUR Class R IE000AZVL3K0,0.07,,
"Jan 15, 2024, 12:54:52 PM",BUY EUR Class R IE000AZVL3K0,"4,250",1.00,"4,250"
"Jan 14, 2024, 10:28:40 AM",Interest PAID EUR Class R IE000AZVL3K0,0.06,,
"Jan 13, 2024, 4:38:19 PM",Interest PAID EUR Class R IE000AZVL3K0,0.07,,
"Jan 12, 2024, 7:04:02 PM",Interest PAID EUR Class R IE000AZVL3K0,0.06,,
"Jan 11, 2024, 9:47:09 PM",Service Fee Charged EUR Class IE000AZVL3K0,-0.0188,,
"Jan 11, 2024, 9:47:09 PM",Interest PAID EUR Class R IE000AZVL3K0,0.0888,,
"Jan 10, 2024, 11:10:15 PM",Service Fee Charged EUR Class IE000AZVL3K0,-0.0188,,
"Jan 10, 2024, 11:10:15 PM",Interest PAID EUR Class R IE000AZVL3K0,0.0788,,
"Jan 9, 2024, 7:59:39 PM",Service Fee Charged EUR Class IE000AZVL3K0,-0.0188,,
"Jan 9, 2024, 7:59:39 PM",Interest PAID EUR Class R IE000AZVL3K0,0.0888,,
"Jan 8, 2024, 10:35:46 AM",Service Fee Charged EUR Class IE000AZVL3K0,-0.0188,,
"Jan 8, 2024, 10:35:46 AM",Interest PAID EUR Class R IE000AZVL3K0,0.0788,,
"Jan 7, 2024, 2:19:56 PM",Service Fee Charged EUR Class IE000AZVL3K0,-0.0188,,
"Jan 7, 2024, 2:19:56 PM",Interest PAID EUR Class R IE000AZVL3K0,0.0888,,
"Jan 6, 2024, 4:48:44 PM",Service Fee Charged EUR Class IE000AZVL3K0,-0.0188,,
"Jan 6, 2024, 4:48:44 PM",Interest PAID EUR Class R IE000AZVL3K0,0.0788,,
"Jan 5, 2024, 10:33:29 AM",Service Fee Charged EUR Class IE000AZVL3K0,-0.0188,,
"Jan 5, 2024, 10:33:29 AM",Interest PAID EUR Class R IE000AZVL3K0,0.0788,,
"Jan 4, 2024, 1:02:45 PM",Service Fee Charged EUR Class IE000AZVL3K0,-0.0188,,
"Jan 4, 2024, 1:02:45 PM",Interest PAID EUR Class R IE000AZVL3K0,0.0888,,
"Jan 3, 2024, 12:09:15 PM",Service Fee Charged EUR Class IE000AZVL3K0,-0.0188,,
"Jan 3, 2024, 12:09:15 PM",Interest PAID EUR Class R IE000AZVL3K0,0.0788,,
"Jan 2, 2024, 3:56:30 PM",BUY EUR Class R IE000AZVL3K0,2,1.00,2
"Jan 2, 2024, 2:43:04 PM",Service Fee Charged EUR Class IE000AZVL3K0,-0.0187,,
"Jan 2, 2024, 2:43:04 PM",Interest PAID EUR Class R IE000AZVL3K0,0.0887,,
"Jan 2, 2024, 6:52:16 AM",Interest Reinvested Class R EUR IE000AZVL3K0,-2,,
"Jan 1, 2024, 2:32:37 PM",Service Fee Charged EUR Class IE000AZVL3K0,-0.0188,,
"Jan 1, 2024, 2:32:37 PM",Interest PAID EUR Class R IE000AZVL3K0,0.0788,,
"Dec 31, 2023, 5:56:04 PM",Service Fee Charged EUR Class IE000AZVL3K0,-0.0188,,
"Dec 31, 2023, 5:56:04 PM",Interest PAID EUR Class R IE000AZVL3K0,0.0888,,
"Dec 30, 2023, 9:40:02 AM",Service Fee Charged EUR Class IE000AZVL3K0,-0.0188,,
"Dec 30, 2023, 9:40:02 AM",Interest PAID EUR Class R IE000AZVL3K0,0.0788,,
"Dec 29, 2023, 11:22:06 AM",Service Fee Charged EUR Class IE000AZVL3K0,-0.0188,,
"Dec 29, 2023, 11:22:06 AM",Interest PAID EUR Class R IE000AZVL3K0,0.0788,,
"Dec 28, 2023, 9:31:01 AM",Service Fee Charged EUR Class IE000AZVL3K0,-0.0188,,
"Dec 28, 2023, 9:31:01 AM",Interest PAID EUR Class R IE000AZVL3K0,0.0888,,
"Dec 27, 2023, 9:35:06 AM",Service Fee Charged EUR Class IE000AZVL3K0,-0.0188,,
"Dec 27, 2023, 9:35:06 AM",Interest PAID EUR Class R IE000AZVL3K0,0.0788,,
"Dec 26, 2023, 1:20:00 PM",Service Fee Charged EUR Class IE000AZVL3K0,-0.0188,,
"Dec 26, 2023, 1:20:00 PM",Interest PAID EUR Class R IE000AZVL3K0,0.0888,,
"Dec 25, 2023, 6:46:38 PM",Service Fee Charged EUR Class IE000AZVL3K0,-0.0188,,
"Dec 25, 2023, 6:46:38 PM",Interest PAID EUR Class R IE000AZVL3K0,0.0788,,
"Dec 24, 2023, 1:28:15 PM",Service Fee Charged EUR Class IE000AZVL3K0,-0.0188,,
"Dec 24, 2023, 1:28:15 PM",Interest PAID EUR Class R IE000AZVL3K0,0.0888,,
"Dec 23, 2023, 10:30:56 AM",Service Fee Charged EUR Class IE000AZVL3K0,-0.0188,,
"Dec 23, 2023, 10:30:56 AM",Interest PAID EUR Class R IE000AZVL3K0,0.0788,,
"Dec 22, 2023, 6:44:13 PM",Service Fee Charged EUR Class IE000AZVL3K0,-0.0188,,
"Dec 22, 2023, 6:44:13 PM",Interest PAID EUR Class R IE000AZVL3K0,0.0888,,
"Dec 21, 2023, 2:24:40 PM",Service Fee Charged EUR Class IE000AZVL3K0,-0.0188,,
"Dec 21, 2023, 2:24:40 PM",Interest PAID EUR Class R IE000AZVL3K0,0.0788,,
"Dec 20, 2023, 9:15:34 AM",Service Fee Charged EUR Class IE000AZVL3K0,-0.0188,,
"Dec 20, 2023, 9:15:34 AM",Interest PAID EUR Class R IE000AZVL3K0,0.0888,,
"Dec 19, 2023, 11:36:59 AM",Service Fee Charged EUR Class IE000AZVL3K0,-0.0188,,
"Dec 19, 2023, 11:36:59 AM",Interest PAID EUR Class R IE000AZVL3K0,0.0788,,
"Dec 18, 2023, 4:17:07 PM",Service Fee Charged EUR Class IE000AZVL3K0,-0.0188,,
"Dec 18, 2023, 4:17:07 PM",Interest PAID EUR Class R IE000AZVL3K0,0.0888,,
"Dec 17, 2023, 3:37:01 PM",Service Fee Charged EUR Class IE000AZVL3K0,-0.0188,,
"Dec 17, 2023, 3:37:01 PM",Interest PAID EUR Class R IE000AZVL3K0,0.0788,,
"Dec 16, 2023, 11:08:24 AM",Service Fee Charged EUR Class IE000AZVL3K0,-0.0188,,
"Dec 16, 2023, 11:08:24 AM",Interest PAID EUR Class R IE000AZVL3K0,0.0888,,
"Dec 15, 2023, 9:42:57 AM",Service Fee Charged EUR Class IE000AZVL3K0,-0.0188,,
"Dec 15, 2023, 9:42:57 AM",Interest PAID EUR Class R IE000AZVL3K0,0.0788,,
"Dec 14, 2023, 5:22:29 PM",Service Fee Charged EUR Class IE000AZVL3K0,-0.0188,,
"Dec 14, 2023, 5:22:29 PM",Interest PAID EUR Class R IE000AZVL3K0,0.0888,,
"Dec 13, 2023, 12:28:34 PM",Service Fee Charged EUR Class IE000AZVL3K0,-0.0188,,
"Dec 13, 2023, 12:28:34 PM",Interest PAID EUR Class R IE000AZVL3K0,0.0788,,
"Dec 12, 2023, 1:58:47 PM",Service Fee Charged EUR Class IE000AZVL3K0,-0.0188,,
"Dec 12, 2023, 1:58:47 PM",Interest PAID EUR Class R IE000AZVL3K0,0.0888,,
"Dec 11, 2023, 10:08:39 AM",Service Fee Charged EUR Class IE000AZVL3K0,-0.0188,,
"Dec 11, 2023, 10:08:39 AM",Interest PAID EUR Class R IE000AZVL3K0,0.0788,,
"Dec 10, 2023, 2:07:20 PM",Service Fee Charged EUR Class IE000AZVL3K0,-0.0188,,
"Dec 10, 2023, 2:07:20 PM",Interest PAID EUR Class R IE000AZVL3K0,0.0788,,
"Dec 9, 2023, 4:56:27 PM",Service Fee Charged EUR Class IE000AZVL3K0,-0.0188,,
"Dec 9, 2023, 4:56:27 PM",Interest PAID EUR Class R IE000AZVL3K0,0.0888,,
"Dec 8, 2023, 10:47:45 AM",Service Fee Charged EUR Class IE000AZVL3K0,-0.0188,,
"Dec 8, 2023, 10:47:45 AM",Interest PAID EUR Class R IE000AZVL3K0,0.0788,,
"Dec 7, 2023, 12:00:25 PM",Service Fee Charged EUR Class IE000AZVL3K0,-0.0188,,
"Dec 7, 2023, 12:00:25 PM",Interest PAID EUR Class R IE000AZVL3K0,0.0888,,
"Dec 6, 2023, 1:05:45 PM",Service Fee Charged EUR Class IE000AZVL3K0,-0.0188,,
"Dec 6, 2023, 1:05:45 PM",Interest PAID EUR Class R IE000AZVL3K0,0.0788,,
"Dec 5, 2023, 11:18:52 AM",Service Fee Charged EUR Class IE000AZVL3K0,-0.0188,,
"Dec 5, 2023, 11:18:52 AM",Interest PAID EUR Class R IE000AZVL3K0,0.0888,,
"Dec 4, 2023, 6:23:35 PM",BUY EUR Class R IE000AZVL3K0,1.92,1.00,1.92
"Dec 4, 2023, 10:52:26 AM",Service Fee Charged EUR Class IE000AZVL3K0,-0.0187,,
"Dec 4, 2023, 10:52:26 AM",Interest PAID EUR Class R IE000AZVL3K0,0.0787,,
"Dec 3, 2023, 11:52:23 PM",Interest Reinvested Class R EUR IE000AZVL3K0,-1.92,,
"Dec 3, 2023, 4:41:05 PM",Service Fee Charged EUR Class IE000AZVL3K0,-0.0187,,
"Dec 3, 2023, 4:41:05 PM",Interest PAID EUR Class R IE000AZVL3K0,0.0887,,
"Dec 2, 2023, 2:08:43 PM",Service Fee Charged EUR Class IE000AZVL3K0,-0.0187,,
"Dec 2, 2023, 2:08:43 PM",Interest PAID EUR Class R IE000AZVL3K0,0.0787,,
"Dec 1, 2023, 4:52:39 PM",Service Fee Charged EUR Class IE000AZVL3K0,-0.0187,,
"Dec 1, 2023, 4:52:39 PM",Interest PAID EUR Class R IE000AZVL3K0,0.0887,,
"Nov 30, 2023, 3:26:56 PM",Service Fee Charged EUR Class IE000AZVL3K0,-0.0187,,
"Nov 30, 2023, 3:26:56 PM",Interest PAID EUR Class R IE000AZVL3K0,0.0787,,
"Nov 29, 2023, 3:27:53 PM",Service Fee Charged EUR Class IE000AZVL3K0,-0.0187,,
"Nov 29, 2023, 3:27:53 PM",Interest PAID EUR Class R IE000AZVL3K0,0.0787,,
"Nov 28, 2023, 9:46:41 AM",Service Fee Charged EUR Class IE000AZVL3K0,-0.0187,,
"Nov 28, 2023, 9:46:41 AM",Interest PAID EUR Class R IE000AZVL3K0,0.0887,,
"Nov 27, 2023, 4:08:43 PM",Service Fee Charged EUR Class IE000AZVL3K0,-0.0187,,
"Nov 27, 2023, 4:08:43 PM",Interest PAID EUR Class R IE000AZVL3K0,0.0787,,
"Nov 26, 2023, 1:09:43 PM",Service Fee Charged EUR Class IE000AZVL3K0,-0.0187,,
"Nov 26, 2023, 1:09:43 PM",Interest PAID EUR Class R IE000AZVL3K0,0.0887,,
"Nov 25, 2023, 9:33:05 AM",Service Fee Charged EUR Class IE000AZVL3K0,-0.0187,,
"Nov 25, 2023, 9:33:05 AM",Interest PAID EUR Class R IE000AZVL3K0,0.0787,,
"Nov 24, 2023, 4:17:14 PM",Service Fee Charged EUR Class IE000AZVL3K0,-0.0187,,
"Nov 24, 2023, 4:17:14 PM",Interest PAID EUR Class R IE000AZVL3K0,0.0887,,
"Nov 23, 2023, 11:20:55 AM",Service Fee Charged EUR Class IE000AZVL3K0,-0.0187,,
"Nov 23, 2023, 11:20:55 AM",Interest PAID EUR Class R IE000AZVL3K0,0.0787,,
"Nov 22, 2023, 10:50:08 AM",Service Fee Charged EUR Class IE000AZVL3K0,-0.0187,,
"Nov 22, 2023, 10:50:08 AM",Interest PAID EUR Class R IE000AZVL3K0,0.0787,,
"Nov 21, 2023, 1:25:35 PM",Service Fee Charged EUR Class IE000AZVL3K0,-0.0187,,
"Nov 21, 2023, 1:25:35 PM",Interest PAID EUR Class R IE000AZVL3K0,0.0887,,
"Nov 20, 2023, 11:22:27 AM",Service Fee Charged EUR Class IE000AZVL3K0,-0.0187,,
"Nov 20, 2023, 11:22:27 AM",Interest PAID EUR Class R IE000AZVL3K0,0.0787,,
"Nov 19, 2023, 3:23:17 PM",Service Fee Charged EUR Class IE000AZVL3K0,-0.0187,,
"Nov 19, 2023, 3:23:17 PM",Interest PAID EUR Class R IE000AZVL3K0,0.0887,,
"Nov 18, 2023, 4:31:44 PM",Service Fee Charged EUR Class IE000AZVL3K0,-0.0187,,
"Nov 18, 2023, 4:31:44 PM",Interest PAID EUR Class R IE000AZVL3K0,0.0787,,
"Nov 17, 2023, 3:21:01 PM",Service Fee Charged EUR Class IE000AZVL3K0,-0.0187,,
"Nov 17, 2023, 3:21:01 PM",Interest PAID EUR Class R IE000AZVL3K0,0.0787,,
"Nov 16, 2023, 10:13:53 AM",Service Fee Charged EUR Class IE000AZVL3K0,-0.0187,,
"Nov 16, 2023, 10:13:53 AM",Interest PAID EUR Class R IE000AZVL3K0,0.0887,,
"Nov 15, 2023, 2:44:18 PM",Service Fee Charged EUR Class IE000AZVL3K0,-0.0187,,
"Nov 15, 2023, 2:44:18 PM",Interest PAID EUR Class R IE000AZVL3K0,0.0787,,
"Nov 14, 2023, 3:09:28 PM",Service Fee Charged EUR Class IE000AZVL3K0,-0.0187,,
"Nov 14, 2023, 3:09:28 PM",Interest PAID EUR Class R IE000AZVL3K0,0.0887,,
"Nov 13, 2023, 1:27:32 PM",Service Fee Charged EUR Class IE000AZVL3K0,-0.0187,,
"Nov 13, 2023, 1:27:32 PM",Interest PAID EUR Class R IE000AZVL3K0,0.0787,,
"Nov 12, 2023, 9:54:57 AM",Service Fee Charged EUR Class IE000AZVL3K0,-0.0187,,
"Nov 12, 2023, 9:54:57 AM",Interest PAID EUR Class R IE000AZVL3K0,0.0787,,
"Nov 11, 2023, 10:55:21 AM",Service Fee Charged EUR Class IE000AZVL3K0,-0.0187,,
"Nov 11, 2023, 10:55:21 AM",Interest PAID EUR Class R IE000AZVL3K0,0.0887,,
"Nov 10, 2023, 2:21:48 PM",Service Fee Charged EUR Class IE000AZVL3K0,-0.0187,,
"Nov 10, 2023, 2:21:48 PM",Interest PAID EUR Class R IE000AZVL3K0,0.0787,,
"Nov 9, 2023, 9:13:07 AM",Service Fee Charged EUR Class IE000AZVL3K0,-0.0187,,
"Nov 9, 2023, 9:13:07 AM",Interest PAID EUR Class R IE000AZVL3K0,0.0887,,
"Nov 8, 2023, 12:34:39 PM",Service Fee Charged EUR Class IE000AZVL3K0,-0.0187,,
"Nov 8, 2023, 12:34:39 PM",Interest PAID EUR Class R IE000AZVL3K0,0.0787,,
"Nov 7, 2023, 1:01:31 PM",Service Fee Charged EUR Class IE000AZVL3K0,-0.0187,,
"Nov 7, 2023, 1:01:31 PM",Interest PAID EUR Class R IE000AZVL3K0,0.0887,,
"Nov 6, 2023, 2:02:27 PM",Service Fee Charged EUR Class IE000AZVL3K0,-0.0187,,
"Nov 6, 2023, 2:02:27 PM",Interest PAID EUR Class R IE000AZVL3K0,0.0787,,
"Nov 5, 2023, 11:08:28 AM",Service Fee Charged EUR Class IE000AZVL3K0,-0.0187,,
"Nov 5, 2023, 11:08:28 AM",Interest PAID EUR Class R IE000AZVL3K0,0.0787,,
"Nov 4, 2023, 2:51:05 PM",Service Fee Charged EUR Class IE000AZVL3K0,-0.0187,,
"Nov 4, 2023, 2:51:05 PM",Interest PAID EUR Class R IE000AZVL3K0,0.0887,,
"Nov 3, 2023, 11:41:43 AM",Service Fee Charged EUR Class IE000AZVL3K0,-0.0187,,
"Nov 3, 2023, 11:41:43 AM",Interest PAID EUR Class R IE000AZVL3K0,0.0787,,
"Nov 2, 2023, 9:29:41 AM",Service Fee Charged EUR Class IE000AZVL3K0,-0.0187,,
"Nov 2, 2023, 9:29:41 AM",Interest PAID EUR Class R IE000AZVL3K0,0.0787,,
"Nov 1, 2023, 12:44:43 PM",BUY EUR Class R IE000AZVL3K0,759.49,1.00,759.49
